smiles,name,knn_pubchem_pred
[nH]1c(=O)cc(C)c(c12)cccc2,AC12157,1
c1cncn1-c2ccc(O)cc2,AC17979,1
n1c(C)cc(C)c(c12)c(=O)[nH]cn2,AC27191,1
Nc1nc(N)nc(c12)ncc(n2)CO,AC29806,1
c1cccc(c2C(=O)[O-])c1nc(c23)cccc3,AC40022,1
c1cccc(c2C(=O)[O-])c1nc(c23)CCCC3,AC42043,1
n1ccc(C(F)(F)F)nc1SCC(=O)c2cnccc2,AW00230,1
O=C(N)c1c(=O)[n-]c(C(F)(F)F)cc1,AW00682,1
n1ccc(C(F)(F)F)nc1NCC[NH2+]C[C@H](O)c2ccccc2,AW00690,1
n1ccc(C(F)(F)F)nc1NCC[NH2+][C@@H]2[C@H](O)CCCC2,AW00719,1
c1cc(C(F)(F)F)nc(C)c1C(=O)N2CCSCC2,AW00749,1
n1ccc(C(F)(F)F)nc1N2CCC(CC2)NC(=O)c3c(C(=O)[O-])cccc3,AW00987,1
n1ccc(C(F)(F)F)nc1N2CCC(CC2)NC(=O)c3sccc3,AW01007,1
c1cccc(c12)C(=O)N(C2=O)CCCN(CC3)CCN3c4nc(C(F)(F)F)ccn4,AW01204,1
[O-][N+](=O)c1oc(cc1)C(=O)NCc2cnccc2,BR00067,1
n1cccnc1NC(=S)[N-]C(=O)c2ccc(cc2)CCCCCCC,BR00115,1
c1ccc(C)nc1N/C(SC)=N/C(=O)c2ccc(cc2)CCCCCCC,BR00127,1
NNC(=O)c1cc(C)nc(c12)ccc(Br)c2,BTB00115,1
c1ccoc1C(SC2)SCc(c23)cc(C)c(c3)C,BTB00421,1
c1cccc(Cl)c1-c(noc2C)c2C(=O)N(C3)CCc(c34)cccc4,BTB00512,1
c1cccc(Cl)c1-c(noc2C)c2C(=O)Nc3c(NC(=O)C)ccc(c3)OC,BTB00533,1
c1cccc(Cl)c1-c(noc2C)c2C(=O)N3[C@@H](C)CC(=O)Nc(c34)cccc4,BTB00660,1
Clc1cccc(Cl)c1-c(noc2C)c2C(=O)N3CCCc(c34)cc(cc4)OC,BTB00794,1
Clc1cccc(Cl)c1-c(noc2C)c2C(=O)N3CCCc(c34)cccc4,BTB00796,1
Clc1cccc(Cl)c1-c(noc2C)c2C(=O)N3CCCc(c34)cc(C)cc4,BTB00797,1
CCOC(=O)c(c(on1)C)c1-c2c(Cl)cccc2Cl,BTB00888,1
Clc1cccc(Cl)c1-c2c(c(on2)C)C(=O)NNC(=O)c(c(on3)C)c3-c4c(Cl)cccc4Cl,BTB00902,1
c1cccc(c12)nc(oc2=O)-c3c([N+]([O-])=O)ccc(c3)C,BTB00923,1
O=c1cc(C)[nH]c(c12)cccc2,BTB01126,1
c1ccccc1-c(noc2C)c2C(=O)N(CC)Cc3ccc(cc3)CN(CC)C(=O)c4c(noc4C)-c5ccccc5,BTB01134,1
c1c(F)ccc(c12)[nH]c(C)cc2=O,BTB01148,1
Clc1ccc(C)c(c12)[nH]c(C)cc2=O,BTB01151,1
c1c(Cl)ccc(c12)[nH]c(C)cc2=O,BTB01152,1
c1ccccc1-c(noc2C)c2C(=O)N(C(C)C)Cc(cc3)ccc3N(C)C,BTB01315,1
Clc1cccc(Cl)c1-c(noc2C)c2C(=O)N(C(C)C)Cc(cc3)ccc3N(C)C,BTB01317,1
c1cccc(Cl)c1-c(noc2C)c2C(=O)N(C(C)C)Cc(cc3)ccc3N(C)C,BTB01319,1
Clc1cccc(Cl)c1-c2c(c(on2)C)C(=O)Nc(cc3)ccc3N4CCOCC4,BTB01388,1
c1cccc(Cl)c1-c(noc2C)c2C(=O)Nc3c(C)cc(cc3)NC(=O)C,BTB01411,1
Clc1cccc(Cl)c1-c2c(c(on2)C)C(=O)Nc3c(C)cc(cc3)NC(=O)C,BTB01412,1
Clc1cccc(Cl)c1-c2c(c(on2)C)C(=O)Nc(cc3[N+]([O-])=O)ccc3C,BTB01419,1
c1cccc(Cl)c1-c(noc2C)c2C(=O)Nc3cc(NC(=O)C)ccc3C,BTB01571,1
c1cccc(Cl)c1-c(noc2C)c2C(=O)Nc3c(cccc3)C[C@@H]4[N@@H+](C)CCc(c45)cccc5,BTB01767,1
[O-][N+](=O)c(c1)ccc(c12)N[C@H](NC2=O)c3ncccc3,BTB01836,1
c1cccc(Cl)c1C(=O)NCCc(c2)ccc(OC)c2OC,BTB01869,1
Clc1cccc(Cl)c1C(=O)NCCc(c2)ccc(OC)c2OC,BTB01876,1
c1cccc(Cl)c1-c(noc2C)c2C(=O)Nc(c3)ccc(c34)OCOC4,BTB01952,1
CCOC(=O)c(c1=O)c[nH]c(c12)c(C)cc(Cl)c2,BTB02004,1
c1c(Br)ccc(c12)nc(C)oc2=O,BTB02093,1
c1cccc(Cl)c1-c2c(c(on2)C)C(=O)SCC(=O)Nc(c3)cc(C(F)(F)F)cc3C(F)(F)F,BTB02220,1
c1ccccc1-c2c(C(=O)C)c(=O)[nH]c(c23)ccc(Cl)c3,BTB02345,1
c1c(Br)cc(Br)c(c12)nc(C)oc2=O,BTB02532,1
c1cccc(Cl)c1-c(noc2C)c2C(=O)Nc3cccc(c34)cccn4,BTB02677,1
c1c(C)ccc(c12)nc(oc2=O)-c3c(F)cccc3Cl,BTB02712,1
Clc1cccc(Cl)c1-c2c(c(on2)C)C(=O)Nc3cc(C#N)ccc3,BTB02756,1
c1cccc(c12)c(=O)[nH]nc2-c3cc(N)c(cc3)N(C)C,BTB02780,1
c1c(Cl)cc(C)c(c12)ncc(C(=O)[O-])c2O,BTB02846,1
c1ccnc(c12)oc3c(c2=O)cccc3,BTB03140,1
COc1[n-]c(=O)c(C#N)c(c1C#N)-c2ccc(Cl)cc2,BTB03160,1
Clc1cccc(Cl)c1-c(noc2C)c2C(=O)N3CCN(CC3)c(c4[N+]([O-])=O)ccc(C(F)(F)F)c4,BTB03392,1
c1cccc(Cl)c1-c(noc2C)c2NC(=O)N3[C@@H](C)CCc(c34)cc(F)cc4,BTB03394,1
c1cccc(Cl)c1-c2c(c(on2)C)NC(=O)NCc3sccc3,BTB03403,1
c1cccc(Cl)c1-c2c(c(on2)C)NC(=O)NCCc3ccncc3,BTB03426,1
c1cccc(Cl)c1-c2c(c(on2)C)C(=O)NCCc3ccncc3,BTB03471,1
Clc1cccc(Cl)c1-c2c(c(on2)C)C(=O)NCCS(=O)(=O)c3ccccc3,BTB03496,1
Clc1cccc(Cl)c1-c2c(c(on2)C)C(=O)NCCS(=O)(=O)c3ccc(Cl)cc3,BTB03497,1
Clc1cccc(Cl)c1-c2c(c(on2)C)C(=O)NCCS(=O)(=O)c3ccc(C)cc3,BTB03498,1
NNC(=O)CNC(=O)c(c(on1)C)c1-c2c(Cl)cccc2Cl,BTB03504,1
Clc1cccc(Cl)c1-c2c(c(on2)C)C(=O)NCCSC3=[NH+]CCN3,BTB03514,1
C1CN=C(SC)N1C(=O)c2c(noc2C)-c3c(F)cccc3Cl,BTB03622,1
C1CN=C(SC)N1C(=O)c2c(noc2C)-c3ccccc3,BTB03623,1
C1CN=C(SC)N1C(=O)c2c(noc2C)-c3c(Cl)cccc3,BTB03624,1
C1CCN=C(SC)N1C(=O)c2c(noc2C)-c3c(Cl)cccc3F,BTB03626,1
c1ccccc1-c(noc2C)c2C(=O)N3C(SC)=NCCC3,BTB03627,1
c1cccc(Cl)c1-c(noc2C)c2C(=O)N3C(SC)=NCCC3,BTB03628,1
C1CC[NH+]=C(C)N1C(=O)c2c(noc2C)-c3c(Cl)cccc3Cl,BTB03629,1
Clc1cccc(Cl)c1-c2c(c(on2)C)C(=O)Nc(cc3)c(Cl)cc3[N+]([O-])=O,BTB03658,1
Clc1cccc(Cl)c1-c2c(c(on2)C)C(=O)Nc3c(NC(=O)C)cc(Cl)c(F)c3,BTB03678,1
c1ccccc1[C@H](C2CCCC2)c(oc3=O)nc(c34)cccc4F,BTB03731,1
Fc1cccc(c12)nc(oc2=O)-c3c(noc3C)-c4c(Cl)cccc4Cl,BTB03733,1
c1ccc(C(F)(F)F)cc1-c(oc2=O)nc(c23)cccc3F,BTB03734,1
Clc1cccc(Cl)c1-c2c(c(on2)C)C(=O)Nc(cccc3F)c3C(=O)Nc4ccc(F)cc4,BTB03742,1
c1c(F)cc(F)c(c12)ncc(C(=O)OCC)c2N3CCOCC3,BTB03780,1
C1[C@H](C)O[C@@H](C)CN1c2c(C(=O)OCC)cnc(c23)cc(Cl)c(F)c3,BTB03788,1
c1c(F)c(Cl)cc(c12)ncc(C(=O)OCC)c2N3CCOCC3,BTB03789,1
Clc1cccc(Cl)c1-c2c(c(on2)C)C(=O)Nc(cc3)cnc3Oc(cc(c4Cl)C)cc4C,BTB03890,1
Clc1cccc(Cl)c1-c2c(c(on2)C)C(=O)Nc(cc3)cnc3Oc(cc4)ccc4C(C)(C)C,BTB03891,1
Clc1cccc(Cl)c1-c2c(c(on2)C)C(=O)Nc(cc3)cnc3Oc4c(Cl)cccc4Cl,BTB03892,1
Clc1cccc(Cl)c1-c2c(c(on2)C)C(=O)NNC(=O)NC(C)(C)C,BTB03895,1
[O-][N+](=O)c1ccc(cc1)C(=O)Nc2nc(ccc2)NC=C(C#N)C#N,BTB04092,1
c1cccc(Cl)c1C(=O)NC(=O)Oc(c2C(C)(C)C)ccc(c2)C(C)(C)C,BTB04120,1
Clc1cccc(F)c1C(=O)NC(=O)Oc(c2C(C)(C)C)ccc(c2)C(C)(C)C,BTB04121,1
Clc1cccc(F)c1-c2c(c(on2)C)C(=O)NCC(=O)c3ccc(Br)cc3,BTB04143,1
CC(C)(C)c(c1)cc(C(C)(C)C)c(c1[N+]([O-])=O)OC(=O)c2c(nccc2)Oc3ccccc3,BTB04322,1
c1cc(Cl)cc(Cl)c1C(=O)N([C@H]2C)CCc(c23)cc(OC)c(c3)OC,BTB04343,1
c1ccc(C)cc1-c(oc2=O)nc(c23)cccc3F,BTB04365,1
c1cc(Cl)cc(Cl)c1-c(oc2=O)nc(c23)cccc3F,BTB04366,1
c1cc(F)c(Cl)cc1-c(oc2=O)nc(c23)cccc3F,BTB04375,1
Clc1cccc(F)c1-c(oc2=O)nc(c23)cccc3F,BTB04377,1
c1c(C)cc(Br)c(c12)nc(oc2=O)-c3cc(C(F)(F)F)ccc3,BTB04580,1
c1ccc(C(F)(F)F)cc1-c(oc2=O)nc(c23)cccc3Cl,BTB04581,1
Clc1cccc(Cl)c1-c2c(c(on2)C)C(=O)O\N=C\C(C)=N\Nc3c(Cl)cc(Cl)cc3Cl,BTB04743,1
Clc1cccc(Cl)c1-c2c(c(on2)C)C(=O)Nc(c3[N+]([O-])=O)cc(C)c(c3)C,BTB04832,1
Clc1cccc(Cl)c1C(=O)NC(=O)Oc2c(F)cc(F)cc2,BTB04836,1
Clc1cccc(Cl)c1C(=O)NC(=O)Oc(c2)cc(C(F)(F)F)cc2C(F)(F)F,BTB04838,1
Clc1cccc(Cl)c1C(=O)NC(=O)Oc(cc2)ccc2C(F)(F)F,BTB04846,1
Clc1cccc(Cl)c1C(=O)NC(=O)Oc2c(Cl)cc(F)cc2,BTB04847,1
c1cccc(c12)oc(=O)c(c2)C(=O)NCCc(cc3)ccc3Cl,BTB04897,1
[O-][N+](=O)c(c1)ccc(c12)oc3c(c2=O)cccn3,BTB04948,1
c1cccc(c12)nc(-c3ccccc3)n(c2=O)OC(=O)c(c(on4)C)c4-c5c(Cl)cccc5Cl,BTB05025,1
Clc1cccc(Cl)c1-c2c(c(on2)C)C(=O)Nc(c3C(=O)OC)cc(Cl)cc3,BTB05033,1
Fc1cccc(Cl)c1-c2c(c(on2)C)C(=O)Nc(c3C(=O)OC)cc(Cl)cc3,BTB05039,1
c1ccccc1-c(noc2C)c2C(=O)Nc(c3C(=O)OC)cc(Cl)cc3,BTB05046,1
Clc1cccc(Cl)c1C(=O)NC(=O)Oc2c(C(C)C)cccc2C(C)C,BTB05066,1
c1ccnc(c12)oc3c(c2=O)cc(cc3)NC(=O)c(cc4)ccc4[N+]([O-])=O,BTB05308,1
O=S(=O)(C)Nc(cc1)cc(c2=O)c1oc(c23)nccc3,BTB05324,1
n1cccc(c2=O)c1oc(c23)ccc(c3)-n4cccc4,BTB05341,1
c1ccnc(c12)oc3c(c2=O)cc(cc3)N\C=C(C#N)\C(=O)OCC,BTB05342,1
c1ccnc(c12)oc3c(c2=O)cc(cc3)NC=C(C#N)C#N,BTB05343,1
Clc1cccc(Cl)c1-c2c(c(on2)C)C(=O)Nc(cccc3)c3C(=O)NNc4c(Cl)cc(Cl)cc4Cl,BTB05443,1
c1cccc(c12)oc(=O)c(c2)C(=O)OCCNc(cc3)ncc3[N+]([O-])=O,BTB05500,1
c1ccccc1-c2c(=O)ncn(c2)Cc3ncccc3,BTB05544,1
[O-][N+](=O)c1cnc(cc1)N(CC2)CCN2C(=O)c3cc(C(F)(F)F)ccc3,BTB05950,1
[O-][N+](=O)c1cnc(cc1)N(CC2)CCN2C(=O)c3c(N)cccc3,BTB05997,1
c1c(F)cc(F)c(c12)[nH]c(C)cc2=O,BTB06033,1
c1c(F)cc(F)c(c12)[nH]c(C)c(I)c2=O,BTB06039,1
c1c(F)ccc(c12)[nH]c(C)c(I)c2=O,BTB06058,1
c1c(Cl)ccc(c12)[nH]c(C)c(I)c2=O,BTB06059,1
c1c(C)cc(C)c(c12)[nH]c(C)cc2=O,BTB06136,1
O=c1ccc(C)nn1Cc2ccc(C)cc2,BTB06990,1
Clc1cccc(Cl)c1-c2c(c(on2)C)C(=O)Nc3ccc(F)cc3,BTB07050,1
Clc1cccc(Cl)c1-c2c(c(on2)C)C(=O)Nc(cc3Cl)ccc3F,BTB07051,1
Clc1cccc(Cl)c1-c2c(c(on2)C)C(=O)Nc3cc(Cl)ccc3,BTB07052,1
Clc1cccc(Cl)c1-c2c(c(on2)C)C(=O)Nc(c3[N+]([O-])=O)cccc3,BTB07053,1
Clc1cccc(Cl)c1C(=O)NC(=O)Oc2c(Cl)cccc2Cl,BTB07055,1
c1cc(Cl)ccc1C(=O)NC(=O)Oc2ccccc2,BTB07057,1
c1ccccc1C(=O)NC(=O)Oc2ccc(Cl)cc2,BTB07058,1
Clc1cccc(Cl)c1C(=O)NC(=O)Oc2c(F)cccc2F,BTB07062,1
Fc1cccc(Cl)c1C(=O)NC(=O)Oc2ccc(cc2)CC#N,BTB07089,1
c1cc(C(C)(C)C)ccc1C(=O)Nc(cc2)cnc2Oc3cnccc3,BTB07222,1
O=c1n(C)ncc(c1Cl)N(C)NC(=O)c2ccc(Cl)cc2,BTB07346,1
n1oc(C)c(C(=O)NN)c1-c2c(Cl)cccc2,BTB07542,1
O=C(N)c1c(OC)c(Cl)ccc1OC,BTB07633,1
n1c(C)nc(C)nc1NC(=O)NC(=O)c2c(OC)c(Cl)ccc2OC,BTB07648,1
COc(n1)nc(OC)nc1NC(=O)NC(=O)c2c(OC)c(Cl)ccc2OC,BTB07649,1
O=C(N)c1c(OC)c(Cl)cc(Cl)c1OC,BTB07674,1
c1cccc(c12)c(nn(c2=O)C)-c3cc(C)c(c(c3)C)OC(=O)c(cc4)ccc4C(F)(F)F,BTB08280,1
c1cccc(c12)c(nn(c2=O)C)-c3cc(C)c(c(c3)C)OC(=O)c4ccc(C)cc4,BTB08281,1
c1cccc(c12)c(nn(c2=O)C)-c3cc(C)c(c(c3)C)OC(=O)c(cc4)ccc4[N+]([O-])=O,BTB08282,1
c1cccc(c12)c(nn(c2=O)C)-c3cc(C)c(c(c3)C)OCC(=O)OC,BTB08290,1
c1cccc(c12)c(nn(c2=O)C)-c3cc(C)c(c(c3)C)OC(=O)Nc4ccccc4,BTB08294,1
CSc(n1)nc(n12)nccc2NC(=O)c3cc(C)ccc3,BTB08419,1
Cc1cccc(c12)nc(oc2=O)-c3cc([N+]([O-])=O)ccc3Oc4ccc(cc4)OC,BTB08533,1
c1ccncc1NC(=O)c(cc(c2)C(C)(C)C)cc2C(=O)Nc3cnccc3,BTB08632,1
c1ccncc1OC(=O)c(cc(c2)C(C)(C)C)cc2C(=O)Oc3cnccc3,BTB08637,1
Cc1noc(c12)ncc(c2[O-])C(=O)OCC,BTB08703,1
c1nnc(n12)nc(C)cc2OCC(=O)c(cc3C(F)(F)F)ccc3,BTB08755,1
O=c1n(C)nc(C)c(c12)c(on2)/C=C/c(cc3)ccc3C(F)(F)F,BTB09048,1
N#Cc1c(=O)[nH]c(C)c(c1)C(=O)C,BTB09128,1
c1cc(Cl)cc(Cl)c1C(=O)Nc(cccn2)c2Oc3ccc(C)c(c34)CCC4,BTB09497,1
O=C1CCCc(c12)[nH]c(=O)c(c2)C#N,BTB09549,1
N#Cc1c(=O)n(C)c(C)cc1C,BTB09800,1
c1cccc(N)[n+]1C[C@@H](O)c2ccccc2,BTB10420,1
CSc1noc(c1C#N)-c2ccc(Cl)cc2,BTB10916,1
c1cccc(c12)nc(n2C)N(C3=O)C(=O)c(c4c35)cccc4ccc5,BTB11695,1
c1cccc(c12)nc(n2C)N(C3=O)C(=O)c(c4c35)cccc4c(cc5)N(C)C,BTB11700,1
c1ccccc1-c(nn2)nc([O-])c2CC(=O)c3ccc(C)cc3,BTB11711,1
c1ccccc1-n2c(=O)c(-c3ccccc3)c([O-])c(Cl)c2-c4ccccc4,BTB11805,1
OCCn(c1=O)c(=O)c(c2)c1cc(c23)c(=O)n(c3=O)CCO,BTB12197,1
O=c1n(C)c(N)c(C#N)c(c12)ccc([N+]([O-])=O)c2,BTB12296,1
n1c(C)cc(C)n(c12)ncc2C(=O)OCC,BTB12660,1
n1n(C)cc(c12)c(=O)[n-]nn2,BTB12666,1
Cn1c(=O)n(C)c(=O)c(c12)cc3c(n2)cccc3,BTB12961,1
c1cccc(c2)c1nc(c23)c4c5c(C3=O)cccc5ccc4,BTB12965,1
c1cccc(n2)c1cc(c(=O)n3C)c2c(c34)c(=O)n(-c5ccccc5)c(=O)n4-c6ccccc6,BTB13069,1
Cn1c(=O)n(C)c(=O)c(c12)c3c(cc4c(n3)cccc4)c(=O)n2-c5ccccc5,BTB13070,1
c1c(F)ccc(n2)c1cc(c2c(c34)c(=O)n(C)c(=O)n3C)c(=O)n4-c5ccccc5,BTB13227,1
c1cc(F)cc2c1[nH]c(c23)CCN(C3)C(=O)c4c(Cl)cc(Cl)cc4,BTB13385,1
c1cc(F)cc2c1[nH]c(c23)CCN(C3)C(=O)c4cccc(c45)cccc5,BTB13386,1
c1cc(F)cc2c1[nH]c(c23)CCN(C3)C(=O)c4c(C)nns4,BTB13387,1
c1cccc(c12)cccc2C(=O)N3CCC(CC3)c4c(OC)cccc4,BTB13418,1
c1cc(Cl)ccc1C(=O)N2CCC(CC2)c3c(OC)cccc3,BTB13421,1
Clc1cccc(F)c1-c(noc2C)c2C(=O)N3CCN(CC3)c4ncc(Br)cn4,BTB13720,1
c1ccoc1-c(c2C#N)cc(c(C#N)c2N)-c3ccccc3,BTB13727,1
Fc1cccc(Cl)c1-c(noc2C)c2C(=O)N3CC(C3)Oc4ccc(Cl)cc4,BTB13757,1
O=C1N(C)C(=O)c(c12)ccc(c2)Oc(cc3)ccc3C(C)(C)c4ccc(cc4)Oc(c5)ccc(c56)C(=O)N(C6=O)C,BTB13885,1
n1cnc(N)c(c12)ncn2[C@@H]3O[C@@H]([C@H](C3)OC(=O)C(C)(C)C)COC(=O)C(C)(C)C,BTB14108,1
COc1ccc(OC)c(c12)C(=O)c3c(C2=O)cccc3,BTB14416,1
c1ccc([N+]([O-])=O)cc1C(=O)N2CCN(CC2)c3ncccn3,BTB14504,1
Clc1cccc(F)c1-c(noc2C)c2C(=O)N3CCN(CC3)c4ncccn4,BTB14509,1
Cn1c(=O)n(C)c(=O)c(c12)c(N3CCCCC3)cc(n2)N4CCCCC4,BTB14663,1
Cn1c(=O)n(C)c(=O)c(c12)c3c(c(=O)n2C)cc4c(n3)cc(F)cc4,BTB14665,1
c1ccccc1-c(c2O)c(=O)[nH]c(c23)c(C)cc(Cl)c3,BTB14675,1
Cn1c(=O)n(C)c(=O)c(c12)cc3c(n2)cc(C)c(c3)C,BTB14679,1
c1c(Cl)cc(Cl)c(c12)nc(oc2=O)-c3cc(C(F)(F)F)ccc3,BTB14703,1
c1ccnn1-c2ccc(cc2)CO,CC18409,1
c1cncn1-c2ccc(cc2)CO,CC18509,1
n1cc(CO)c(C)nc1-c2ccccc2,CC20209,1
n1cccc(CO)c1N2CCOCC2,CC24609,1
c1cccn1-c2ccc(cc2)CO,CC25509,1
C#CC(CC)(CC)NC(=O)c1c(noc1C)-c2c(Cl)cccc2,CD00843,1
c1cccc(Cl)c1-c(noc2C)c2C(=O)Nc3c(cccc3)N4CCCCC4,CD01584,1
CN(C)NC(=O)c1c(noc1C)-c2c(Cl)cccc2,CD01647,1
c1cccc(Cl)c1-c(noc2C)c2C(=O)Nc3cnccc3,CD01650,1
n1oc(C)c(C(=O)N)c1-c2c(Cl)cccc2,CD01799,1
n1oc(C)c(C(=O)NN)c1-c2c(Cl)cccc2Cl,CD01867,1
c1cccc(C2=O)c1[C@@H](N23)N(CCC3)C(=O)c4c(noc4C)-c5ccccc5,CD02032,1
Cc1c(C)c(C)c(C)c(C)c1C(=O)c2c(cccc2)C(=O)NCc3cnccc3,CD02101,1
Cc1c(C)c(C)c(C)c(C)c1C(=O)c2c(cccc2)C(=O)NNC(=O)c3cnccc3,CD02123,1
c1cccc(Cl)c1-c2c(c(on2)C)C(=O)O/N=C(C)/c3ccc(F)cc3,CD02151,1
N#CCCN(CCC#N)C(=O)c1c(noc1C)-c2c(Cl)cccc2,CD02234,1
c1cccc(C2=O)c1[C@H](N23)N(CCC3)C(=O)Nc(c(on4)C)c4-c5c(Cl)cccc5Cl,CD02379,1
Clc1cccc(Cl)c1-c2c(c(on2)C)NC(=O)O/N=C(C)/c3ccc(F)cc3,CD02380,1
Clc1cccc(Cl)c1-c2c(c(on2)C)C(=O)ONC(=O)c3ccccc3,CD02492,1
Cc1c(C)c(C)c(C)c(C)c1COc(c2C(=O)C)cccc2,CD02516,1
c1cccc(Cl)c1-c(noc2C)c2C(=O)Nc(cc3C(F)(F)F)cc(c3)OC,CD03033,1
c1cccc(Cl)c1-c2c(c(on2)C)C(=O)O/N=C3/NCCCC3,CD03092,1
c1cccn1-n(c2=O)c(nc(c23)cccc3)C(=O)NCCc(c4)ccc(OC)c4OC,CD03353,1
c1cccn1C(=O)c2c(noc2C)-c3ccccc3,CD03857,1
c1cccc(Cl)c1-c2c(c(on2)C)NC(=O)Nc(c(C)c3[N+]([O-])=O)cc(c34)C(C)(C)CC4(C)C,CD03867,1
c1cc(CO)oc1-c(c2)cc(C(F)(F)F)cc2C(F)(F)F,CD04026,1
FC(F)(F)c1cc(C(F)(F)F)cc(c1)-c2oc(cc2)/C=N/OCc3c(C)cc(C)cc3C,CD04189,1
FC(F)(F)c(c1)ccc(c1[N+]([O-])=O)-c2oc(cc2)/C=N/OCc3c(C)cc(C)cc3C,CD04339,1
c1ccccc1-c(noc2C)c2C(=O)Nc(cc3C(F)(F)F)c(Cl)cc3Cl,CD04430,1
c1cccc(Cl)c1-c2c(c(on2)C)NC(=O)OCC#Cc(c3)cc(C(F)(F)F)cc3C(F)(F)F,CD04567,1
c1ccncc1NC(=O)c2c(CC(C(=O)[O-])(C)C)cc(C)cc2C,CD04575,1
n1oc(C)c(C(=O)N)c1-c2c(Cl)cccc2Cl,CD05279,1
CCNC(=O)c(c(on1)C)c1-c2c(Cl)cccc2Cl,CD05280,1
C=CCN(CC=C)C(=O)c1c(noc1C)-c2c(Cl)cccc2Cl,CD05281,1
C1CC=CCN1C(=O)c2c(noc2C)-c3c(Cl)cccc3Cl,CD05282,1
Cc1onc(c1C(=O)N(C)C)-c2c(Cl)cccc2Cl,CD05283,1
Clc1cccc(Cl)c1-c2c(c(on2)C)C(=O)NCCCOC,CD05284,1
Clc1cccc(Cl)c1-c2c(c(on2)C)C(=O)NCC[NH+](CC)CC,CD05285,1
C#CCOC(=O)c(c(on1)C)c1-c2c(Cl)cccc2Cl,CD05290,1
O=C(C)NOC(=O)c(c(on1)C)c1-c2c(Cl)cccc2Cl,CD05331,1
Clc1cccc(Cl)c1-c2c(c(on2)C)C(=O)ONC(=O)c3ccc(F)cc3,CD05372,1
Clc1cccc(Cl)c1-c2c(c(on2)C)C(=O)ONC(=O)c(c3)cc(C(F)(F)F)cc3C(F)(F)F,CD05392,1
Clc1cccc(Cl)c1-c2c(c(on2)C)NC(=O)Nc(c3)cc(C(F)(F)F)cc3C(F)(F)F,CD05437,1
Clc1cccc(Cl)c1-c2c(c(on2)C)C(=O)NOC(=O)c3sccc3,CD05466,1
Clc1cccc(Cl)c1-c2c(c(on2)C)C(=O)NCc3c(F)cccc3Cl,CD05503,1
Clc1cccc(F)c1-c2c(c(on2)C)C(=O)ONC(=O)c3ccccc3,CD05602,1
C1COCCN1C(=O)c2c(noc2C)-c3c(F)cccc3Cl,CD05603,1
Clc1cccc(F)c1-c2c(c(on2)C)C(=O)Nc(c3)cc(C(F)(F)F)cc3C(F)(F)F,CD05605,1
Clc1cccc(Cl)c1-c2c(c(on2)C)C(=O)ONC(=O)CCCCCCCCCCC,CD05753,1
Clc1cccc(F)c1-c2c(c(on2)C)C(=O)ONC(=O)Cc3ccccc3,CD05774,1
c1cccc(c12)C(=O)N(C2=O)OC(=O)c(c(on3)C)c3-c4c(Cl)cccc4Cl,CD05806,1
CC(C)(C)C(=O)NOC(=O)c(c(on1)C)c1-c2c(Cl)cccc2Cl,CD05847,1
Clc1cccc(Cl)c1-c2c(c(on2)C)C(=O)NC(=O)NCc(cc3)ccc3Cl,CD05929,1
Clc1cccc(Cl)c1-c2c(c(on2)C)C(=O)NC(=O)NC(=O)c(c(on3)C)c3-c4c(Cl)cccc4Cl,CD05930,1
Clc1cccc(Cl)c1-c2c(c(on2)C)C(=O)NC(=O)NCCC[NH+](C)C,CD05932,1
Clc1cccc(Cl)c1-c2c(c(on2)C)C(=O)NC(=O)OCC#C,CD05935,1
Clc1cccc(Cl)c1-c2c(c(on2)C)C(=O)[N-]C(=S)N3CCOCC3,CD05943,1
CCOC(=O)\C(C#N)=C([O-])\c1c(noc1C)-c2c(Cl)cccc2Cl,CD05945,1
Clc1cccc(Cl)c1-c2c(c(on2)C)C(=O)O\N=C(C#N)\C(=O)OCC,CD05950,1
Clc1cccc(Cl)c1-c2c(c(on2)C)C(=O)O\N=C(N3CCCC3)\c4c(Cl)cccc4Cl,CD06035,1
Clc1cccc(Cl)c1-c2c(c(on2)C)NC(=O)OCc3c(C)c(C)c(C)c(C)c3C,CD06041,1
Clc1cccc(Cl)c1-c2c(c(on2)C)NC(=O)O/N=C/c3c(C)c(C)c(C)c(C)c3C,CD06100,1
Clc1cccc(Cl)c1-c2c(c(on2)C)C(=O)O/N=C/c3c(C)c(C)c(C)c(C)c3C,CD06103,1
Clc1cccc(Cl)c1-c2c(c(on2)C)C(=O)NNC(=O)CO/N=C/c(c3Cl)ccc(Cl)c3,CD06111,1
c1ccccc1NC(=[N+]2CCCC2)c3c(noc3C)-c4c(Cl)cccc4Cl,CD06193,1
Clc1cccc(Cl)c1-c2c(c(on2)C)/C(SCC(=O)OCC)=N/c3ccccc3,CD06242,1
CN(C)C(=S)SCc(c(on1)C)c1-c2c(Cl)cccc2Cl,CD06374,1
CCOC(=S)SCc(c(on1)C)c1-c2c(Cl)cccc2Cl,CD06441,1
Clc1cccc(Cl)c1-c2noc(C)c2CC#N,CD06548,1
CC(C)(C)NC(=O)c(c(on1)C)c1-c2c(Cl)cccc2Cl,CD06797,1
Clc1cccc(Cl)c1-c2c(c(on2)C)C(=O)NCCCCCCC,CD06798,1
Clc1cccc(Cl)c1-c2c(c(on2)C)C(=O)NCCC[NH+](C)C,CD06799,1
OCC(C)(C)NC(=O)c(c(on1)C)c1-c2c(Cl)cccc2Cl,CD06800,1
N#CCCN(CC)C(=O)c1c(noc1C)-c2c(Cl)cccc2Cl,CD06802,1
COCCCN(CCC#N)C(=O)c1c(noc1C)-c2c(Cl)cccc2Cl,CD06813,1
Clc1cccc(Cl)c1-c2c(c(on2)C)NC(=O)NN(C)c(c3C#N)cccc3Cl,CD06832,1
Clc1cccc(Cl)c1-c2c(c(on2)C)NC(=O)N(Cc3c(Cl)cccc3Cl)Cc4c(Cl)cccc4Cl,CD06837,1
Clc1cccc(Cl)c1-c2c(c(on2)C)C(=O)NCc3c(Cl)cccc3Cl,CD06842,1
Clc1cccc(Cl)c1-c2c(c(on2)C)NC(=O)NCCSC,CD06844,1
Clc1cccc(Cl)c1-c2c(c(on2)C)C(=O)ON3C(=O)CCC3=O,CD06849,1
CSCCNC(=O)c(c(on1)C)c1-c2c(Cl)cccc2Cl,CD06854,1
CC(C)(C)CNC(=O)c(c(on1)C)c1-c2c(Cl)cccc2Cl,CD06860,1
Clc1cccc(Cl)c1-c2c(c(on2)C)C(=O)N[C@@H](CC3)CC[N@H+]3Cc4ccccc4,CD06873,1
c1c(Br)ccc(O)c1C(=O)NCCC[NH+](C)C,CD06877,1
Clc1cccc(Cl)c1-c2c(c(on2)C)C(=O)NCCc3ccccc3,CD06897,1
OCCNC(=O)c(c(on1)C)c1-c2c(Cl)cccc2Cl,CD06927,1
Clc1cccc(Cl)c1-c2c(c(on2)C)C(=O)NC[C@@H]([N@@H+]3CC)CCC3,CD06940,1
Clc1cccc(Cl)c1-c2c(c(on2)C)C(=O)NN(C)c(cc3)ncc3[N+]([O-])=O,CD06958,1
Clc1cccc(Cl)c1-c2c(c(on2)C)C(=O)NN(C)c(c3C#N)cccc3Cl,CD06967,1
Clc1cccc(Cl)c1-c2c(c(on2)C)C(=O)NN(C)c(c3C#N)cccc3F,CD06968,1
NN(C)C(=O)Nc(c(on1)C)c1-c2c(Cl)cccc2Cl,CD06972,1
Clc1cccc(Cl)c1-c2c(c(on2)C)NC(=O)N(C)c3ccc(Cl)cc3,CD07013,1
O=C(C)NCc(c(on1)C)c1-c2c(Cl)cccc2Cl,CD07086,1
Cc1c(Br)c(C)nn1C(=O)c2c(noc2C)-c3c(Cl)cccc3Cl,CD07238,1
Clc1cccc(Cl)c1-c2c(c(on2)C)C(=O)Nc(cccc3)c3C(=O)NCc4c(F)cccc4Cl,CD07243,1
CN(C)\C=[NH+]\C(=O)c(c(on1)C)c1-c2c(Cl)cccc2Cl,CD07543,1
C1CSCCN1C(=O)c2c(noc2C)-c3c(Cl)cccc3Cl,CD07733,1
CC(C)(C)SC(=S)SCc(c(on1)C)c1-c2c(Cl)cccc2Cl,CD07738,1
Clc1cccc(Cl)c1-c2c(c(on2)C)C(=O)/[NH+]=C(N)/N3CCOCC3,CD07768,1
Fc1cccc(Cl)c1-c2c(c(on2)C)C(=O)/[NH+]=C(N)/N3CCOCC3,CD07769,1
Clc1cccc(Cl)c1-c2c(c(on2)C)NC(=O)ON(Cc3c(Cl)cccc3F)Cc4c(F)cccc4Cl,CD07780,1
Clc1cccc(Cl)c1-c2c(c(on2)C)C(=O)/[NH+]=C(N)/N3CCCC3,CD07790,1
Fc1cccc(Cl)c1-c2c(c(on2)C)C(=O)/[NH+]=C(N)/N3CCCC3,CD07791,1
Clc1cccc(Cl)c1-c2c(c(on2)C)C(=O)\[NH+]=C(N)\N3C[C@H](C)O[C@H](C3)C,CD07828,1
Clc1cccc(F)c1-c2c(c(on2)C)C(=O)\[NH+]=C(N)\N3C[C@H](C)O[C@H](C3)C,CD07836,1
Clc1cccc(Cl)c1-c2c(c(on2)C)C(=O)NCCSCc3c(F)cccc3Cl,CD07842,1
Clc1cccc(Cl)c1-c2c(c(on2)C)NC(=O)N3CCSCC3,CD07848,1
Clc1cccc(Cl)c1-c2c(c(on2)C)C(=O)Nc3cc(C#C)ccc3,CD07863,1
C1CSCCN1C(=O)c2c(noc2C)-c3c(F)cccc3Cl,CD07930,1
Clc1cccc(Cl)c1-c2c(c(on2)C)C(=O)Nc3ccc(Cl)c(Cl)c3Cl,CD08068,1
C1CSCCN1C(=S)SCc(cc(=O)[nH]2)c(c23)cccc3,CD08206,1
Clc1cccc(Cl)c1-c2c(c(on2)C)C(=O)NCCSC(C)(C)C,CD08232,1
Clc1cccc(Cl)c1-c(noc2C)c2C(=O)N3[C@@H](CCC3)c4ccc(F)cc4,CD08255,1
Clc1cccc(Cl)c1-c2c(c(on2)C)C(=O)O\N=C(N)\CN3CCSCC3,CD08304,1
c1ccccc1C(=O)c2c(noc2C)-c3c(Cl)cccc3Cl,CD08647,1
c1ccccc1C(=O)c2c(noc2C)-c3c(Cl)cccc3F,CD08659,1
c1ccccc1C(=O)c2c(noc2C)-c3c(Cl)cccc3,CD08660,1
Cc1c(C)c(C)c(C)c(C)c1C(=O)c2c(noc2C)-c3c(Cl)cccc3Cl,CD08661,1
Clc1cccc(Cl)c1-c2c(c(on2)C)[C@@H](O)c3ccccc3,CD08685,1
Cc1c(C)c(C)c(C)c(C)c1C(=O)c2c(noc2C)-c3c(Cl)cccc3F,CD08686,1
c1cc(F)ccc1C(=O)c2c(noc2C)-c3c(Cl)cccc3Cl,CD08697,1
c1cc(F)ccc1C(=O)c2c(noc2C)-c3c(F)cccc3Cl,CD08705,1
Cc1nn(C)c([O-])c1C(=O)c2c(noc2C)-c3c(Cl)cccc3Cl,CD08707,1
Cc1nn(C)c([O-])c1C(=O)c2c(noc2C)-c3c(Cl)cccc3,CD08715,1
c1cccc(Cl)c1-c(noc2C)c2C(=O)c3ccc(F)cc3,CD08716,1
Clc1cccc(Cl)c1-c2c(c(on2)C)[C@@H](O)c3ccc(F)cc3,CD08728,1
Clc1cccc(F)c1-c2c(c(on2)C)[C@@H](O)c3ccc(F)cc3,CD08736,1
c1cccc(Cl)c1-c(noc2C)c2[C@@H](O)c3ccc(F)cc3,CD08747,1
c1cc(Cl)cc(Cl)c1Oc(cccc2)c2C(=O)NC(=O)SCc3c(F)cccc3Cl,CD08929,1
Clc1cccc(Cl)c1-c2c(c(on2)C)NC(=O)NCc3c(N(C)C)cccc3N(C)C,CD09479,1
Clc1cccc(Cl)c1-c2c(c(on2)C)C(=O)NCc3c(N(C)C)cccc3N(C)C,CD09482,1
Clc1cccc(Cl)c1-c2c(c(on2)C)NC(=O)ON=C3CS[C@@H](C)SC3,CD09974,1
n1cc(C(=O)C)c(C)n1-c2ncccc2,CD10053,1
Clc1cccc(Cl)c1-c2c(c(on2)C)NC(=O)N[C@@H]3CCSC3,CD10068,1
c1cccc(Cl)c1-c2c(c(on2)C)NC(=O)N[C@@H]3CCSC3,CD10165,1
Clc1cccc(Cl)c1-c2c(c(on2)C)C(=O)N[C@@H](CS3)CS[C@H]3C,CD10179,1
Clc1cccc(Cl)c1-c2c(c(on2)C)NC(=O)N[C@@H](CS3)CS[C@H]3C,CD10182,1
Clc1cccc(Cl)c1-c2c(c(on2)C)C(=O)OC3=C(C)CCC3=O,CD10187,1
Clc1cccc(Cl)c1-c2c(c(on2)C)NC(=O)O/N=C3/CCSC3,CD10441,1
c1ccccc1-c(noc2C)c2C(=O)NCc(cc3)ccc3C(F)(F)F,CD10741,1
c1ccccc1-c(noc2C)c2C(=O)NCc(c3)cc(Cl)cc3Cl,CD10795,1
Clc1cccc(Cl)c1-c2c(c(on2)C)C(=O)NCC[C@H]3CC3(Cl)Cl,CD10993,1
c1cccc(c12)c(=O)n(nc2C(=O)[O-])-c3ccc(Cl)cc3,CD11064,1
c1cccc(c12)c(=O)n(nc2C(=O)N(C)C)-c3ccc(Cl)cc3,CD11077,1
C#CCNC(=O)c(c(on1)C)c1-c2c(Cl)cccc2Cl,CD11106,1
c1cc(Cl)ccc1NC(=O)Nc2nc(ccn2)-c3c(OCC(F)(F)F)ccc(c3)OCC(F)(F)F,CD11217,1
c1ccc(Cl)cc1NC(=O)Nc2nc(ccn2)-c3c(OCC(F)(F)F)ccc(c3)OCC(F)(F)F,CD11220,1
COc(c1)ccc(OCC(F)(F)F)c1C(=O)Nc2cnccc2,CD11287,1
c1ccccc1Oc(cccc2Cl)c2CNC(=O)c3ccc(Cl)cc3,CD11382,1
n1cc(C(=O)C)c(C)n1-c2nc(C)cc(C(F)(F)F)c2,CD11385,1
Clc1cccc(c1C#N)Oc(cc2)ccc2C(=O)/C=C/N(C)C,CD11445,1
O=c1[nH]c(=O)cc(o1)-c2ccc(Cl)cc2,CD11494,1
CC(C)(C)[C@H](C)NC(=O)c(c(on1)C)c1-c2c(Cl)cccc2Cl,CD11571,1
c1cc(OC)ccc1Oc(cccc2Cl)c2CNC(=O)c3ccccc3,CD11662,1
FC(F)(F)c(c1)cc(C)nc1-n2c(C)c(cn2)\C(C)=N\OC(=O)c3ccc(Cl)cc3,CD11715,1
FC(F)(F)c(c1)cc(C)nc1-n2c(C)c(cn2)\C(C)=N\OC(=O)c3ccccc3,CD11716,1
CCOC(=O)c(c1=O)cc(C#N)c(n12)cccc2,CD11728,1
Clc1cccc(Cl)c1-c2c(c(on2)C)NC(=O)N([C@H]3C)CCc(c34)scc4,DFP00164,1
CCOC(=O)c(c1=O)c[nH]c(c12)ccc(Cl)c2,DFP00243,1
c1c(Cl)ccc(c12)n(CC)cc(c2=O)C(=O)Nc(cc3)ccc3C(F)(F)F,DFP00357,1
c1ccccc1-n(c2=O)nc(c(c23)cccc3)-c4cc(C)c(C)cc4,DP00594,1
c1cccc(c12)c(nn(c2=O)CCO)-c3cc(C)c(C)cc3,DP00595,1
c1cccc(c12)c(=O)[nH]nc2-c3ccc(C)cc3,DP00604,1
c1cccc(c12)c(=O)[nH]nc2-c3cc(C)c(C)cc3,DP00605,1
c1cc(C(C)C)ccc1-n(c2=O)nnc(c23)cccc3,DP00905,1
c1cccc(c12)nc(oc2=O)COc3ccc(Cl)cc3Cl,DP01614,1
c1cc(C)cc(C)c1C(=O)NNC(=O)c2ccncc2,DP01990,1
c1cccc(Cl)c1-c(noc2C)c2C(=O)N3CCC(CC3)CCCC(CC4)CCN4C(=O)c5c(noc5C)-c6c(Cl)cccc6,DSHS00151,1
c1cccc(Cl)c1-c(noc2C)c2C(=O)Nc3c(C)c(C)c(c(C)c3C)NC(=O)c4c(noc4C)-c5c(Cl)cccc5,DSHS00154,1
c1cccc(Cl)c1-c(noc2C)c2C(=O)N3[C@@H](C)[C@@H](OCC3)c4ccccc4,DSHS00160,1
s1cc[nH]/c1=N\S(=O)(=O)c2ccc(cc2)NC(=O)c3c(noc3C)-c4c(Cl)cccc4,DSHS00193,1
c1cccc(Cl)c1-c(noc2C)c2C(=O)N[C@@H]3[C@H](CCCC3)NC(=O)c4c(noc4C)-c5c(Cl)cccc5,DSHS00203,1
c1cccc(Cl)c1-c(noc2C)c2C(=O)N(CCC#N)Cc3ccccc3,DSHS00240,1
c1cccc(Cl)c1-c(noc2C)c2C(=O)N(CCC#N)C3CCCCC3,DSHS00241,1
N#CCCN(C(C)C)C(=O)c1c(noc1C)-c2c(Cl)cccc2,DSHS00242,1
c1cccc(Cl)c1-c(noc2C)c2C(=O)N[C@@H](C)c3c(C)cc(C)cc3,DSHS00243,1
c1cccc(Cl)c1-c(noc2C)c2C(=O)Nc(c3C(=O)OC)cccc3,DSHS00254,1
c1cccc(Cl)c1-c(noc2C)c2C(=O)N(C3CCCCC3)C4CCCCC4,DSHS00284,1
OCCC(C)(C)NC(=O)c1c(noc1C)-c2c(Cl)cccc2,DSHS00348,1
c1cccc(Cl)c1\N=C(SC2=C)\N(C2(C)C)C(=O)c3c(noc3C)-c4c(Cl)cccc4,DSHS00452,1
c1cccc(Cl)c1-c(noc2C)c2C(=O)Nc(ccc(Cl)c3)c3C(=O)c4ccccc4,DSHS00641,1
c1cccc(Cl)c1-c(noc2C)c2C(=O)Nc3cc(OC)c(Cl)cc3OC,DSHS00694,1
Clc1cccc(Cl)c1-c2c(c(on2)C)C(=O)N\C(C)=C\C(=O)OCC,DSHS00703,1
c1cccc(Cl)c1-c(noc2C)c2C(=O)Nc(cc3F)ccc3F,DSHS00810,1
c1cccc(Cl)c1-c(noc2C)c2C(=O)Nc3cc(Cl)c(Cl)cc3Cl,DSHS00811,1
Clc1cccc(Cl)c1-c2c(c(on2)C)C(=O)Nc(cc3F)ccc3F,DSHS00814,1
c1ccccc1-c(noc2C)c2C(=O)Nc3cc(Cl)c(Cl)cc3Cl,DSHS00819,1
C#CC(C)(C)NC(=O)c1c(noc1C)-c2ccccc2,DSHS00837,1
C#CC(C)(C)NC(=O)c(c(on1)C)c1-c2c(Cl)cccc2Cl,DSHS00840,1
c1cccc(Cl)c1-c2c(c(on2)C)C(=O)NNC(=O)CSc(c3[N+]([O-])=O)cccc3,DSHS00864,1
Clc1cccc(Cl)c1-c2c(c(on2)C)C(=O)NNC(=O)Sc(c3[N+]([O-])=O)cccc3,DSHS00865,1
c1cccc(Cl)c1-c(noc2C)c2C(=O)Nc3cc(/C(C)=N/O)ccc3Cl,DSHS01069,1
C1COCCN1C(=O)c2c(noc2C)-c3c(Cl)cccc3,DSHS01238,1
c1cccc(Cl)c1-c(noc2C)c2C(=O)N3C[C@H](C)O[C@H](C3)C,DSHS01239,1
C1CCCN1C(=O)c2c(noc2C)-c3c(Cl)cccc3,DSHS01240,1
C1CCCCN1C(=O)c2c(noc2C)-c3c(Cl)cccc3,DSHS01241,1
c1cccc(Cl)c1-c(noc2C)c2C(=O)Nc(cc3C(F)(F)F)ccc3,DSHS01252,1
Cc1ccc(cc1F)NC(=O)c2c(noc2C)-c3c(Cl)cccc3,DSHS01255,1
c1cccc(Cl)c1-c(noc2C)c2C(=O)Nc3cc(SC)ccc3,DSHS01256,1
Clc1cccc(Cl)c1-c2c(c(on2)C)C(=O)O/N=C(C)/C=C/c3ccccc3,EN00223,1
c1cccc(c12)CC(\C2=O)=C/c(cc3)oc3-c(c4)cc(C(F)(F)F)cc4C(F)(F)F,FM00002,1
N#Cc1c(N)c(C#N)c(-c2occc2)c(c13)Cc4c3cccc4,FM00033,1
c1ccoc1-c(c(C#N)c(n2)OC)c(c23)Cc4c3ccc(c4)NC(=O)C,FM00038,1
S=C(N)c1c(=O)[nH]c(C)cc1,FM00043,1
O=c1[nH]c(=O)c(C#N)c(c12)c3c(oc2N)ccc(Cl)c3,FM00194,1
Clc1cccc(F)c1-c2c(c(on2)C)C(=O)ON=C([C@@H]34)[C@@H]5C[C@H](C3)C[C@@H](C5)C4,FM00211,1
O=C(C)CSC(=O)c(c(on1)C)c1-c2c(Cl)cccc2Cl,GK00173,1
O/N=C(C)/CSC(=O)c(c(on1)C)c1-c2c(F)cccc2Cl,GK00188,1
O=C(C)CSC(=O)c(c(on1)C)c1-c2c(Cl)cccc2F,GK00191,1
n1n(C)cc(c12)c(C)cc(=O)[nH]2,GK00369,1
n1n(C)cc(c12)c(cc(=O)[nH]2)COC,GK00372,1
FC(F)(F)c1c(C(=O)[O-])cn(n1)C,GK00761,1
n1n(C)cc(c1C(F)(F)F)C(=O)O/N=C(N)/c2ccc(C(C)(C)C)cc2,GK00806,1
c1n(C)nc(CCC)c1C(=O)O/N=C(N)/c(cc2)ccc2C(F)(F)F,GK00844,1
c1cn(C)nc1N(C2=O)C(=O)c(c23)cccc3,GK01235,1
c1cccnc1SC(=O)c(c2C(F)(F)F)cnn2-c3ccccc3,GK01524,1
c1ccccc1-n(nc2)c(CCC)c2C(=O)O/N=C(N)/c3ccc(C(C)(C)C)cc3,GK01539,1
c1nn(C)c(c12)nc[nH]c2=O,GK01643,1
Cn1nc(C)c([N+]([O-])=O)c1NN(C2=O)C(=O)c(c3c24)cccc3cc([N+]([O-])=O)c4,GK01676,1
c1nc(N)nc(C(F)(F)F)c1C(=O)Nc2c(SC)cccc2,GK01781,1
c1n(C)nc(CCC)c1C(=O)NCC(=O)OCC,GK02183,1
c1cccnc1SC(=O)c(c2C(F)(F)F)cnn2-c3ccc([N+]([O-])=O)cc3,GK02449,1
CCOC(=O)c1c(C(F)(F)F)nc(nc1)NNC(=O)c2c(C)cccc2,GK03002,1
c1cnn(C)c1NC(=O)c2c(C(=O)[O-])cccc2,GK03118,1
c1cnn(C)c1N(C2=O)C(=O)c(c23)cccc3,GK03123,1
c1cnn(C)c1NC(=O)c2ccccc2,GK03335,1
c1cnn(C)c1NC(=O)c2ccc(F)cc2,GK03342,1
CCOC(=O)c(cn1)c(C(F)(F)F)n1-c2ncnc(c23)n(C)nc3,GK03555,1
Clc1cccc(Cl)c1-c2c(c(on2)C)C(=O)Nc3ccccc3,GK03594,1
COc(c1)c(OC)cc(c12)ncnc2NNC(=O)c3occc3,GK03668,1
CCOC(=O)c(cn1)c(CCC)n1-c2nc(C(F)(F)F)c(cn2)C(=O)OC,GK03734,1
CCOC(=O)c1cnn(c1C(F)(F)F)-c2nc(C(F)(F)F)c(cn2)C(=O)OC,GK03738,1
n1cc(C#N)c(N)n1-c2nc(C(F)(F)F)c(cn2)C(=O)OC,GK03746,1
FC(F)(F)c1nn(cc1)C/C(N)=N/OC(=O)c2c(C)onc2C,HAN00327,1
FC(F)(F)c1nn(cc1)C/C(N)=N/OC(=O)c(cc2C(F)(F)F)ccc2,HAN00328,1
CCOC(=O)c(c1)c(C(F)(F)F)nc(c12)cc[nH]c2=O,HC00057,1
c1cccc(Cl)c1-c2c(c(on2)C)C(=O)NCc(on3)nc3-c4ccc(C(F)(F)F)cc4,HTS00081,1
Cn1ncc(C(=O)[O-])c1NNC(=O)CC(C)(C)CC(=O)[O-],HTS00091,1
c1ccccc1-c(noc2C)c2C(=O)N(CC3)CCC3(O)c4ccc(Cl)cc4,HTS00204,1
c1cc(OC)c(OC)cc1C(=O)N(CC2)CCC2(O)c3ccc(Cl)cc3,HTS00206,1
c1cccn1-c2c(ccc([N+]([O-])=O)c2)N(CC3)CCN3C(=O)c4c(C)cc(C)cc4C,HTS00286,1
C1COc(c12)ccc(c2)C(=O)N(CC3)CCN3C(=O)c(c4)ccc(c45)OCC5,HTS00388,1
c1c(Cl)ccc(c12)OCC(=C2)C(=O)N[C@@H](CC3)CC[N@H+]3Cc4ccccc4,HTS00418,1
Clc1cccc(Cl)c1-c2c(c(on2)C)NC(=O)c(c(on3)C)c3-c4c(Cl)cccc4Cl,HTS00445,1
C1CCCc(c12)[nH]c3c(c2=O)cccc3,HTS00447,1
Clc1cccc(Cl)c1-c2c(c(on2)C)C(=O)NCCc3csc(c34)cccc4,HTS00514,1
c1nccc(c12)C(=O)N(C2=O)c3ccc(cc3)N4CCOCC4,HTS00631,1
c1cccc(Cl)c1-c(noc2C)c2C(=O)N3CCN(CC3)C(c4ccccc4)c5ccccc5,HTS00649,1
FC(F)(F)c1cnc(cc1)N2CCN(CC2)C[C@@H](O)c3ccccc3,HTS00725,1
Cc1cc(C)cc(C)c1Cn(nc(c2)C(C)(C)C)c2C(=O)Nc(c3)ccc(c3C(=O)OC)N4CCOCC4,HTS00925,1
c1ccc(C)cc1Cn(nc(c2)C(C)(C)C)c2C(=O)Nc(c3)ccc(c3C(=O)OC)N4CCOCC4,HTS00927,1
c1cccc(c12)cc(o2)C(=O)CN(CC3)CCN3c(cc4)ncc4C(F)(F)F,HTS01199,1
c1cc(C(F)(F)F)nc(C)c1C(=O)Nc2c(C#N)cc(o2)-c3ccccc3,HTS01248,1
c1cc(Cl)ccc1-c(c2)oc(C(F)(F)F)c2C(=O)N3CCN(CC3)c(ccc([N+]([O-])=O)c4)c4-n5cccc5,HTS01301,1
Clc1cccc(Cl)c1-c(noc2C)c2C(=O)N3CCN(CC3)c(ccc([N+]([O-])=O)c4)c4-n5cccc5,HTS01310,1
Clc1cccc(Cl)c1-c2c(c(on2)C)C(=O)Nc3ccncc3,HTS01317,1
Clc1cccc(Cl)c1-c2c(c(on2)C)C(=O)Nc(c3)ccc(c3C(=O)OC)N4CCOCC4,HTS01357,1
c1ccccc1-c(noc2C)c2C(=O)Nc(c3)ccc(c3C(=O)OC)N4CCOCC4,HTS01358,1
c1cc(F)ccc1Cn(nc(c2)C(C)(C)C)c2C(=O)N3CCN(CC3)c(cc4)ncc4C(F)(F)F,HTS01367,1
FC(F)(F)c1cnc(cc1)N2CCN(CC2)C[C@@H](O)c3ccc(cc3)CCCCC,HTS01385,1
FC(F)(F)c1cnc(cc1)N2CCN(CC2)C[C@@H](O)c3ccc(F)cc3,HTS01393,1
c1ccc(C(F)(F)F)cc1-c(c2C(F)(F)F)c(n(n2)C)NC(=O)c3c(C(=O)[O-])nccn3,HTS01413,1
c1cc(F)ccc1-c(c2C(F)(F)F)c(n(n2)C)NC(=O)c3c(C(=O)[O-])nccn3,HTS01414,1
Nc1scc(c12)c(C(=O)NN)nn(c2=O)-c3ccccc3,HTS01525,1
c1c(C)n(C(C)(C)C)nc1C(=O)NNC(=O)C(CC2)CCN2c3nc(C(F)(F)F)ccn3,HTS01576,1
c1ccc(C(F)(F)F)cc1-c(c2C(F)(F)F)c(n(n2)C)NC(=O)c3ccccc3,HTS01627,1
c1cc(F)ccc1-c(c2C(F)(F)F)c(n(n2)C)NC(=O)c3ccccc3,HTS01628,1
c1cc(Br)ccc1-c(c2C(F)(F)F)c(n(n2)C)NC(=O)c3cnccc3,HTS01643,1
c1ccc(C(F)(F)F)cc1-c(c2C(F)(F)F)c(n(n2)C)NC(=O)c3cnccc3,HTS01645,1
c1cc(F)ccc1-c(c2C(F)(F)F)c(n(n2)C)NC(=O)c3cnccc3,HTS01646,1
O=C([O-])CCn1nc(-c2ccc(F)cc2)cc(c1=O)Cc3ccccc3,HTS01683,1
CCNC(=O)c1c(noc1C)-c2ccccc2,HTS01706,1
c1ccncc1NC(=O)c2c(C(F)(F)F)oc(c2)-c3ccccc3,HTS01795,1
c1cnccc1NC(=O)c2c(C(F)(F)F)oc(c2)-c3ccccc3,HTS01796,1
c1cccc(Cl)c1-c2c(c(on2)C)C(=O)NCC(CC3)CCN3C(=O)OC(C)(C)C,HTS02023,1
n1ccnc(C(=O)[O-])c1C(=O)Nc(cc2)ccc2N3CCOCC3,HTS02187,1
n1ccnc(C(=O)[O-])c1C(=O)Nc(cc2)cc(c23)ccc(n3)C,HTS02188,1
Clc1cccc(Cl)c1-c2c(c(on2)C)C(=O)NCc3cc(F)cc(c34)COCO4,HTS02316,1
c1cc(Cl)ccc1-c(c2)oc(C(F)(F)F)c2C(=O)NCc3cc(F)cc(c34)COCO4,HTS02317,1
Clc1cccc(Cl)c1-c2c(c(on2)C)C(=O)NCc3ncccc3,HTS02319,1
Clc1cccc(Cl)c1-c2c(c(on2)C)C(=O)NCc3cnccc3,HTS02320,1
Clc1cccc(Cl)c1-c2c(c(on2)C)C(=O)NCc3ccncc3,HTS02321,1
[O-][N+](=O)c1cnc(cc1)N2CC[NH+](CC2)CC(=O)Nc(cccn3)c3Oc4ccc(C)c(c45)CCC5,HTS02377,1
C1CCc(c12)c(C)ccc2Oc3c(cccn3)NC(=O)CN4CCC(CC4)NC(=O)c5ccccc5,HTS02380,1
Clc1cccc(Cl)c1-c(noc2C)c2C(=O)N3CCC(CC3)NC(=O)c4ccccc4,HTS02384,1
c1cc(F)ccc1-c(ccc2=O)nn2CCC(=O)NCc3ccccc3,HTS02389,1
c1cc(Cl)ccc1-c(c2)oc(C(F)(F)F)c2C(=O)N3CCC(CC3)NC(=O)c4ccccc4,HTS02394,1
c1ccccc1Oc(cccc2Cl)c2CNC(=O)CC(C)(C)CC(=O)[O-],HTS02399,1
Clc1cccc(F)c1C[N@@H+]2CC[C@H](CC2)NC(=O)c3cc(OC)c(cc3)OC,HTS02407,1
Clc1cccc(F)c1-c2c(c(on2)C)C(=O)NCCN(C3=O)CCN3,HTS02483,1
c1cc(F)ccc1-n(nc2)c(C)c2C(=O)NC(C3)Cc(c34)cccc4,HTS02628,1
n1n(C)cc(Br)c1-c2cc(ccc2)NC(=O)CCCC(=O)[O-],HTS02651,1
n1n(C)cc(Br)c1-c2cc(ccc2)NC(=O)CCC(=O)[O-],HTS02656,1
n1n(C)cc(Br)c1-c2cc(ccc2)NC(=O)/C=C/C(=O)[O-],HTS02657,1
n1n(C)cc(Br)c1-c2cc(ccc2)NC(=O)CC(C)(C)CC(=O)[O-],HTS02659,1
C1CCCCN1c(c2C(=O)OCC)ccc(c2)-n3cccc3,HTS02679,1
Fc1cccc(Cl)c1-c2c(c(on2)C)C(=O)NCCCOc(ccc3)cc3NC(=O)C,HTS02707,1
c1ccccc1-c(noc2C)c2C(=O)Nc(cc3)c(Cl)cc3C(F)(F)F,HTS02737,1
CC1(C)CC(=O)N(C(=O)C1)c2cc(ccc2)-c3c(Br)cn(n3)C,HTS03005,1
O=C1CCCC(=O)N1c2cc(ccc2)-c3c(Br)cn(n3)C,HTS03006,1
C1COc(c12)ccc(c2)C(=O)N3CCN(CC3)C(c4ccccc4)c5ccccc5,HTS03019,1
C1COc(c12)ccc(c2)C(=O)N[C@H](CC3)CC[N@@H+]3Cc4ccccc4,HTS03023,1
c1ccccc1-c(noc2C)c2C(=O)NNc3cc(Cl)ccc3Cl,HTS03070,1
Fc1cccc(Cl)c1-c2c(c(on2)C)C(=O)NNc3cc(Cl)ccc3Cl,HTS03071,1
c1ccccc1-c(noc2C)c2C(=O)NNc3c(Cl)cncc3Cl,HTS03085,1
Clc1cccc(F)c1-c2c(c(on2)C)C(=O)NNc3c(Cl)cncc3Cl,HTS03086,1
s1nnc(C)c1C(=O)NCc2cc(F)cc(c23)COCO3,HTS03234,1
Cc1noc(C)c1C(=O)NCc2cc(F)cc(c23)COCO3,HTS03235,1
CCCc(cn1)cnc1N2CC[NH+](CC2)CC(=O)Nc(cc3)ccc3C(=O)C,HTS03300,1
c1cccc(c12)cnn(c2=O)CCOC(=O)Nc3cccc(c34)cccc4,HTS03339,1
c1cc(C(F)(F)F)nc(C)c1C(=O)OCc(cc2)oc2-c(c3)cc(C(F)(F)F)cc3C(F)(F)F,HTS03344,1
c1cc(C(F)(F)F)nc(C)c1C(=O)Nc(cccn2)c2N3CCOCC3,HTS03351,1
Fc1cccc(Cl)c1-c2c(c(on2)C)C(=O)NNc(c3C(F)(F)F)cccc3,HTS03411,1
c1ccccc1-n(nc2)c(CCC)c2C(=O)NC(C3)Cc(c34)cccc4,HTS03520,1
CC(C)c1ccc(cc1)NC(=O)c2c(CCC)n(nc2)-c3ccccc3,HTS03540,1
CC(C)(C)c(c1)nn(C)c1C(=O)N2CCN(CCC2)c(nc3C(F)(F)F)ncc3C(=O)OC,HTS03608,1
c1ccccc1-c(noc2C)c2C(=O)NNc(cc3Cl)ccc3C,HTS03645,1
Clc1cccc(F)c1-c2c(c(on2)C)C(=O)NNc(cc3Cl)ccc3C,HTS03646,1
c1ccccc1-c(noc2C)c2C(=O)NNc3c(C)cc(Cl)cc3,HTS03660,1
n1ccnc(C(=O)[O-])c1C(=O)Nc(cc2)cnc2Oc(cc3)ccc3C(C)(C)C,HTS03728,1
c1ccccc1-n(nc2)c(CCC)c2C(=O)N3CCN(CC3)c(cc4)ncc4C(F)(F)F,HTS03786,1
c1ccccc1-n(nc2)c(CCC)c2C(=O)NCc3ccncc3,HTS03792,1
Fc1cccc(Cl)c1-c2c(c(on2)C)C(=O)NNc3c(C)cc(Cl)cc3,HTS03871,1
Clc1cccc(F)c1-c2c(c(on2)C)C(=O)NNc(cc3)ccc3C(C)C,HTS03887,1
C1CC(O)CCN1C(=O)c2cc(ccc2)C[N@H+]3CC[C@@H](CC3)c4c(OC)cccc4,HTS04081,1
c1ccccc1-c(c2C(F)(F)F)c(n(n2)C)NC(=O)c3ccccc3,HTS04108,1
c1ccccc1-c(c2C(F)(F)F)c(n(n2)C)NC(=O)c3ccc(F)cc3,HTS04109,1
c1ccccc1-c(noc2C)c2C(=O)NCc3csc(c34)ccc(Cl)c4,HTS04225,1
c1ccccc1-c(noc2C)c2C(=O)NCc3c(C)ccs3,HTS04292,1
c1ccccc1-c(noc2C)c2C[NH+]3CCCCC3,HTS04316,1
c1c(C)oc(C)c1C(=O)N2CCN(CC2)c(cc3)ncc3C(F)(F)F,HTS04332,1
c1cc(C(F)(F)F)nc(C)c1C(=O)Nc2c(cccc2)-c3ccccc3,HTS04381,1
c1c(C)nn(C)c1NC(=O)c2c(C(=O)[O-])nccn2,HTS04436,1
c1cc(C)ccc1-c(c2)n[nH]c(=O)c2Cc3ccc(C)cc3,HTS04524,1
c1cc(C)ccc1-c(c2)n[nH]c(=O)c2Cc(cc3)ccc3N(C)C,HTS04526,1
c1cc(C)ccc1-c(c2)n[nH]c(=O)c2Cc3ccccc3,HTS04527,1
Fc1cccc(Cl)c1-c2c(c(on2)C)C(=O)Nc(cc3)ccc3N(CC)CC,HTS04534,1
c1ccccc1Oc(cccc2Cl)c2CNC(=O)c3ccc(OC(F)(F)F)cc3,HTS04642,1
c1ccccc1Oc(cccc2Cl)c2CNC(=O)c3ccccc3,HTS04643,1
c1ccccc1Oc(cccc2Cl)c2CNC(=O)c(c3)ccc(c34)CCO4,HTS04644,1
Clc1cccc(F)c1-c2c(c(on2)C)C(=O)NNc3c(CC)cccc3,HTS04762,1
c1ccccc1-c(c2C(F)(F)F)c(n(n2)C)NC(=O)c3cnccc3,HTS04774,1
c1cccc(c12)N[C@H](c3ncccc3)N(C2=O)CCC[NH+]4CCOCC4,HTS04789,1
c1ccccc1-c(c2C(F)(F)F)c(n(n2)C)NC(=O)c3c(C(=O)[O-])nccn3,HTS04796,1
Cc1oc(C(C)(C)C)cc1C(=O)N(CC2)CCC2(O)c3ccc(Cl)cc3,HTS04877,1
Clc1cccc(F)c1-c2c(c(on2)C)C(=O)NNc3ccc(F)cc3,HTS05017,1
Fc1cccc(Cl)c1-c2c(c(on2)C)C(=O)NNc3c(F)cccc3,HTS05032,1
c1cccc(c12)NC(=O)/C2=C\c3c(C)[nH]c(c34)cccc4,HTS05069,1
Clc1cccc(F)c1-c(noc2C)c2C(=O)N3CCN(CC3)CCN4CCOCC4,HTS05174,1
n1ccnc(C(=O)[O-])c1C(=O)NC(CC2)CCN2C(=O)OCC,HTS05190,1
c1cc(Cl)ccc1Sc(cccc2Cl)c2CNC(=O)c(c3)ccc(c34)OCC4,HTS05266,1
c1ccccc1-c(noc2C)c2C(=O)NCc3c(cccc3Cl)Sc4ccc(Cl)cc4,HTS05270,1
O=C([O-])CCC(=O)NCc1c(cccc1Cl)Oc2ccc(cc2)OC,HTS05274,1
c1cc(OC)ccc1Oc(cccc2Cl)c2CNC(=O)c3c(C(=O)[O-])cccc3,HTS05275,1
c1cc(OC)ccc1Oc(cccc2Cl)c2CNC(=O)CC(C)(C)CC(=O)[O-],HTS05276,1
c1cc(OC)ccc1Oc(cccc2Cl)c2CNC(=O)CCCC(=O)[O-],HTS05277,1
Clc1cccc(F)c1-c2c(c(on2)C)C(=O)NNc3c(C)cc(C)cc3,HTS05347,1
c1cc(C(F)(F)F)nc(C)c1C(=O)Nc(n2)ccc(c23)cccc3,HTS05484,1
Clc1cccc(F)c1-c2c(c(on2)C)C(=O)NNc(c3)ccc(C)c3C,HTS05530,1
Cc1cccc(c12)nc(oc2=O)-c3c(nccc3)Oc4ccccc4,HTS05572,1
c1ccccc1-c(oc2=O)nc(c23)cccc3C,HTS05574,1
c1ccoc1-c(oc2=O)nc(c23)cccc3C,HTS05575,1
c1c(Cl)ccc(c12)OCC(=C2)C(=O)N[C@H]3CCCc(c34)cccc4,HTS05609,1
c1ccccc1-c(noc2C)c2C(=O)NNc3ccc(Cl)cc3,HTS05664,1
c1cc(F)ccc1-n(nc2)c(C)c2C(=O)NCc3ccncc3,HTS05760,1
Fc1cccc(Cl)c1-c(noc2C)c2C(=O)N3CCN(CC3)c4cc[nH+]cc4,HTS05767,1
c1ccccc1-c(noc2C)c2C(=O)N3CCN(CC3)c4ccc(F)cc4,HTS06065,1
Clc1cccc(F)c1-c2c(c(on2)C)C(=O)NNc3c(F)cc(F)cc3,HTS06160,1
c1ccccc1-c(noc2C)c2C(=O)NNc3c(Cl)cccc3Cl,HTS06174,1
Clc1cccc(F)c1-c2c(c(on2)C)C(=O)NNc3c(Cl)cccc3Cl,HTS06175,1
c1ccccc1-n(nc2)c(CCC)c2C(=O)Nc(n3)ccc(c34)cccc4,HTS06279,1
n1ccnc(C(=O)[O-])c1C(=O)Nc2n(C)ncc2,HTS06313,1
c1cnn(C)c1NC(=O)C[C@H](CC(=O)[O-])c2ccccc2,HTS06319,1
c1c(C)onc1C(=O)N(CCC#N)Cc2sccc2,HTS06387,1
c1ccccc1-c(noc2C)c2C(=O)NNc3cc(Cl)cc(Cl)c3,HTS06459,1
Clc1cccc(F)c1-c2c(c(on2)C)C(=O)NNc3cc(Cl)cc(Cl)c3,HTS06460,1
Clc1cccc(F)c1-c2c(c(on2)C)C(=O)NNc(cc3)ccc3C(C)(C)C,HTS06475,1
c1ccccc1-c(noc2C)c2C(=O)N3CCC(CC3)C(=O)OCC,HTS06669,1
Clc1cccc(F)c1-c(noc2C)c2C(=O)N3CCC(CC3)C(=O)OCC,HTS06670,1
CCOC(=O)C(CC1)CCN1C(=O)c2cc(cnc2)-c3sccc3,HTS06683,1
n1ccnc(C(=O)[O-])c1C(=O)Nc2c(cccc2)N3CCOCC3,HTS06761,1
c1c(C)cc(C)c(c12)cc([nH]2)C(=O)N(C)[C@H](CC3)CC[N@@H+]3C,HTS06801,1
c1c(C)cc(C)c(c12)cc([nH]2)C(=O)N[C@H](CC3)CC[N@@H+]3Cc4ccccc4,HTS06802,1
c1c(C)cc(C)c(c12)cc([nH]2)C(=O)NCCNc(cc3)ncc3C(F)(F)F,HTS06803,1
c1c(C)cc(C)c(c12)cc([nH]2)C(=O)N3CCC(CC3)C(=O)OCC,HTS06806,1
c1c(C)cc(C)c(c12)cc([nH]2)C(=O)N(CC3)CCN3c(c4C(F)(F)F)nccc4,HTS06807,1
c1c(C)cc(C)c(c12)cc([nH]2)C(=O)N3CCC(CC3)[NH+]4CCCCC4,HTS06808,1
c1c(C)cc(C)c(c12)cc([nH]2)C(=O)N3CCN(CC3)c4c(OCC)cccc4,HTS06810,1
Clc1cccc(Cl)c1-c(noc2C)c2C(=O)N3CCN(CC3)CC(=O)N(C)c4ccccc4,HTS06831,1
c1ccccc1-c(n2)cc(n23)n(CC(=O)OCC)c4c(c3=O)CN(C4=O)CCCC,HTS06835,1
c1cc(OC)ccc1C(=O)c2coc(c23)c4c(c(c3)O)cccc4,HTS06867,1
c1cc(C(F)(F)F)nc(C)c1C(=O)N(CC2)CCC23OCCO3,HTS06998,1
c1cc(C(F)(F)F)nc(C)c1C(=O)Nc2c(cccc2)N3CCOCC3,HTS07068,1
Fc1cccc(Cl)c1-c2c(c(on2)C)C(=O)Nc3c(cccc3)N4CCOCC4,HTS07070,1
CCOC(=O)C(CC1)CCN1C(=O)c2c(nccc2)Oc3ccccc3,HTS07090,1
C1CC(C(=O)[O-])CCN1C(=O)c2cc(F)cc(c23)COCO3,HTS07098,1
c1ccccc1-c(noc2C)c2C(=O)N3CCN(CC3)c4ncccc4,HTS07146,1
Clc1cccc(F)c1-c(noc2C)c2C(=O)N(C(C)C)Cc3ccccc3,HTS07197,1
n1ccnc(C(=O)OC)c1C(=O)Nc2c(cccc2)N3CCOCC3,HTS07228,1
c1cc(Cl)cc(c12)ncnc2OCC(=O)c3ccc(F)cc3,HTS07332,1
c1cc(Cl)cc(c12)ncnc2OCC(=O)c3ccc(C)cc3,HTS07335,1
c1cc(Cl)cc(c12)ncnc2OCC(=O)c3ccccc3,HTS07336,1
c1cc(Cl)cc(c12)ncnc2OCC(=O)c3ccc(C#N)cc3,HTS07339,1
c1cccc(n2)c1n(c23)c([O-])c(c(C)c3C#N)CCO,HTS07558,1
c1ccccc1-c(n2)cc(n23)n(c4c(c3=O)CN(C4=O)CCCC)CC(=O)c5ccc(C#N)cc5,HTS07742,1
c1c(C)cc(C)c(c12)cc([nH]2)C(=O)N3CCC(CC3)Cc4ccccc4,HTS07801,1
c1c(C)cc(C)c(c12)cc([nH]2)C(=O)NCCSCc3occc3,HTS07807,1
c1c(C)cc(C)c(c12)cc([nH]2)C(=O)N(Cc3ncccc3)Cc4ccccc4,HTS07810,1
c1ccnn1-c2ccc(cc2)C(=O)N[C@H](CC3)CC[N@@H+]3Cc4ccccc4,HTS07813,1
c1ccnc(c1C(F)(F)F)N2CCN(CC2)C(=O)c(cc3)ccc3-n4nccc4,HTS07815,1
c1ccnn1-c2ccc(cc2)C(=O)NCc3ccncc3,HTS07816,1
C1CCCCC1N(C)C(=O)c2c(noc2C)-c3c(F)cccc3Cl,HTS07916,1
c1ccccc1-c(noc2C)c2C(=O)N3CCN(CC3)C4c(cccc5)c5c(c46)cccc6,HTS07941,1
O1COCc(c12)cc(F)cc2C(=O)N3CCN(CC3)C4c(cccc5)c5c(c46)cccc6,HTS07944,1
c1ccccc1Oc(nccc2)c2C(=O)N(C)CCc3ncccc3,HTS07946,1
c1cc(Cl)ccc1Oc(nccc2)c2C(=O)N(C)CCc3ncccc3,HTS07948,1
c1ccccc1-c(nn2)oc2C(=O)N3CCN(CC3)c(cc4)ncc4C(F)(F)F,HTS08011,1
c1ccccc1-c(noc2C)c2C(=O)NCCNC(=O)c3c(noc3C)-c4ccccc4,HTS08215,1
C[NH+](C)CCNC(=O)c1c(noc1C)-c2ccccc2,HTS08218,1
c1c(C)onc1C(=O)N2CCN(CC2)C3c(cccc4)c4c(c35)cccc5,HTS08254,1
Fc1cccc(Cl)c1-c(noc2C)c2C(=O)N3CCN(CC3)C4c(cccc5)c5c(c46)cccc6,HTS08261,1
c1ccccc1-c(noc2C)c2C(=O)N3CCN(C)CC3,HTS08380,1
c1ccccc1-c(noc2C)c2C(=O)N3CCN(CCC3)C(=O)c4c(noc4C)-c5ccccc5,HTS08384,1
FC(F)(F)c1cc(ccc1)Oc2ncc(cc2)NC(=O)c(c3)ccc(c34)OCC4,HTS08399,1
O=c1[nH]ccc(c12)c3c([nH]c2=O)cccc3,HTS08462,1
c1cc(Cl)ccc1C(=O)c2coc(c23)c4c(c(c3)O)cccc4,HTS08467,1
N#Cc(c1N)ccc(c12)c(C(=O)OCC)nn(c2=O)-c3ccccc3,HTS08483,1
c1ccccc1-c(c(C#N)c2N)cc(c23)c(C(=O)OCC)nn(c3=O)-c4ccccc4,HTS08485,1
FC(F)(F)c1ccc(cc1)C(=O)Nc(cc2)cnc2Oc(cc3)ccc3C(C)(C)C,HTS08498,1
c1ccccc1C(=O)Nc(cc2)cnc2Oc(cc3)ccc3C(C)(C)C,HTS08499,1
c1cccc(C)c1C(=O)Nc(cc2)cnc2Oc(cc3)ccc3C(C)(C)C,HTS08500,1
c1c(C)oc(C)c1C(=O)Nc(cc2)cnc2Oc(cc3)ccc3C(C)(C)C,HTS08503,1
c1cc(C)ccc1C(=O)Nc(cc2)cnc2Oc(cc3)ccc3C(C)(C)C,HTS08504,1
C1COc(c12)ccc(c2)C(=O)Nc(cc3)cnc3Oc(cc4)ccc4C(C)(C)C,HTS08505,1
c1cccc(C(=O)[O-])c1C(=O)Nc(cc2)cnc2Oc(cc3)ccc3C(C)(C)C,HTS08512,1
C1CCCC1(CC(=O)[O-])CC(=O)Nc(cc2)cnc2Oc(cc3)ccc3C(C)(C)C,HTS08514,1
CC(C)(C)c1ccc(cc1)Oc2ncc(cc2)NC(=O)CCCC(=O)[O-],HTS08515,1
O=C([O-])CC(C)(C)CC(=O)Nc(cc1)cnc1Oc(cc2)ccc2C(C)(C)C,HTS08517,1
C1COCCN1c(c2C(=O)[O-])ccc(c2)-n3cccc3,HTS08546,1
c1cccc(c12)cccc2C(=O)NNC(=O)c(c3)ccc(c34)nccn4,HTS08788,1
Clc1cccc(F)c1-c2c(c(on2)C)C(=O)NNC(=O)c3cccc(c34)cccc4,HTS08789,1
c1ccccc1-c(noc2C)c2C(=O)N(C(C)C)Cc3ccccc3,HTS08829,1
Cc1noc(C)c1C(=O)N2[C@@H](CCCC2)c3ncccc3,HTS08904,1
N#Cc1c(=O)[nH]c(cc1C)-c2ccccc2,HTS09043,1
c1ccsc1-c2c(C#N)c(=O)[nH]c(c23)CCCC3,HTS09051,1
c1ccccc1-n(nc2C)c(c23)[nH]c(=O)c(C#N)c3-c4cnccc4,HTS09077,1
Clc1cccc(F)c1-c2c(c(on2)C)C(=O)NNC(=O)c(cc3)ccc3C(F)(F)F,HTS09187,1
c1ccccc1-c(noc2C)c2C(=O)N(C)CCc3ncccc3,HTS09189,1
c1ncc(CO)n1Cc2ccccc2,HTS09270,1
n1cc(C)c2ncc(c3n12)C(=O)c4c3cccc4,HTS09273,1
c1cccc2c1C(=O)c(c2n34)cnc3c(cn4)-c5ccccc5,HTS09275,1
Clc1cccc(Cl)c1-c2c(c(on2)C)C(=O)Nc(cc3)ccc3N4CCCCC4,HTS09312,1
O=C([O-])CCCC(=O)Nc(cccn1)c1Oc2ccc(C)c(c23)CCC3,HTS09492,1
C1CCCC1(CC(=O)[O-])CC(=O)Nc(cccn2)c2Oc3ccc(C)c(c34)CCC4,HTS09493,1
c1ccoc1C(=O)Nc(cccn2)c2Oc3ccc(C)c(c34)CCC4,HTS09504,1
c1cc(C(F)(F)F)nc(C)c1C(=O)Nc(cccn2)c2Oc3ccc(C)c(c34)CCC4,HTS09505,1
Clc1cccc(Cl)c1-c(noc2C)c2C(=O)n3nc(cc3)-c4sccc4,HTS09531,1
c1ccccc1-c(noc2C)c2C(=O)N3CCCc(c34)cccc4C,HTS09533,1
c1cccc(C(=O)[O-])c1C(=O)Nc2cccc(c23)nnc(c3)C,HTS09553,1
N1CCN(C1=O)CCNC(=O)c(c2)ccc(c23)nccn3,HTS09572,1
n1ccnc(c12)ccc(c2)C(=O)NCCc3ncccc3,HTS09584,1
c1ccccc1-c(oc2C)cc2C(=O)NCc3ccncc3,HTS09674,1
c1ccccc1C(=O)Nc2cc(nn2C)-c3ccccc3,HTS09750,1
c1cccc(c12)cccc2-c3oc(nn3)-c(c4)ccc(c45)nccn5,HTS09760,1
CCOC(=O)c(cn1)c(N)n1C(=O)c2cccc(c23)cccc3,HTS09777,1
OC[C@H](O1)[C@H](O)[C@H](O)[C@H]1n2c(nc(c23)c(N)ncn3)N/N=C/c4cnccc4,HTS09788,1
OC[C@H](O1)[C@H](O)[C@H](O)[C@H]1n2c(nc(c23)c(N)ncn3)N/N=C/c4ccncc4,HTS09789,1
OC[C@H](O1)[C@H](O)[C@H](O)[C@H]1n2c(nc(c23)c(N)ncn3)N/N=C/c4sccc4,HTS09795,1
OC[C@H](O1)[C@H](O)[C@H](O)[C@H]1n2c(nc(c23)c(N)ncn3)N/N=C/c4ccnc(c45)cccc5,HTS09796,1
OC[C@H](O1)[C@H](O)[C@H](O)[C@H]1n2c(nc(c23)c(N)ncn3)N/N=C4\C(=O)Nc(c45)cccc5,HTS09797,1
c1c(C)noc1-c2c(cccc2)C(=O)NC3CCCCC3,HTS09826,1
Nc1ncnc(c12)n(cn2)CC[NH2+]CCCCCO,HTS09836,1
OC[C@H](O1)[C@H](O)[C@H](O)[C@H]1n2c(nc(c23)c(N)ncn3)N/N=C/c(n4)ccc(c45)cccc5,HTS09837,1
c1cccc(n2)c1n(c23)c([O-])c(c(C)c3C#N)/C=N/NC(=S)N,HTS09843,1
c1cccc(oc2=O)c1c(c23)OC(N)=C(C#N)[C@@H]3c4cnccc4,HTS09875,1
c1cccc(oc2=O)c1c(c23)Oc4c(c(=O)[nH]c(n4)C)[C@@H]3c5c(Cl)cccc5,HTS09878,1
CCOC(=O)Cn(cn1)c(=O)c(c12)cnn2-c3ccccc3,HTS09883,1
c1ccccc1-c(c2C#N)c(n[n-]c2=O)-c3ccccc3,HTS09886,1
n1c(N)c(C(=O)N)cc(c12)c(C)nn2-c3ccccc3,HTS09915,1
CCOC(=O)Cn(c1=O)cnc(c12)c3c(o2)nc(-c4ccccc4)cc3-c5ccccc5,HTS09917,1
c1cccc(oc2=O)c1c(c23)Oc4c(c(=O)[nH]c(n4)C)[C@@H]3c5ccc(Cl)cc5,HTS09965,1
c1cccc([O-])c1C(=O)NC(=O)c2c(nccc2)Oc3ccc(C)cc3,HTS10048,1
c1ccccc1-c(noc2C)c2C(=O)N3CCCc(c34)cccc4,HTS10173,1
c1cccc(c12)CCCN2C(=O)c(c3)ccc(c34)nccn4,HTS10183,1
Fc1cccc(Cl)c1-c2c(c(on2)C)C(=O)N[C@@H](c3ccccc3)CN4CCOCC4,HTS10198,1
c1ccoc1-c(c2C#N)cc([nH]c2=O)-c3ccc(Cl)cc3,HTS10272,1
c1ccsc1-c(c2C#N)cc([n-]c2=O)-c(cc3)ccc3[N+]([O-])=O,HTS10273,1
c1ccsc1-c(c2C#N)cc([nH]c2=O)-c3ccccc3,HTS10306,1
c1ccoc1-c(c2C#N)cc([nH]c2=O)-c3occc3,HTS10308,1
c1ccoc1-c(c2C#N)cc([nH]c2=O)-c3ccc(C)cc3,HTS10309,1
c1ccoc1-c(c2C#N)cc([nH]c2=O)-c3ccccc3,HTS10310,1
FC(F)(F)C(=O)c1c(cccc2)c2c(c13)ccc(o3)-c4ccc(C)cc4,HTS10378,1
c1cccc(c12)ncc(c2-c3ccccc3)C(=O)c4ccc(cc4)CC,HTS10390,1
c1cccc([O-])c1C(=O)NC(=O)c(c2)ccc(c23)OCC3,HTS10445,1
c1cccc([O-])c1C(=O)NC(=O)c2c(C)c(C)ccc2,HTS10465,1
c1cccc(c12)oc([nH+]c2=O)-c3ccc(C)cc3,HTS10506,1
c1ccccc1-c(oc2C)cc2C(=O)Nc(cc3)cc(c34)ccc(n4)C,HTS10584,1
C1COc(c12)ccc(c2)C(=O)N3CC[NH+](CC3)CC(=O)N4CCCC4,HTS10782,1
FC(F)(F)c1cnc(cc1)N(CCC2)CCN2C(=O)c3cc(C)c(C)cc3,HTS10843,1
Clc1cccc(F)c1-c(noc2C)c2C(=O)N3CCN(CCC3)c(cc4)ncc4C(F)(F)F,HTS10845,1
Clc1ccc(cc1)CCN2C(=O)C[C@H](C2)C(=O)Nc(cc3)cc(c34)ccc(n4)C,HTS10909,1
c1ccoc1CN2C(=O)C[C@H](C2)C(=O)Nc(cc3)cc(c34)ccc(n4)C,HTS11015,1
c1cccc(c12)C(=O)C(C2=O)(c3ccccc3)N4CCN(CC4)c5ncccc5,HTS11161,1
c1cc(C)ccc1NC(=O)c2c(nccn2)C(=O)NC(CC3)CCN3C(=O)OCC,HTS11258,1
CCOC(=O)c(cn1)c(N)n1C(=O)c(cc2)ccc2-n3c(C)ccc3C,HTS11291,1
c1cc(C(F)(F)F)nc(C)c1C(=O)Nc(cc2)cc(c23)ccc(n3)C,HTS11350,1
s1nnc(C)c1C(=O)N(CC2)CCC2(O)c3ccc(Cl)cc3,HTS11371,1
O1COCc(c12)cc(F)cc2C(=O)N(CC3)CCC3(O)c4ccc(Cl)cc4,HTS11374,1
c1ccccc1-c(noc2C)c2C(=O)N3CC[NH2+]CC3,HTS11379,1
c1cccc(Cl)c1COc(cc2C(=O)NCCCC)cc(c2)OCc3c(Cl)cccc3,HTS11474,1
c1ccncc1-c(c2C#N)cc([nH]c2=O)-c3ccc(cc3)OC,HTS11499,1
O=c1[nH]c(=S)[nH]c(N)c1C(c2c(N)[nH]c(=S)[nH]c2=O)c3c(-c4ccc(C)cc4)nn(c3)-c5ccccc5,HTS11941,1
c1ccoc1-c2cc(-c3ccccc3)nc(o4)c2c(c45)ncn(c5=O)/N=C/c(c6)ccc(c67)OCO7,HTS12114,1
c1ccsc1-c(c2C#N)cc([nH]c2=O)-c3sccc3,HTS12392,1
Nc1c(C(=O)C)oc(c12)nc3c(c2-c4occc4)CCc5c3cccc5,HTS12448,1
CCOC(=O)c1cnn(c12)c(=O)c3c([nH]2)CCCC3,HTS12473,1
n1c(C)cc([O-])n(c12)ncc2C(=O)OCC,HTS12474,1
C1Cc2cccc(c2n13)c(c(c3=O)-c4ccccc4)OC(=O)c5ccccc5,HTS12477,1
Nc1c(C(=O)C)oc(c12)nc3c(c2-c4ccc(Cl)cc4)CCc5c3cccc5,HTS12568,1
c1cccc(SC2)c1c(c23)[nH]c(=O)c(C#N)c3-c4cnccc4,HTS12569,1
c1cccc(SC2)c1c(c23)[n-]c(=O)c(C#N)c3-c4ccc(F)cc4,HTS12570,1
c1cccc(OC2)c1c(c23)[nH]c(=O)c(C#N)c3-c4ccc(F)cc4,HTS12571,1
c1cccc(OC2)c1c(c23)[nH]c(=O)c(C#N)c3-c4ccc(Cl)cc4,HTS12573,1
c1cccc(OC2)c1c(c23)[n-]c(=O)c(C#N)c3-c4ccncc4,HTS12574,1
c1cccc(OC2)c1c(c23)[nH]c(=O)c(C#N)c3-c4occc4,HTS12577,1
c1cccc(OC2)c1c(c23)[nH]c(=O)c(C#N)c3-c4cnccc4,HTS12578,1
c1cccc(OC2)c1c(c23)[nH]c(=O)c(C#N)c3-c4c(Cl)cccc4,HTS12580,1
C1CCc([nH]2)c1c(=O)n(c23)ncc3C(=O)OCC,HTS12585,1
C1Cc2cccc(c2n13)c(c(c3=O)-c4ccccc4)OC(=O)c5ccc(F)cc5,HTS12590,1
C1Cc2cccc(c2n13)c(c(c3=O)-c4ccccc4)OC(=O)c5ccc(Cl)cc5,HTS12592,1
c1ccccc1-c(c2=O)c(OC(=O)C)c(c3n24)cccc3CC4,HTS12593,1
c1cccc2c1CCc(c23)c(-c4occc4)c(C#N)c(n3)OCC(=O)OCC,HTS12679,1
O=C(C)COc(n1)c(C#N)c(-c2occc2)c(c13)CCc4c3cccc4,HTS12680,1
c1cc(F)ccc1-c(c(C#N)c(=O)[nH]2)c(c23)CCc4c3cccc4,HTS12681,1
c1cccc(Cl)c1-c(c(C#N)c(=O)[nH]2)c(c23)CCc4c3cccc4,HTS12682,1
c1ccsc1-c(c(C#N)c(=O)[nH]2)c(c23)CCc4c3cccc4,HTS12683,1
c1cc(Cl)ccc1-c(c(C#N)c(=O)[nH]2)c(c23)CCc4c3cccc4,HTS12684,1
c1cc(OC)ccc1-c(c(C#N)c(=O)[nH]2)c(c23)CCc4c3cccc4,HTS12685,1
c1ccncc1-c(c(C#N)c(=O)[nH]2)c(c23)CCc4c3cccc4,HTS12686,1
c1ccoc1-c(c(C#N)c(=O)[nH]2)c(c23)CCc4c3cccc4,HTS12687,1
c1ccccc1-c(c(C#N)c(=O)[nH]2)c(c23)CCc4c3cccc4,HTS12688,1
c1ccc2CCn(c3=O)c2c1c(c34)oc(=O)cc4OC(=O)c5occc5,HTS12695,1
c1ccc2CCn(c3=O)c2c1c(c34)oc(=O)cc4OC(=O)c5ccc(Cl)cc5,HTS12697,1
CCOC(=O)c(cn1)c(N)n1-c2ncnc(c23)n(nc3)-c4ccccc4,HTS12855,1
[nH+]1c(C)oc(=O)c(c12)cnn2-c3ccccc3,HTS12935,1
Cc1cc(C)nc(o2)c1c(c23)NC(=O)CN(C3=O)c4ccc(Cl)cc4,HTS13313,1
Cc1cc(C)nc(o2)c1c(c23)NC(=O)CN(C3=O)c4cc(Cl)ccc4,HTS13314,1
c1ccsc1-c(c2C#N)cc([nH]c2=O)-c3ccc(F)cc3,HTS13328,1
c1ccsc1-c(c2C#N)cc([nH]c2=O)-c3ccc(C)cc3,HTS13329,1
c1ccccc1-c(cc2C)nc(o3)c2c(c34)NC(=O)CN(C4=O)c5ccc(Cl)cc5,HTS13393,1
c1ccccc1-c(cc2C)nc(o3)c2c(c34)NC(=O)CN(C4=O)c5cc(Cl)ccc5,HTS13394,1
c1cccc(oc2=O)c1c(c23)cc(c(C#N)c3N)-c4cnccc4,HTS13474,1
n1snc(c12)ccc(c2)NC(=O)c3ccc(cc3)CCC,HTS13722,1
O1CCc(c12)cccc2C(=O)Nc(c3)ccc(c34)nsn4,HTS13726,1
n1snc(c12)cccc2C(=O)Nc(cc3)cc(c34)ccc(n4)C,HTS13819,1
n1snc(c12)cccc2C(=O)NCc(cc3)ccc3-c4sccc4,HTS13831,1
n1snc(c12)cccc2C(=O)NCc(c3)ccc(c34)scc4,HTS13840,1
n1snc(c12)cccc2C(=O)NCCc3cccc(c34)CCO4,HTS13864,1
n1snc(c12)cccc2C(=O)NCCc(cc3)ccc3Cl,HTS13871,1
n1snc(c12)cccc2C(=O)NCc3c(Cl)cccc3,HTS13873,1
n1snc(c12)cccc2C(=O)N3CCN(CC3)c4ccc(Cl)cc4,HTS13886,1
n1snc(c12)cccc2C(=O)N3CCN(CC3)c4cc(Cl)ccc4,HTS13888,1
n1snc(c12)cccc2C(=O)N(C)Cc3c(noc3C)-c4ccccc4,HTS13895,1
n1snc(c12)cccc2C(=O)N(C)Cc(no3)cc3-c4ccccc4,HTS13900,1
n1snc(c12)cccc2C(=O)N(C)Cc(c3)ccnc3N4CCOCC4,HTS13903,1
n1snc(c12)cccc2C(=O)N(C)Cc(cc3)ccc3-c4cncnc4,HTS13904,1
n1snc(c12)cccc2C(=O)N(C)Cc(cc3)ccc3-c4cscc4,HTS13905,1
n1snc(c12)cccc2C(=O)N3CCN(CC3)c4c(Cl)cccc4,HTS13908,1
n1snc(c12)cccc2C(=O)N3CCN(CC3)c4cc(C)[nH+]c(c45)cccc5,HTS13912,1
O1CCOc(c12)cccc2C(=O)Nc(ccc3)cc3-c4cncnc4,HTS13918,1
O1CCOc(c12)cccc2C(=O)N3CCN(CC3)c4ncccn4,HTS13919,1
CC[C@@]12[C@H]3c4n(C(=O)C1)c5c(cccc5)c4CC[N@H+]3CCC2,HTS13967,1
Nc1n[nH]c(c12)cc(=O)[nH]c2[O-],JA00082,1
Cc1c(OC)ccc(c12)C(=O)NCC(O2)(C)C,JFD00047,1
c1cccc(s2)c1nc3c(cccc4)c4c(c5c23)nc6c(o5)cc7c(c6)nc8c(o7)c9c(c1c8cccc1)nc1c(s9)cccc1,JFD00243,1
c1ccccc1-n(nnn2)c2/C(=C\N(C)C)C(=O)c(cc3)ccc3C(F)(F)F,JFD00271,1
N#CCCn1c(=O)ccc(c12)CCCC2,JFD00498,1
c1cc(C)ccc1-n(nnn2)c2-c(c3=O)c[nH]c(c34)cccc4,JFD00601,1
c1ccccc1-n(nnn2)c2-c(c3=O)c[nH]c(c34)cccc4,JFD00602,1
c1ccccc1-n(nnn2)c2/C(=C/N(C)C)C(=O)c3ccc(C)cc3,JFD00603,1
c1ccccc1-n(nnn2)c2/C(=C/N(C)C)C(=O)c3cc(C(F)(F)F)ccc3,JFD00605,1
O=C([O-])c1c(C(=O)C)c(=O)[nH]c(c12)cccc2,JFD00785,1
c1ccccc1-c([nH]2)cc(=O)c(c23)cccc3,JFD00822,1
Cn1c(=O)n(C)c(=O)c(c12)cc3c(n2)ccc(c3)C,JFD00841,1
Cn1c(=O)n(C)c(=O)c(c12)c3c(c(=O)n2C)cc4c(n3)cccc4,JFD00844,1
CCOC(=O)C(C(=O)OCC)c1c([N+]([O-])=O)c(=O)n(C)c(c12)cccc2,JFD00846,1
Cn1c(=O)n(C)c(=O)c(c12)cc3c(n2)cc(C)cc3,JFD00850,1
Cn1c(=O)n(C)c(=O)c(c12)c3c(c(=O)n2C)cc4c(n3)ccc([N+]([O-])=O)c4,JFD00860,1
c1ccccc1-n2c(=O)c(c3c(c24)c(=O)n(C)c(=O)n4C)cc5c(n3)ccc([N+]([O-])=O)c5,JFD01337,1
c1c(Cl)ccc(c12)noc2-c3ccccc3,JFD01363,1
c1cccc2c1n(C)c(c23)CCCC\3=N/OC(=O)c4ccc(C(C)(C)C)cc4,JFD01617,1
c1cccc2c1n(C)c(c23)CCCC\3=N/OC(=O)c4cccc(c45)cccc5,JFD01625,1
Fc1cccc(Cl)c1-c2c(c(on2)C)C(=O)NCCc(cc3)ccc3OC,JFD01669,1
c1cocc1C(=O)N(c2ncccc2)[C@@H](C)CN3CC[NH+](CC3)Cc4ccccc4,JFD01674,1
CC(C)C(=O)Nc(n1)[n-]c(=O)c(c12)ncn2[C@@H]3O[C@@H]([C@H](C3)OC(=O)C)COC(=O)C,JFD01829,1
c1cc(Cl)cc(Cl)c1C(=O)NCCc(c2)ccc(OC)c2OC,JFD01864,1
CC[C@]12[C@@H]3c4n(C(=O)C1)c5c(cccc5)c4CC[N@@H+]3CCC2,JFD01913,1
Oc1ccc(O)c2c1C(=O)c(c3c24)c(NCCC[NH3+])ccc3n(n4)CC[NH2+]CCO,JFD02062,1
c1cccc(c12)C(=O)C(=C2[O-])c3cc(OC)ccc3,JFD02086,1
c1cccnc1CN[C@](C(F)(F)F)(C(=O)OCC)NC(=O)c2cnccc2,JFD02226,1
c1ccccc1-n2c(=O)n(-c3ccccc3)c(=O)c(c24)c(N5CCCCC5)cc(n4)N6CCCCC6,JFD02475,1
c1ccccc1-c(c(c23)cccc3)oc2-c4ccccc4,JFD02768,1
c1cccc(C(F)(F)F)c1-c2oc(cc2)C=C(C#N)C#N,JFD02882,1
c1ccccc1-n2c(=O)c(CC)c([O-])c(Cl)c2-c3ccccc3,JFD03073,1
c1cccc(c12)[nH]c([O-])c(c2=O)C(=O)Nc3ccc(Cl)cc3,JFD03148,1
OC1CC(C)(C)C=C(C=12)NC(C)=C(C#N)[C@@H]2c3oc(cc3)-c4c(C(F)(F)F)cccc4,JFD03288,1
c1cccc(Cl)c1-c(noc2C)c2C(=O)Nc3ccc(Cl)cc3,JFD03329,1
c1ccccc1N(C2=O)C(=O)c(c3c24)cccc3c(cc4)N5CCOCC5,JFD03661,1
c1ccccc1-c2c(noc2C)/N=C/c3ccc(Cl)cc3,JFD03796,1
c1ccccc1C[C@](C2=O)(CCCC)C(=O)c(c3n24)cccc3c5c4cccc5,JFD03991,1
c1ccccc1-c(c2C#N)cc([nH]c2=O)-c3ccccc3,JFD03993,1
C[NH+](C)C[C@@H](C1=O)CCc(c12)n(C)c3c2cccc3,JFD04011,1
c1cc(C)ccc1-c(cncn2)c2NC(=O)c3ccccc3,JM00055,1
c1c(=O)[nH]n(C)c1Nc(cc2Cl)ccc2C,JM00146,1
[nH]1c(=O)c(Cl)c(C)c(c12)cccc2Cl,JM00482,1
Cc1c(Cl)c(=O)[nH]c(c12)cccc2,JM00483,1
Clc1cccc(Cl)c1-c(noc2C)c2C(=O)N3CCC(CC3)CCCC(CC4)CCN4C(=O)c5c(noc5C)-c6c(Cl)cccc6Cl,JP00999,1
n1c(C)cc(n12)[nH]c(C)cc2=O,KM00085,1
n1c(C)cc(n12)[nH]c(cc2=O)-c3ccccc3,KM00095,1
O=C([O-])c1c(C(=O)[O-])c(C)nc(c12)cccc2,KM00251,1
O=C1NC(=O)c(c12)c3c(nc2C)cccc3,KM00253,1
Cn1nc(C)c(c12)c(C)cc(=O)[nH]2,KM00293,1
[nH]1c(=O)cc(C)c(c12)c(C)nn2C(C)(C)C,KM00300,1
CC(C)(C)c(n1)cc(n12)[nH]c(C)cc2=O,KM00319,1
CC(C)(C)c(n1)cc(n12)[nH]c(cc2=O)-c3ccccc3,KM00321,1
O=c1cc(C)[nH]c(n12)cc(n2)-c3ccc(C(C)(C)C)cc3,KM00347,1
CCOC(=O)c(c1[O-])cnc(n12)cc(n2)-c3ccccc3,KM00419,1
CCOC(=O)c(c1[O-])cnc(n12)cc(n2)-c3ccc(C(C)(C)C)cc3,KM00424,1
CC(C)(C)c(n1)cc(n12)ncc(c2[O-])C(=O)OCC,KM00426,1
O=C([O-])c1c(N)c(C)nc(c12)cccc2,KM00428,1
C1CC1c2nn(C)c(c23)ncc(C(=O)OCC)c3N4CCCCC4,KM00474,1
C1CC1c2nn(C)c(c23)ncc(C(=O)OCC)c3N4CCOCC4,KM00476,1
O=c1cc(COC)[nH]c(n12)cc(n2)-c3ccccc3,KM00727,1
CC(C)(C)c(n1)cc(n12)[nH]c(cc2=O)COC,KM00736,1
n1c(C)cc(n12)[nH]c(cc2=O)COC,KM00739,1
O=c1cc(C)[nH]c(n12)cc(n2)C3CC3,KM00747,1
n1c(C)cc(C)n(c12)ncc2/C(N)=N/OC(=O)c3c(Cl)cccc3,KM00753,1
n1c(C)cc(C)n(c12)ncc2/C(N)=N/OC(=O)c3c(F)cccc3,KM00793,1
C1CC1c(n2)cc(n23)ncc(c3[O-])C(=O)OCC,KM00819,1
Cn1nc(C)c(c12)c(cc(=O)[nH]2)COC,KM00834,1
[nH]1c(=O)cc(C)c(c12)c(nn2C)-c3ccccc3,KM01147,1
[nH]1c(=O)cc(COC)c(c12)c(nn2C)-c3ccccc3,KM01148,1
O=S(=O)(C)c1c(C#N)c(on1)-c2ccc(Cl)cc2,KM01484,1
n1c(C)cc(n12)ncc(c2C)C(=O)OCC,KM01494,1
n1c(C)cc(n12)ncc(C(=O)[O-])c2C,KM01560,1
n1c(C)cc(n12)nnc(c2C)C(=O)NCC(=O)OCC,KM01656,1
CCOC(=O)c(c1C)cnc(n12)cc(n2)-c3ccccc3,KM01667,1
O=C(C)c(c1C)cnc(n12)cc(n2)C3CC3,KM01788,1
n1c(C)cc(n12)ncc(c2C)C(=O)C,KM01797,1
O=C(C)c(c1C)cnc(n12)cc(n2)-c3ccccc3,KM01798,1
n1c(C)cc(n12)ncc(c2C)C(=O)/C=C/N(C)C,KM01818,1
n1c(C)cc(C)c(c12)ccc(n2)NC(=O)c(cc3)ccc3C(F)(F)F,KM01958,1
n1n(C)cc(Br)c1-c2cc(ccc2)NC(=O)c3c(Cl)cccc3,KM02044,1
n1c(C)cc(n12)ncc(c2[O-])C(=O)OCC,KM02153,1
Cc1nn(C)c(c12)ncc(C(=O)OCC)c2Oc3ccc(cc3)OC,KM02360,1
Cc1nn(C)c(c12)ncc(C(=O)OCC)c2Oc3ccc(F)cc3,KM02366,1
c1ccccc1C(=O)/C(C#N)=N/Nc(ccc2)cc2-c3nc(C)ncc3,KM02507,1
N#Cc1c([S@](=O)C)noc1-c2ccc(Cl)cc2,KM02520,1
Fc1cccc(Cl)c1-c2c(c(on2)C)C(=O)N=[S@@](=O)(C)c3ccc(Cl)cc3,KM02809,1
c1cccc(Cl)c1-c(noc2C)c2C(=O)N=[S@@](=O)(C)c3ccc(Cl)cc3,KM02810,1
Clc1cccc(Cl)c1-c2c(c(on2)C)C(=O)N=[S@@](=O)(C)c3ccccc3,KM02827,1
Cc1nn(C)c(c12)ncc(c2OC)C(=O)OC,KM02864,1
c1cccc(Cl)c1-c(noc2C)c2C(=O)Nc(csc3)c3S(=O)(=O)CCC,KM02979,1
Cc1nn(C)c(c12)ncc(c2SC(C)C)C(=O)Nc3ccc(Cl)cc3,KM02984,1
Cc1nn(C)c(c12)ncc(c2SC(C)C)C(=O)Nc(cc3Cl)ccc3F,KM02986,1
Clc1cccc(Cl)c1-c2c(c(on2)C)NC(=O)N=[S@@](=O)(C)c3ccccc3,KM03041,1
Clc1cccc(Cl)c1-c2c(c(on2)C)NC(=O)N=[S@@](=O)(C)c3ccc(Cl)cc3,KM03042,1
O=S(C)(C)=NC(=O)c(c(on1)C)c1-c2c(Cl)cccc2Cl,KM03247,1
O=S(C)(C)=NC(=O)c1c(noc1C)-c2c(Cl)cccc2,KM03261,1
O=S(C)(C)=NC(=O)c(c(on1)C)c1-c2c(Cl)cccc2F,KM03262,1
[nH]1c(C)cc(=O)c(c12)ccc(n2)N,KM03366,1
n1c(C)cc(n12)nnc(c2C)C(=O)/C=C/N(C)C,KM03432,1
o1nc(C)c([N+]([O-])=O)c1NC(=O)c(c(on2)C)c2-c3c(Cl)cccc3Cl,KM03735,1
o1nc(C)c([N+]([O-])=O)c1NC(=O)c(c(on2)C)c2-c3c(Cl)cccc3F,KM03742,1
Fc1cccc(Cl)c1-c2c(c(on2)C)C(=O)N[C@H](C3=O)CCS3,KM03961,1
Cn1nc(C)c(c12)c(C)cc(n2)NNC(=O)c3ccc(Cl)cc3,KM03972,1
Cn1nc(C)c(c12)c(C)cc(n2)NNC(=O)c(cc3C(F)(F)F)ccc3,KM03973,1
Cn1nc(C)c(c12)c(C)cc(n2)NNC(=O)c3c(Cl)cccc3,KM04177,1
n1c(C)cc(n12)ncc(c2C)-c3nc(ncc3)SCC(=O)c4ccccc4,KM04844,1
Cc1nn(C)c(c12)ncc(C(=O)OCC)c2Oc3c(F)cccc3,KM05103,1
Cc1nn(C)c(c12)ncc(C(=O)[O-])c2O,KM05117,1
n1n(C)cc(Br)c1-c2cc(ccc2)NC(CSC3)=C3C(=O)OC,KM05171,1
c1noc2c1CCc(c23)c(sc3SC)C(=O)NC(=O)Nc4ccc(Cl)cc4,KM05396,1
FC(F)(F)c(n1)cc(C(F)(F)F)n(c12)ncc2C(=O)Nc(cc3C(F)(F)F)ccc3,KM05633,1
c1cc(Cl)ccc1C(=O)n2nc(cc2)-c(cc3)cc(c34)CCC(O4)(C)C,KM05644,1
FC(F)(F)c(n1)cc(C(F)(F)F)n(c12)ncc2C(=O)NC,KM05656,1
Fc1cccc(Cl)c1-c2c(c(on2)C)C(=O)O/N=C(C)\OCC,KM05734,1
Clc1cccc(Cl)c1-c2c(c(on2)C)C(=O)O/N=C(C)\OCC,KM05735,1
O1C(C)(C)CCc(c12)cc(cc2)-c(ccn3)nc3SCC(=O)c4ccccc4,KM05855,1
O1C(C)(C)CCc(c12)cc(cc2)-c(ccn3)nc3SCC(=O)c4ccc(Cl)cc4,KM05856,1
c1cc(OC)ccc1C(=O)N=S2CCN(CC2)C(=O)c3ccc(Cl)cc3,KM06139,1
FC(F)(F)c(n1)cc(C(F)(F)F)n(c12)ncc2C(=O)NCC(C)C,KM06152,1
CC(C)(C)c(n1)cc(n12)[nH]c(cc2=O)-c3cc(C(F)(F)F)cc(C(F)(F)F)c3,KM06224,1
Clc1cccc(Cl)c1-c2c(c(on2)C)C(=O)N=[S@](CC3)CC34OCCO4,KM06233,1
Clc1cccc(Cl)c1-c2c(c(on2)C)C(=O)Nc3cccc(c34)nsn4,KM06541,1
c1cccc(Cl)c1-c(noc2C)c2C(=O)Nc3cccc(c34)nsn4,KM06544,1
Cc1nn(C)c(c12)ncc(C(=O)N)c2Oc(cc3C(F)(F)F)ccc3,KM06767,1
Cc1nn(C)c(c12)ncc(C(=O)N)c2Oc3cnccc3,KM06777,1
c1cccc(c12)c(CC(=O)OCC)nn(c2=O)Cc3c(F)cc(Br)cc3,KM06926,1
C1COCCN1C(=O)c(c2)ccc(c23)OCC3,KM07011,1
CNC(=O)c(c1)ccc(c12)OCC2,KM07016,1
CC(C)(C)NC(=O)c(c1)ccc(c12)OCC2,KM07020,1
CC(C)(C)N(C)C(=O)c(c1)ccc(c12)OCC2,KM07074,1
Cc1c(=O)[nH]c(C)c(C)c1O,KM07112,1
c1cccc(c12)OC[C@@H](O2)CNC(=O)c3ccc(Cl)cc3,KM07115,1
Sc1nnc(n1C)Cc(nn(c2=O)C)c(c23)cccc3,KM07366,1
CC(C)(C)c(n1)cc(n12)nc(C(F)(F)F)cc2NNC(=O)c3ccc(Cl)cc3,KM07972,1
CC(C)(C)c(n1)cc(n12)nc(C(F)(F)F)cc2NNC(=O)c3ccccc3,KM07973,1
CC(C)(C)c(n1)cc(n12)nc(C(F)(F)F)cc2NNC(=O)c3cc(Cl)cc(Cl)c3,KM07974,1
c1cccc(c2C(=O)N)c1nc(c23)cccc3,KM08233,1
COc1cc(C(F)(F)F)nc(c12)ccc(C)c2NC(=O)c3ccc(Cl)cc3,KM08316,1
c1ccccc1-c(noc2C)c2C(=O)OCC#Cc(cnc3)cc3C(=O)OCC,KM08361,1
Clc1cccc(Cl)c1-c2c(c(on2)C)C(=O)N=[S@@](=O)(C)c3ncc(C(F)(F)F)cc3,KM08418,1
Cn1[n-]c(=O)c(c12)c(SC)nc3c2cccc3Cl,KM08890,1
Cn1[n-]c(=O)c(c1c23)cnc2n(C)nc3C,KM08897,1
c1cccc(Cl)c1Cn(n2C)c(=O)c(c2c34)cnc3n(C)nc4C,KM08906,1
Cc1nn(C)c(c12)ncc(C(=O)OCC)c2NNc3ccccc3,KM08910,1
c1cc(Cl)ccc1Cn(n2C)c(=O)c(c2c34)cnc3n(C)nc4C,KM08912,1
c1c(C)ccc(C)c1Cn(n2C)c(=O)c(c2c34)cnc3n(C)nc4C,KM08913,1
c1ccccc1Cn(n2C)c(=O)c(c2c34)cnc3n(C)nc4C,KM08914,1
c1ccccc1Cn(c2=O)n(C)c(c23)c4c(nc3SC)c(Cl)ccc4,KM08963,1
c1cc(Cl)ccc1Cn(c2=O)n(C)c(c23)c4c(nc3SC)c(Cl)ccc4,KM08964,1
c1cccc(Cl)c1Cn(c2=O)n(C)c(c23)c4c(nc3SC)c(Cl)ccc4,KM08965,1
CCOC(=O)Cn(n1C)c(=O)c(c1c23)cnc2n(C)nc3C,KM08998,1
CC(C)c1ccc(cc1)NC(=O)c2c(-c3ccccc3)nnc(c24)cccc4,KM09121,1
CC(C)(C)c(n1)cc(n12)nc(C(F)(F)F)cc2N3CCN(CC3)C(=O)c4ccc(Cl)cc4,KM09132,1
CC(C)(C)c(n1)cc(n12)nc(C(F)(F)F)cc2N3CCN(CC3)C(=O)c4ccccc4,KM09148,1
CC(C)(C)c(n1)cc(n12)nc(C(F)(F)F)cc2N3CCN(CC3)C(=O)c(cc4)ccc4C(F)(F)F,KM09149,1
Clc1cc(Cl)cc(c12)ncc(C(=O)[O-])c2O,KM09246,1
c1ccoc1-c(n2)cc(n23)nc(cc3C(F)(F)F)-c4ccncc4,KM09393,1
c1ccoc1-c(n2)cc(n23)nc(cc3[O-])-c4cnccc4,KM09394,1
Cc1nn(C)c(c12)ncc(C(=O)OCC)c2N3CCC(CC3)n4cccc4,KM09482,1
n1c(C)cc(n12)[nH]c(cc2=O)CC(=O)OCC,KM09487,1
CC(C)(C)c(n1)cc(n12)[nH]c(cc2=O)CC(=O)OCC,KM09502,1
Cc1nn(C)c(c12)ncc(C(=O)OCC)c2N3CCC(CC3)C(=O)OCC,KM09907,1
Clc1cccc(c12)c(cc(n2)C(F)(F)F)Nc3cc(no3)C,KM09966,1
c1cc(OC)ccc1NC(=O)c(c2)ccc(c23)nccc3,KM10123,1
c1ccnc(c12)ccc(c2)C(=O)N3CCN(CC3)c4ccccc4,KM10135,1
C1COCCN1C(=O)c(c2)ccc(c23)nccc3,KM10150,1
c1ccoc1-c(n2)cc(n23)nc(cc3C(F)(F)F)-c(c4)ccc(c45)OCO5,KM10348,1
c1ccoc1-c(n2)cc(n23)nc(cc3C(F)(F)F)-c4cc(OC)c(cc4)OC,KM10412,1
c1cccc(Cl)c1-c(noc2C)c2C(=O)NC(C3)Cc(c34)cccc4,KM10487,1
C1COCCN1c2cc(C(F)(F)F)nc(c23)ccc(c3)C(=O)OCC,KM10691,1
c1c(C)cc(C)c(c12)cc([nH]2)C(=O)Nc3nc(C)ccc3,KM11005,1
CCc(c1)ccc(c12)[nH]c(c2)C(=O)NCCN3CCOCC3,KM11016,1
CCCCNC(=O)c([nH]1)cc(c12)c(C)cc(c2)C,KM11033,1
COC[C@H](C)NC(=O)c([nH]1)cc(c12)c(C)cc(c2)C,KM11035,1
c1c(C)cc(C)c(c12)cc([nH]2)C(=O)Nc3nc(C)c(Br)cc3,KM11046,1
Fc1cccc(Cl)c1-c(noc2C)c2C(=O)N3CCN(CC3)c4cc[nH+]c(c45)cc(Cl)cc5,KM11058,1
c1ccc(Cl)cc1C(=O)NCCc(c2)ccc(OC)c2OC,MB00248,1
c1cc(Cl)ccc1C(=O)NCCc(c2)ccc(OC)c2OC,MB00249,1
c1cc(Cl)c(Cl)cc1C(=O)NCCc(c2)ccc(OC)c2OC,MB00250,1
Clc1cccc(Cl)c1-c2c(c(on2)C)C(=O)NC(=O)c3sc(cc3)-c4ccc(Cl)cc4,MBE00137,1
Clc1cccc(Cl)c1-c2c(c(on2)C)C(=O)O\N=C3\SC(=S)N(C)N[C@@H]3c4ccccc4,MBE00211,1
O=C([O-])c1cc(=O)[nH]c(c1)C,MO00027,1
FC(F)(F)COc(c1C(=O)N)c(C#N)c(cc1)OCC(F)(F)F,MWP01167,1
c1cccc(c12)c(nn(c2=O)CCO)-c3cc(C(F)(F)F)cc(C(F)(F)F)c3,NH00131,1
c1cccc(c12)c(nn(c2=O)C)-c3cc(C(F)(F)F)cc(C(F)(F)F)c3,NH00132,1
c1cc(Cl)cc(c12)nc(oc2=O)-c3cc(C)ccc3,NRB00165,1
c1c(C)cc(C)c(c12)nc(oc2=O)-c3ccc(C(F)(F)F)cc3,NRB00188,1
c1c(C)cc(C)c(c12)nc(oc2=O)-c3ccc(C(C)(C)C)cc3,NRB00192,1
Cc1cc(C)nc(c12)CC(C)(C)CC2=O,NRB00456,1
c1cccc(c12)c(=O)[nH]c3c2cccc3,NRB00684,1
[nH]1c(C)cc(=O)c(c12)cccc2C,NRB00906,1
c1ccccc1-c(c2=O)c([O-])[nH]c(c23)cc(cc3)OC,NRB02373,1
c1cccc(c2=O)c1[nH]c(c23)cccc3,NRB02376,1
c1cc(Cl)ccc1[C@H]2[C@H](N2C3CCCCC3)C(=O)c4c(cccc4)OCc5ccccc5,NRB02656,1
c1ccccc1CNc(c(c2=O)CC)c(c3n24)cccc3CCC4,NRB03063,1
c1cccc(c2)c1c(c23)ccc(o3)-c4ccccc4,NRB03510,1
c1cccc(c2)c1c(c23)c(C)cc(o3)-c4ccccc4,NRB03911,1
c1cccc(oc2=O)c1c(c23)nc4c(c3)cc(C)cc4,NRB03943,1
c1cccc(oc2=O)c1c(c23)n(C)c(=O)cc3C(=O)OCC,NRB03953,1
c1cc(Br)ccc1Nn2c(=O)ccc(c23)cccc3,NRB04059,1
CCn1c(=O)c(CCCC)c(O)c(c12)ccc(c2)C,NRB04784,1
c1c(Cl)ccc2c1C(C)(C)c(n23)cc4c(c3=O)c([O-])cc(o4)=O,NRB05064,1
O=c1c(C(=O)C)c([O-])cc(n12)C(C)(C)c3c2cccc3,NRB05066,1
c1c(Cl)ccc2c1C(C)(C)c(n23)cc([O-])c(c3=O)-c4ccccc4,NRB05092,1
O=c1c(C(=O)C)c(O)c(c2n13)cccc2c4c3cccc4,NRB05103,1
c1ccccc1Oc2c(I)c(=O)[nH]c(c23)cccc3,NRB05265,1
N#Cc1c(N)n(N)c(=O)c(C#N)c1-c2ccc(C#N)cc2,P00086,1
c1cc(Cl)ccc1C(=O)c2c(C(=O)OC)cc(=O)n(c23)CCS3,PD00061,1
c1cc(C)ccc1-c(c(C#N)c(=O)n2C(=O)C)cc2-c3ccc(C)cc3,PD00088,1
c1cc(OC)ccc1-c(c2C#N)cc([nH]c2=O)-c3ccc(C)cc3,PD00091,1
c1cc(C(C)C)ccc1-n(c2=O)ncc(c23)cccc3,PD00570,1
c1cccc(c12)cnn(c2=O)-c3cc(Cl)ccc3Cl,PD00582,1
O=c1n(C)c(=O)n(C)c(c12)nc(-c3cc(F)ccc3)cc2-c4ccc(F)cc4,PD00622,1
c1cccc(Cl)c1-c2c(c(on2)C)C(=O)NNC(=O)c(s3)cc(c34)CCc5c4cccc5,PD00647,1
c1cccc(Cl)c1-c(noc2C)c2C(=O)N(CC(=O)OCC)c3ccc(F)cc3,PD00692,1
c1cccc(C2=O)c1c(c23)n(CC4CC4)c(=O)c5c3cccc5,PD00715,1
c1cccc(C2=O)c1c(c23)n(c(=O)c4c3cccc4)Cc5ccc(cc5)OC,PD00732,1
c1cc(Cl)ccc1CN(C(=O)c(c23)cccc3)[C@H]([C@@H]2C(=O)[O-])c4ccc(cc4)OC,PD00735,1
c1cccc(Cl)c1-c(noc2C)c2C(=O)N3CCN(CC3)C(=O)OCC,PD00840,1
c1cccc2c1nc(n23)c4c5c(c3=O)cccc5ccc4,PHG00154,1
c1cnccc1CN(C2=O)C(=O)c(c3c24)cccc3cc([N+]([O-])=O)c4,PHG00253,1
C1COCCN1CCCN(C2=O)C(=O)c(c3c24)cccc3cc([N+]([O-])=O)c4,PHG00531,1
c1cccnc1CCN(C2=O)C(=O)c(c3c24)cccc3ccc4,PHG00951,1
C1CCO[C@H]1CN(C2=O)C(=O)c(c3c24)cccc3c([N+]([O-])=O)cc4,PHG00960,1
c1cccnc1CCN(C2=O)C(=O)c(c3c24)cccc3c([N+]([O-])=O)cc4,PHG00962,1
c1ccncc1CN(C2=O)C(=O)c(c3c24)cccc3c([N+]([O-])=O)cc4,PHG00963,1
C1COCCN1CCCN(C2=O)C(=O)c(c3c24)cccc3c([N+]([O-])=O)cc4,PHG00967,1
c1ccncc1CN(C2=O)C(=O)c(c3c24)cccc3cc([N+]([O-])=O)c4,PHG00990,1
C1CCO[C@H]1CN(C2=O)C(=O)c(c3c24)cccc3cc([N+]([O-])=O)c4,PHG00991,1
c1cccnc1CCN(C2=O)C(=O)c(c3c24)cccc3c(cc4)Sc5ccccc5,PHG01040,1
c1cccnc1CCN(C2=O)C(=O)c(c3c24)cccc3c(cc4)SCCO,PHG01042,1
c1cccnc1CCN(C2=O)C(=O)c(c3c24)cccc3c(cc4)SCCC,PHG01044,1
c1cc(Br)ccc1-n(c2=O)nnc(c23)cccc3,RB00242,1
c1c(Cl)cc(Cl)c(O)c1-c(n2)cc(C(=O)[O-])c(c23)ccc4c3cccc4,RB00362,1
CCOC(=O)c(c1C)oc(c12)cc(C)cc2C,RDR01030,1
c1cc(C)ccc1C(=O)Nc2c(C#N)c(-c3ccccc3)cc(n2)-c4ccccc4,RDR03399,1
O1CCN=C1c(c(on2)C)c2-c3c(Cl)cccc3Cl,RDR03685,1
c1cccc(Cl)c1-c2c(c(on2)C)C3=NCCO3,RDR03686,1
O1CCN=C1c(c(on2)C)c2-c3c(F)cccc3Cl,RDR03687,1
Clc1cccc(Cl)c1-c2c(c(on2)C)C(=O)Nc(c3Cl)cccc3Cl,RF00038,1
CC(C)(C)CC(C)(C)NC(=O)c(c(on1)C)c1-c2c(Cl)cccc2Cl,RF00040,1
[O-][N+](=O)c1c(C)c(C#N)c(=O)[n-]c1C,RF00054,1
[O-][N+](=O)c1c(C)c(C(=O)N)c(=O)[nH]c1C,RF00069,1
Cc1cc(C)cc(c12)occ(c2=O)-c(cc3C(=O)[O-])nc(c34)cc5c(c4)cccc5,RF00088,1
c1cccc(c12)occ(c2=O)\C=N\NC(=O)c3cnccc3,RF00099,1
N#Cc1c(C(F)(F)F)cc([n-]c1=O)-c2sccc2,RF00195,1
n1oc(C)c(/C=N/O)c1-c2c(Cl)cccc2Cl,RF00371,1
Clc1cccc(Cl)c1-c2c(c(on2)C)C(=O)NNc3ncccc3,RF00551,1
Clc1cccc(Cl)c1-c2c(c(on2)C)C(=O)NNc3cc(Cl)ccc3Cl,RF00552,1
Clc1cccc(Cl)c1-c2c(c(on2)C)C(=O)NN3CCCCC3,RF00556,1
Clc1cccc(Cl)c1-c2c(c(on2)C)C(=O)NN3CCCCCC3,RF00557,1
CN(C)NC(=O)c(c(on1)C)c1-c2c(Cl)cccc2Cl,RF00561,1
Clc1cccc(Cl)c1-c2c(c(on2)C)C(=O)NNc3ccccc3,RF00562,1
Clc1cccc(Cl)c1-c2c(c(on2)C)/C=N/OC(=O)c3ccccc3,RF00573,1
n1oc(C)c(CO)c1-c2c(Cl)cccc2Cl,RF00619,1
COc1c(Cl)cc(Cl)c(OC)c1C(=O)NCCC[NH+](C)C,RF00635,1
Clc1cccc(F)c1-c(noc2C)c2C(=O)N(C)C(=O)N(C)C(=O)c3c(noc3C)-c4c(F)cccc4Cl,RF00698,1
n1oc(C)c(C#N)c1-c2c(Cl)cccc2Cl,RF00723,1
n1oc(C)c(C(=O)N)c1-c2c(F)cccc2Cl,RF00732,1
n1oc(C)c(C#N)c1-c2c(Cl)cccc2F,RF00744,1
n1oc(C)c(C(=S)N)c1-c2c(Cl)cccc2F,RF00747,1
n1oc(C)c(C(=S)N)c1-c2c(Cl)cccc2Cl,RF00748,1
n1oc(C)c(/C(N)=N/O)c1-c2c(Cl)cccc2F,RF00760,1
O=C([O-])c1cc(=O)[nH]c(c12)cccc2,RF00768,1
Clc1cccc(F)c1-c2c(c(on2)C)/C(N)=N/OC(=O)c3ccc(C(C)(C)C)cc3,RF00797,1
Clc1cccc(F)c1-c2c(c(on2)C)/C(N)=N/OC(=O)c(c(on3)C)c3-c4c(Cl)cccc4Cl,RF00799,1
Clc1cccc(Cl)c1-c2c(c(on2)C)/C(N)=N/OC(=O)NCCC,RF00806,1
CN(C)C(=O)O\N=C(N)\c(c(on1)C)c1-c2c(Cl)cccc2Cl,RF00807,1
N#Cc1c(=O)[nH]c(C)c(Cl)c1C,RF00816,1
Clc1cccc(Cl)c1-c2c(c(on2)C)C(=O)O/N=C(\C#N)c3ccccc3,RF00856,1
c1cccc(Cl)c1-c2c(c(on2)C)C(=O)O/N=C/C(=O)c3ccccc3,RF00885,1
O=C([O-])c1cc(=O)[nH]c(c12)c(Cl)cc(Cl)c2,RF00901,1
CN(C)NC(=O)Nc(c(on1)C)c1-c2c(Cl)cccc2Cl,RF00926,1
Clc1cccc(Cl)c1-c2c(c(on2)C)NC(=O)NN3CCCCC3,RF00930,1
N#Cc1c(=O)[nH]c(C)cc1C(=O)[O-],RF00953,1
N#Cc1c(C(F)(F)F)cc(C)[n-]c1=O,RF01004,1
FC(F)(F)c1c([N+]([O-])=O)c(C)[n-]c(=O)c1C#N,RF01006,1
Clc1cccc(Cl)c1-c2c(c(on2)CC)C(=O)O/N=C/c3c(Cl)cccc3Cl,RF01136,1
Clc1cccc(Cl)c1-c2c(c(on2)CC)NC(=O)O/N=C/c3c(Cl)cccc3Cl,RF01150,1
Clc1cccc(Cl)c1-c2c(c(on2)C)NC(=O)O/N=C(C)/C(C)(C)C,RF01182,1
Clc1cccc(Cl)c1-c2c(c(on2)C)C(=O)Oc3c(Cl)cncc3Cl,RF01218,1
Clc1cccc(Cl)c1-c2c(c(on2)C)C(=O)NNc3c(Cl)cncc3Cl,RF01241,1
Clc1cccc(Cl)c1-c2c(c(on2)C)NC(=O)O/N=C/c(c3)ccc(Cl)c3Cl,RF01311,1
Clc1cccc(Cl)c1-c2c(c(on2)C)NC(=O)O/N=C/c(c3Cl)ccc(Cl)c3,RF01312,1
Clc1cccc(Cl)c1-c2c(c(on2)C)NC(=O)O/N=C/c3ccc(F)cc3,RF01314,1
Clc1cccc(Cl)c1-c2c(c(on2)C)NC(=O)O/N=C/c3c(F)cccc3Cl,RF01315,1
Clc1cccc(Cl)c1-c2c(c(on2)C)NC(=O)O/N=C/c(cc3)ccc3N(C)C,RF01316,1
Clc1cccc(Cl)c1-c2c(c(on2)C)NC(=O)O/N=C/c3ccccc3,RF01317,1
Clc1cccc(Cl)c1-c2c(c(on2)C)NC(=O)O/N=C/c(c3[N+]([O-])=O)cccc3,RF01319,1
Clc1cccc(Cl)c1-c2c(c(on2)C)NC(=O)O/N=C/c3ncccc3,RF01320,1
Clc1cccc(Cl)c1-c2c(c(on2)C)NC(=O)O/N=C/c3cnccc3,RF01324,1
CNC(=O)Oc1noc(c12)ccc(Cl)c2,RF01327,1
CCCNC(=O)Oc1noc(c12)ccc(Cl)c2,RF01328,1
CC(C)NC(=O)Oc1noc(c12)cc(Cl)cc2,RF01334,1
CC(C)NC(=O)Oc1noc(c12)ccc(Cl)c2,RF01335,1
CCN(CC)OC(=O)Nc(c(on1)C)c1-c2c(Cl)cccc2Cl,RF01339,1
CCN(CC)OC(=O)c(c(on1)C)c1-c2c(Cl)cccc2Cl,RF01340,1
CC(C)NC(=O)Oc1noc(c12)ccc(c2)C,RF01342,1
Clc1cccc(Cl)c1-c2c(c(on2)C)/C(N)=N/OC(=O)C3CC3,RF01377,1
CC(C)(C)C(=O)O\N=C(N)\c(c(on1)C)c1-c2c(Cl)cccc2Cl,RF01378,1
Cc1cc(C)cc(c12)occ(c2=O)C#N,RF01381,1
Nc1c(C)onc1-c2c(Cl)cccc2Cl,RF01511,1
Nc1n[nH]c(=O)c(c12)cc([nH]c2=O)-c3ccc(Cl)cc3,RF01704,1
Clc1cccc(Cl)c1C(\[N+]([O-])=O)=N\OC(=O)c(c(on2)C)c2-c3c(Cl)cccc3Cl,RF01707,1
O=c1cc[nH]c(C)c1OCc(c2Cl)ccc(Cl)c2,RF01757,1
Clc1cccc(Cl)c1-c2c(c(on2)C)C(=O)O/N=C(N)/Cc(cc3)ccc3C(C)(C)C,RF01765,1
Clc1cccc(Cl)c1-c2c(c(on2)C)NC(=O)O/N=C(N)/Cc(cc3)ccc3C(C)(C)C,RF01770,1
Clc1cccc(Cl)c1-c2c(c(on2)C)C(=O)O\N=C(N)\c(cc3)sc3[N+]([O-])=O,RF01776,1
O=c1cc[nH]c(C)c1OCc(cc2)ccc2Cl,RF01787,1
OCc(c1)onc1-c2cc(Cl)c(Cl)cc2,RF01801,1
Clc1cccc(Cl)c1-c2noc(c2)-c3cc(NC(=O)C)ccc3,RF01870,1
Clc1cccc(Cl)c1-c2c(c(on2)C)\C=N\OC(=O)Nc3cc(Cl)ccc3,RF01891,1
CNC(=O)N/N=C/c(c(on1)C)c1-c2c(Cl)cccc2Cl,RF01899,1
Clc1cccc(Cl)c1-c2c(c(on2)C)\C=N\OC(=O)Nc3c(Cl)cccc3Cl,RF01903,1
Clc1cccc(Cl)c1-c2c(c(on2)C)\C=N\Nc3c(Cl)cccc3Cl,RF01915,1
Clc1cccc(Cl)c1-c2c(c(on2)C)\C=N\Nc3c(Cl)cncc3Cl,RF01917,1
Clc1cccc(Cl)c1-c2noc(c2)-c3cc(NC(=O)C(Cl)(Cl)Cl)ccc3,RF01973,1
Clc1cccc(Cl)c1-c2noc(c2)-c3cc(ccc3)NC(=O)C(C)(C)C,RF01981,1
Clc1cccc(Cl)c1-c2noc(c2)-c3cc(ccc3)NC(=O)NC,RF01983,1
c1cc(Cl)cc(Cl)c1-c2noc(c2)-c3cc(NC(=O)C)ccc3,RF01994,1
COC(=O)c1onc(c1C(=O)OC)-c2c(Cl)cccc2Cl,RF02041,1
c1cccnc1\C=N\[N-]C(=O)c(c2C(=O)OC)onc2-c3c(Cl)cccc3Cl,RF02174,1
Clc1cccc(Cl)c1-c2noc(c2C(=O)OC)NC(=O)O\N=C(N)\c3c(Cl)cccc3Cl,RF02248,1
C1CCCCN1NC(=O)Nc(c2C(=O)OC)onc2-c3c(Cl)cccc3Cl,RF02254,1
C1COCCN1NC(=O)Nc(c2C(=O)OC)onc2-c3c(Cl)cccc3Cl,RF02255,1
c1cccnc1CNC(=O)Nc(c2C(=O)OC)onc2-c3c(Cl)cccc3Cl,RF02258,1
CCCCNC(=O)Nc(c1C(=O)OC)onc1-c2c(Cl)cccc2Cl,RF02261,1
Clc1cccc(Cl)c1-c2c(c(on2)C)NC(=O)O\N=C(N)\c(cc3)sc3[N+]([O-])=O,RF02345,1
Clc1cccc(Cl)c1-c2c(c(on2)C)NC(=O)SCc3c(Cl)cccc3Cl,RF02467,1
c1nc(Cl)cc(C(F)(F)F)c1C(=O)Nc2c(C)c(C)ccc2,RF04377,1
c1nc(OC)cc(C(F)(F)F)c1C(=O)Nc2c(C)cccc2C,RF04382,1
c1nccc(C(F)(F)F)c1C(=O)N(C)c2c(CC)cccc2CC,RF04406,1
c1nccc(C(F)(F)F)c1C(=O)N(CC)c2c(CC)cccc2CC,RF04407,1
c1nccc(C(F)(F)F)c1C(=O)N(C)c2c(C)c(C)ccc2,RF04409,1
c1nccc(C(F)(F)F)c1C(=O)N(CC)c2c(C)c(C)ccc2,RF04410,1
Cc1cccc(C)c1NC(=O)c2c(C(F)(F)F)cc(nc2)NC3CCCCC3,RF04439,1
O=c1[n-]n(C)c(c12)nccc2C(F)(F)F,RF04455,1
c1nc(OC)cc(C(F)(F)F)c1C(=O)NCc2c(OC)cc(cc2)OC,RF04460,1
c1nc(OC)cc(C(F)(F)F)c1C(=O)NCc2c(OC)ccc(c2)OC,RF04464,1
c1nc(OC)cc(C(F)(F)F)c1C(=O)NCc2c(OC)cccc2OC,RF04465,1
c1nc(OC)cc(C(F)(F)F)c1C(=O)N(C)Cc2c(OC)cc(cc2)OC,RF04478,1
c1nc(OC)cc(C(F)(F)F)c1C(=O)N(CC)Cc2c(OC)cc(cc2)OC,RF04480,1
COc1nccc(C(F)(F)F)c1C(=O)N(CC)c2c(C)cccc2C,RF04611,1
Cc1cccc(C)c1N(CC)C(=O)c2c(C(F)(F)F)ccnc2OCC,RF04613,1
CNc1nccc(C(F)(F)F)c1C(=O)N(CC)c2c(C)cccc2C,RF04614,1
CCOc(nc1)cc(C(F)(F)F)c1C(=O)N(C)Cc2c(OC)cccc2OC,RF05408,1
CC(C)Oc(nc1)cc(C(F)(F)F)c1C(=O)N(C)Cc2c(OC)cccc2OC,RF05409,1
FC(F)(F)COc(nc1)cc(C(F)(F)F)c1C(=O)N(C)Cc2c(OC)cccc2OC,RF05412,1
c1ccccc1Oc(nc2)cc(C(F)(F)F)c2C(=O)N(C)Cc3c(OC)cccc3OC,RF05415,1
c1ccccc1COc(nc2)cc(C(F)(F)F)c2C(=O)N(C)Cc3c(OC)cccc3OC,RF05416,1
N#Cc1cnn(c12)c3c(c([n-]2)=O)cccc3,RH00043,1
c1cccc(c([n-]2)=O)c1n(c23)ncc3C(=O)OCC,RH00059,1
CCOC(=O)c1cnn(c12)c3c(cccc3)c(n2)N4CCOCC4,RH00079,1
CCOC(=O)c1cnn(c12)c3c(cccc3)c(n2)N4C[C@@H](C)C[C@H](C4)C,RH00080,1
O=C([O-])c1cnn(c12)c3c(c([n-]2)=O)cccc3,RH00109,1
CCOC(=O)c(c1[O-])cnc(c12)ccc(F)c2C#N,RH00252,1
Cc1cc(C)c(C#N)c(=O)n1NC(=S)NC2CCCCC2,RH00308,1
Cc1cc(C)c(C#N)c(=O)n1NC(=S)NC2CCCCCC2,RH00314,1
Cc1cc(C)c(C#N)c(=O)n1NC(=S)NC2CCCC2,RH00317,1
Cc1cc(C)c(C#N)c(=O)n1NC(=S)N[C@H]([C@@H]23)C[C@@H](C3)C=C2,RH00318,1
Cc1cc(C)c(C#N)c(=O)n1NC(=S)NCc2sccc2,RH00319,1
c1cnccc1C(=O)N[n+](c2N)cnc(c23)cccc3F,RH00336,1
CCOC(=O)c(o1)cc(=O)c(c12)ccc(c2)OC(=O)c3c(nccc3)Oc4ccccc4,RH00411,1
CN(C)\C=C\C(=O)c1c(O)c(C)c(cc1)OCc(c2)ccc(Cl)c2Cl,RH00452,1
Clc1cccc(Cl)c1-c2c(c(on2)C)C(=O)Nc(c3)ccc(c34)CCN4C(=O)C,RH00455,1
c1ccccc1-c(noc2C)c2C(=O)Nc3c(C)cc(cc3)CCCC,RH00526,1
Clc1cccc(Cl)c1-c2c(c(on2)C)C(=O)Nc3c(C)cc(cc3)CCCC,RH00528,1
C1Cc2cccc(c2n13)c(=O)c(c3[O-])-c4ccccc4,RH00671,1
C1CCc2cc(C)cc(c2n13)c(c(c3=O)-c4ccccc4)OCc5c(Cl)cccc5Cl,RH00694,1
C1CCc2cc(C)cc(c2n13)c(c(c3=O)-c4ccccc4)OCc5c(C)ccc(c5)C,RH00696,1
c1cc(C)ccc1COc(c(c2=O)-c3ccccc3)c(c4n25)cc(C)cc4CCC5,RH00698,1
C1CCc2cc(C)cc(c2n13)c(c(c3=O)-c4ccccc4)OC(=O)c5c(F)cccc5Cl,RH00703,1
C1CCc2cc(C)cc(c2n13)c(c(c3=O)-c4ccccc4)OC(=O)c5c(C)cc(C)cc5C,RH00708,1
CCCCn1c(=O)c(C)c(C)c(c12)cccc2,RH00713,1
[nH]1c(=O)cc(C)c(c12)cc(cc2C)CCCC,RH00725,1
O=c1cc([O-])[nH]c(c12)cc(Cl)cc2Cl,RH01004,1
CCOC(=O)c1c(C)n(C2CC2)c(c13)ccc(c3)OC,RH01103,1
c1ccccc1-c2c(N3CCOCC3)c(=O)[nH]c(c24)ccc(Cl)c4,RH01134,1
COc(c1)ccc(c12)n(C3CC3)c(C)c2C(=O)ON4C(=O)CCC4=O,RH01150,1
O=c1cc(C)[nH]c(c12)ccc3c2[nH]nc3,RH01155,1
c1ccccc1Cn(c2=O)c(N)c(C#N)c(c23)nccc3,RH01162,1
c1ccccc1Cn2c(cccc3)c3c(c24)C(=O)CCC4,RH01202,1
O1C(C)(C)CC(=O)c(c12)ccc(c2C)OCC(=O)NCC=C,RH01453,1
c1cc(F)ccc1C(=O)N2CCC(CC2)c3c(OC)cccc3,RH01500,1
c1cccc(Cl)c1C(=O)N2CCC(CC2)c3c(OC)cccc3,RH01501,1
Clc1cccc(Cl)c1-c(noc2C)c2C(=O)N3CCC(CC3)c4c(OC)cccc4,RH01519,1
c1cccc(C(F)(F)F)c1C(=O)N2CCC(CC2)c3c(OC)cccc3,RH01520,1
O=C1CCCc(c12)nc3c(c2)C(=O)CCC3,RH01555,1
c1cccc(c12)cccc2C(=O)N3CCC(CC3)c4cc(OC)ccc4,RH01625,1
O=C1NCCc(c12)c3c([nH]2)ccc(c3)C,RH01706,1
CCOC(=O)c(c1=O)c[nH]c(c12)c(C)ccc2C,RH01740,1
c1cccc(Cl)c1-c2c(c(on2)C)C(=O)NCC(=O)[O-],RH01742,1
O=C([O-])c(c1O)cnc(c12)c(C)ccc2C,RH01747,1
Cc1ccc(C)c(c12)[nH]ccc2=O,RH01798,1
[O-][N+](=O)c(c1)ccc(c12)oc(c2)[C@@H](O)c3ccc(cc3)-c4ccccc4,RH01805,1
c1ccc(C)c(C)c1C(=O)Nc(cccn2)c2Oc3ccc(cc3)OC,RH01908,1
C1CCCCN1C(=O)[C@H](C2)C(=O)Oc(c23)ccc(Br)c3,RH01913,1
c1cccc(Cl)c1-c2c(c(on2)C)C(=O)NCCNc3ccc(C(F)(F)F)cc3[N+]([O-])=O,RH01918,1
Clc1cccc(F)c1-c2c(c(on2)C)C(=O)NCCNc3ccc(C(F)(F)F)cc3[N+]([O-])=O,RH01919,1
Cc1ccc(C)n1-c2ccc(cc2)C(=O)NNC(=O)c(c3C(F)(F)F)cccc3,RH01936,1
Cc1ccc(C)n1-c2ccc(cc2)C(=O)NNC(=O)c(c3)cc(C(F)(F)F)cc3C(F)(F)F,RH02002,1
c1ccccc1-c(n(N)c(=O)c2C#N)cc2-c3ccccc3,RH02137,1
N#Cc1c(C(F)(F)F)cc(C)[n-]c1=O,RH02138,1
N#Cc1c(C(F)(F)F)cc([n-]c1=O)-c2ccccc2,RH02143,1
N#Cc1c(C)c(c(C)[nH]c1=O)CC=C,RH02164,1
N#Cc1c(C(F)(F)F)cc([n-]c1=O)-c2cnccc2,RH02165,1
N#Cc1c(=O)n(N)c(cc1C(F)(F)F)-c2ccccc2,RH02186,1
c1ccccc1C(=O)c(c2C)oc(c23)ccc4c3cccc4,RH02204,1
N#Cc1c(=O)n(N)c(cc1C(F)(F)F)-c2sccc2,RH02208,1
c1cc(OC)ccc1C(=O)c(c2C)oc(c23)ccc4c3cccc4,RH02210,1
c1cccc(c12)CC(\C2=O)=C/c3cc(OC)ccc3,RJC00125,1
c1cnccc1\C=C(\C2=O)COc(c23)cccc3,RJC00144,1
Cn1[nH]c(=O)c(c12)c(C)cc(n2)C,RJC00535,1
n1cnc(N)c(c12)ncn2[C@@H]3O[C@@H]([C@H]([C@H]34)OC(O4)(C)C)COC(=O)C,RJC00602,1
N#CCCn1c(ccc(c2)C)c2c(c13)CCCC3=O,RJC00914,1
N#Cc(c1)c(N)nc(c12)oc3c(c2=O)cc(C)cc3,RJC01043,1
N#Cc(c1)c(N)nc(c12)oc3c(c2=O)cc(cc3)C(C)C,RJC01059,1
n1c(N)c(C#N)cc(c12)c(=O)c3c(o2)c(C)cc(c3)C,RJC01064,1
N#Cc(c1)c(N)nc(c12)oc3c(c2=O)cc(cc3)CC,RJC01066,1
c1ccccc1Cc(c2=O)c([O-])[nH]c(c23)cc(cc3)OC,RJC01492,1
Cn1c(=O)n(C)c(=O)c(c12)c3c(c(=O)n2C)cc4c(n3)cc([N+]([O-])=O)cc4,RJC02059,1
Cn1c(=O)n(C)c(=O)c(c12)c3c(c(=O)n2C)cc4c(n3)cc(C)cc4,RJC02066,1
c1ccccc1-n2c(nnn2)C/C=N\c(cc(C)cc3)c3C(=O)c4ccccc4,RJC02069,1
c1ccccc1-n2c(=O)n(-c3ccccc3)c(=O)c(c24)c5c(c(=O)n4C)cc6c(n5)ccc([N+]([O-])=O)c6,RJC02093,1
c1c(F)ccc(n2)c1cc(c(=O)n3C)c2c(c34)c(=O)n(-c5ccccc5)c(=O)n4-c6ccccc6,RJC02094,1
c1cccc(c1n23)c(=O)c(C#N)c2cccc3,RJC02293,1
c1cccc(C2=O)c1C(=O)c(c23)ccc(c3[N+]([O-])=O)[C@@H](C#N)c(c4)ncc(c45)cccc5,RJC02308,1
c1ccccc1Cn(c(=O)c(c23)cc([N+](=O)[O-])cc3)c(N)c2-c(n4)ccc(c45)cccc5,RJC02314,1
n1c[nH]c(=O)c(c12)cnn2-c3ccccc3,RJC02766,1
CCc(n1)[nH]c(=O)c(c12)cnn2-c3ccccc3,RJC02767,1
O=C(C)c1c(C)n([O-])c(c12)ccc3c2non3,RJC02828,1
O=C(C)c1c(C)n(OC)c(c12)ccc3c2non3,RJC02829,1
Cn1c(=O)n(C)c(=O)c(c12)c3c(c(=O)n2C)cc4c(n3)cc(cc4)CC,RJC03104,1
c1ccccc1-c(c([O-])[nH]2)c(=O)c(c23)ccc(Cl)c3Cl,RJC03105,1
CCOC(=O)[C@H](C#N)c1c([N+]([O-])=O)c(=O)n(C)c(c12)cccc2,RJC03110,1
c1ccccc1Cc(c2N)c(=O)[nH]c(c23)cccc3,RJC03115,1
c1ccccc1-n2c(=O)c(Cc3ccccc3)c(c(c24)cccc4)NCc5ccccc5,RJC03121,1
O=c1n(C)c(=O)c(c2)c1cc(c23)c(=O)n(c3=O)C,RJC03275,1
CCCCc(c1=O)c([O-])cc(n12)C(C)(C)c3c2ccc(Cl)c3,RJC03351,1
c1ccccc1-c(c([O-])[nH]2)c(=O)c(c23)cnn3-c4ccccc4,RJC03363,1
c1ccccc1-c(c2=O)c([O-])[nH]c(c23)cc(Cl)c(Cl)c3,RJC03369,1
c1cccc(c12)n(c([O-])c(Cl)c2=O)Cc3ccccc3,RJC03381,1
c1ccccc1-c2n[nH]c(cc2=O)NCc3ccccc3,RJC03387,1
Oc1c(C)c(=O)[nH]c(c12)c(Cl)cc(Cl)c2,RJC03390,1
Cn1c(=O)n(C)c(=O)c(c12)cc3c(n2)ccc(c3)CC,RJC03656,1
c1ccccc1-n2c(=O)n(-c3ccccc3)c(=O)c(c24)c(cc([nH+]4)N(C)C)Nc5ccccc5,RJC03662,1
Cn1c(=O)n(C)c(=O)c(c12)cc3c(n2)cc(C#C)cc3,RJC03665,1
Cn1c(=O)n(C)c(=O)c(c12)cc3c(n2)ccc(c3)-c4ccccc4,RJC03669,1
c1ccccc1-c(c(=O)n2C)c(C#N)c(c23)cccc3,RJC03685,1
c1cccc(C2=O)c1c(c23)[nH]c4c3cccc4,RJC03689,1
O=c1c(C(=O)[O-])cn(CC)c(c12)nc(C)cc2,RJC03974,1
c1cccc(n(c2=O)C)c1c(c23)n(nc3C)-c4ccccc4,RJC03984,1
Clc1cccc(Cl)c1-c2c(c(on2)C)C(=O)Nc(c3)ccc(c34)c(C(F)(F)F)cc(o4)=O,RJF00057,1
C1COCCN1c2[nH]c(=O)c(c(n2)C)Cc3c(F)cccc3Cl,RJF00110,1
C1COCCN1c2nn(nn2)CC(=O)c(c3C)c(C)c([N+]([O-])=O)c(c3[N+]([O-])=O)C(C)(C)C,RJF00239,1
c1cccc(c12)nc(oc2=O)-c3c(noc3C)-c4c(Cl)cccc4,S02187,1
c1cc(Cl)cc(Cl)c1-c(oc2=O)nc(c23)ccc([N+]([O-])=O)c3,S02435,1
c1cc(Cl)cc(c12)nc(oc2=O)-c(cc3[N+]([O-])=O)ccc3,S02582,1
c1cccc(c12)[nH]cc2-c(cc3C(=O)[O-])nc(c34)cc5c(c4)cccc5,S03067,1
COc1c(OC)ccc(c1)CCn(c2=O)c(=O)c(c3)c2cc(c34)c(=O)n(c4=O)CCc(c5)ccc(OC)c5OC,S03288,1
c1cccc(Cl)c1-c(noc2C)c2C(=O)Nc(cc3)ccc3C(C)C,S03329,1
c1cccc(Cl)c1-c(noc2C)c2C(=O)Nc3c(C)cc(F)cc3,S03358,1
c1cc(Cl)cc(c12)nc(oc2=O)-c3c(noc3C)-c4c(Cl)cccc4Cl,S04139,1
c1cccc(c12)nc(oc2=O)-c3c(noc3C)-c4ccccc4,S04145,1
c1cc(Cl)cc(c12)nc(oc2=O)-c3c(noc3C)-c4ccccc4,S04147,1
S=C(N)NNC(=O)c(c(on1)C)c1-c2c(Cl)cccc2Cl,S04374,1
c1cccc(Cl)c1-c2c(c(on2)C)C(=O)NNC(=S)N,S04375,1
N#CC(C#N)=C(OC)c1c(noc1C)-c2c(Cl)cccc2,S04940,1
N#CC(C#N)=C(OC)c1c(noc1C)-c2c(Cl)cccc2Cl,S04945,1
c1ccoc1-c(cc2C(=O)[O-])nc(c23)cc4c(c3)cccc4,S05896,1
c1cccc(Cl)c1-c(noc2C)c2C(=O)N([C@H]3C#N)C=Cc(c34)cccc4,S06275,1
Clc1cccc(Cl)c1-c2c(c(on2)C)C(=O)Nc3c(cccc3)Sc4ccc(C)cc4,S06335,1
c1cc(C)ccc1\C=C(C(O2)=O)\N=C2c3c(noc3C)-c4c(Cl)cccc4Cl,S06421,1
c1ccsc1-c(c2C#N)cc([nH]c2=O)-c3ccc(Br)cc3,S06609,1
c1cc(Cl)c(Cl)cc1-c(c2C#N)cc([nH]c2=O)-c3ccccc3,S06614,1
c1cc(Cl)c(Cl)cc1-c(c2C#N)cc([nH]c2=O)-c3ccc(Cl)cc3,S06649,1
c1ccccc1-c(c2C#N)cc([nH]c2=O)-c3ccc(Br)cc3,S06666,1
c1ccccc1-c(c2C#N)cc([nH]c2=O)-c3ccc(F)cc3,S06672,1
c1ccccc1-c([nH]c(=O)c2C#N)cc2-c3ccccc3,S06676,1
c1ccccc1-c(c2C#N)cc([nH]c2=O)-c3ccc(cc3)OC,S06677,1
c1ccccc1-c(c2/C(=[NH+]/[O-])N)cc([nH]c2=O)-c(c3)ccc(c34)cccc4,S06682,1
c1ccccc1-c(c2C#N)cc([nH]c2=O)-c3ccc(cc3)-c4ccccc4,S06683,1
c1cccc(c12)nc(oc2=O)-c3ccc(C(C)(C)C)cc3,S06721,1
Clc1cccc(Cl)c1-c(noc2C)c2C(=O)N(CC3)CCN3C(=O)c4c(noc4C)-c5c(Cl)cccc5Cl,S06916,1
c1ccccc1-c(noc2C)c2C(=O)N(CC3)CCN3C(=O)c4c(noc4C)-c5ccccc5,S06917,1
OCC(C)(C)NC(=O)c1c(noc1C)-c2c(Cl)cccc2,S07032,1
c1ccccc1-c([nH]c(=O)c2C#N)cc2-c3ccc(cc3)OC,S07544,1
Clc1cccc(Cl)c1-c2c(c(on2)C)C(=O)Nc(cc3)ccc3C(C)(C)C,S07944,1
c1cccc(F)c1-c(oc2=O)nc(c23)ccc(c3)C,S08245,1
c1c(C)ccc(c12)nc(oc2=O)-c(o3)cc(c34)cccc4,S08678,1
c1c(C)ccc(c12)nc(oc2=O)/C=C/c3occc3,S08685,1
c1cccc(c12)nc(oc2=O)-c3ccc(cc3)OC,S09010,1
c1ccccc1-c(noc2C)c2C(=O)NCCc3sccc3,S10260,1
Clc1cccc(Cl)c1-c2c(c(on2)C)C(=O)NCc3csc(c34)cccc4,S11577,1
c1cccc(c12)C(=O)C(C2=O)(O)c3c(O)c(C)c(C)cc3,S11890,1
O=c1n(C)nc(c12)c3c(oc2C)cccc3,S12307,1
c1nccc(c12)C(=O)N(C2=O)c3ccc(cc3)C(=O)OCC,S12324,1
c1c(I)ccc(c12)nc(oc2=O)-c3c(noc3C)-c4c(Cl)cccc4,S12522,1
c1ccnc(c12)C(=O)N(C2=O)c3cc(Cl)ccc3OC,S12618,1
COc(c1)cc(OC)cc1-c(c2C#N)cc([nH]c2=O)-c3ccc(Cl)cc3,S12705,1
c1cccc(C(=O)N)c1-c(c2=O)cn(C)c(c23)cccc3,S12845,1
c1cccc(c12)CCC(\C2=O)=C/c3cc(OC)cc(c3)OC,S12911,1
c1cccc(c12)C(=O)C(C2=O)=Cc3cc(OC)cc(c3)OC,S12975,1
FC(F)(F)c1ccc(cc1)\C=C(\C2=O)CCc(c23)cc(cc3)OC,S13244,1
c1cc(C)oc1\C=C(\C2=O)CCc(c23)cc(cc3)OC,S13246,1
c1cccc(c12)C(=O)C(=C2[O-])C3N[C@H](c4ncccc4)[C@H](C=35)C(=O)N(C5=O)c6ccc(Cl)cc6,S13912,1
c1ccccc1CNC(=O)[C@@H](C)c(c2)ccc(c23)cc(cc3)OC,S14048,1
c1ccccc1-c2c(-c3ccccc3)cc(o2)-c4ccc(cc4)OC,S14418,1
c1cc(C(F)(F)F)ccc1-c(c2C#N)cc([nH]c2=O)-c3ccc(cc3)CC(C)C,S14468,1
c1cc(Cl)ccc1-c(c2C#N)cc([nH]c2=O)-c3ccc(cc3)CC(C)C,S14471,1
c1ccc(OC)cc1-c2c(C#N)c(=O)[nH]c(c23)CCc4c3ccc(c4)OC,S15103,1
CC(C)(C)c1ccc(cc1)\C=C(\C2=O)CCc(c23)cc(cc3)OC,S15135,1
c1cc(OC)cc(c12)CCC(\C2=O)=C/c3ccc(cc3)OCC=C,S15136,1
c1cc(C)ccc1\C=C(\C2=O)CCc(c23)cc(cc3)OC,S15329,1
n1oc(C)c(C(=O)[O-])c1-c2c(Cl)cccc2Cl,SB00572,1
n1oc(C)c(C(=O)[O-])c1-c2c(F)cccc2Cl,SB01884,1
n1oc(C)c(C(=O)[O-])c1-c2c(Cl)cccc2,SB01885,1
O=C([O-])c1c(=O)[nH]c(C)cc1,SB01990,1
c1ccccc1-c(noc2C)c2CNC(=O)C3CCCCC3,SCR00021,1
C1CC1C(=O)NCc2c(noc2C)-c3ccccc3,SCR00022,1
c1ccccc1-c(noc2C)c2C(=O)NCc3c(noc3C)-c4ccccc4,SCR00027,1
c1ccccc1-c(noc2C)c2CNC(=O)c3noc(c3)C,SCR00036,1
c1ccccc1-c(noc2C)c2CNC(=O)C3CCC3,SCR00043,1
c1ccccc1-c(noc2C)c2CNC(=O)c3ccccc3,SCR00044,1
c1ccccc1-c(noc2C)c2CNC(=O)c3c(C(=O)[O-])cccc3,SCR00055,1
c1ccccc1-c(noc2C)c2CNC(=O)Nc3cc(Cl)ccc3,SCR00082,1
c1ccccc1-c(noc2C)c2CNC(=O)C(CC3)CCN3C(=O)C,SCR00093,1
O1COCc(c12)cc(F)cc2CNC(=O)CC3(CC(=O)[O-])CCCCC3,SCR00315,1
O1C(C)(C)Cc(c12)cccc2C(=O)Nc3ccncc3,SCR00501,1
O1C(C)(C)Cc(c12)cccc2C(=O)N[C@H](CC3)CC[N@@H+]3Cc4ccccc4,SCR00503,1
O1C(C)(C)Cc(c12)cccc2C(=O)NCc3cnccc3,SCR00504,1
O1C(C)(C)Cc(c12)cccc2C(=O)Nc(cc3)cc(c34)ccc(n4)C,SCR00525,1
O1C(C)(C)Cc(c12)cccc2C(=O)N3CCN(CC3)C(c4ccccc4)c5ccccc5,SCR00526,1
O1C(C)(C)Cc(c12)cccc2C(=O)N3CCC(CC3)C(=O)c4ccc(Cl)cc4,SCR00527,1
O1C(C)(C)Cc(c12)cccc2C(=O)Nc3cnccc3,SCR00529,1
O1COCc(c12)cc(F)cc2C(=O)N3CCN(CC3)C(c4ccccc4)c5ccccc5,SCR00542,1
O1COCc(c12)cc(F)cc2C(=O)NCc3noc(c3)C,SCR00555,1
c1ccccc1-c(noc2C)c2C(=O)N(Cc3ncccc3)Cc4ncccc4,SCR00627,1
n1snc(c12)ccc(c2)C(=O)N(Cc3ncccc3)Cc4ncccc4,SCR00629,1
c1c(C)n(C)nc1C(=O)N2CCN(CC2)c3ncccn3,SCR00688,1
c1cccc(c12)ncc(n2)C(=O)Nc(cc3)ccc3N4CCOCC4,SCR00735,1
c1cccc(c12)sc(c2Cl)C(=O)N3CCN(CC3)Cc4cnccc4,SCR01059,1
c1ccccc1-c2[nH]c(=O)cc(c2)-c3ccc(Cl)cc3,SCR01082,1
C1COCCN1c(cc2)ncc2C(=O)N3CCN(CC3)C(c4ccccc4)c5ccccc5,SCR01348,1
c1ncnn1-c2ccc(cc2)NC(=O)c3cnc(cc3)N4CCOCC4,SCR01358,1
C1COCCN1c2ncc(cc2)C(=O)NCc3cscc3,SCR01367,1
c1cccc(c12)cc(s2)CNC(=O)c(cc3)cnc3N4CCOCC4,SCR01368,1
Cc1nn(C)c(C)c1CNC(=O)c2cnc(cc2)N3CCOCC3,SCR01372,1
O1COCc(c12)cc(F)cc2CNC(=O)c(cc3)cnc3N4CCOCC4,SCR01373,1
c1ccsc1-c2sc(cc2)CNC(=O)c(cc3)cnc3N4CCOCC4,SCR01376,1
C1CC1n(c2C)c(C)c(c2C(=O)OCC)CNC(=O)c(cc3)cnc3N4CCOCC4,SCR01377,1
c1cccc(O2)c1C(=O)NC23CCN(CC3)C(=O)C(C)(C)Oc4ccc(Cl)cc4,SCR01382,1
c1cccc(c12)OCC(=C2)C(=O)NCc(c3)ccc(c34)OCC4,SCR01384,1
C1CCC1C(=O)NCc(c2)ccc(c23)OCC3,SCR01387,1
c1cc(C)c(C)cc1C(=O)NCc(c2)ccc(c23)OCC3,SCR01388,1
c1cc(OC)ccc1C(=O)NCc(c2)ccc(c23)OCC3,SCR01390,1
c1cccc(OC)c1CC(=O)NCc(c2)ccc(c23)OCC3,SCR01391,1
FC(F)(F)c(c1)ccc(c12)n(CC)cc(c2=O)C(=O)N/N=C/c3ccc(Cl)cc3,SEW00811,1
FC(F)(F)c(c1)ccc(c12)n(CC)cc(c2=O)C(=O)N/N=C/c3c(Cl)cccc3,SEW00812,1
O=C(C)NNC(=O)c(c1=O)cn(CC)c(c12)ccc(C(F)(F)F)c2,SEW00830,1
ClC(Cl)(Cl)C(=O)NNC(=O)c(c1=O)cn(CC)c(c12)ccc(C(F)(F)F)c2,SEW00831,1
Clc1cccc(Cl)c1-c2c(c(on2)C)NC(=O)Nc(cc3)ccc3-c4nnsc4,SEW00838,1
Clc1cccc(Cl)c1-c2c(c(on2)C)NC(=O)NNc(cc3)ccc3-c4nnsc4,SEW01041,1
Clc1cccc(Cl)c1-c2c(c(on2)C)C(=O)Nc(ccc3)cc3-c4ncon4,SEW01260,1
CN(C)\C=C(\C1=O)COc(c12)ccc(Cl)c2,SEW01817,1
FC(F)(F)c1cc(=O)[nH]c(c12)CCCC2=O,SEW01853,1
c1ccccc1C(=O)n2nc(C)c(c2)-c3nc(sn3)Nc4ccccc4,SEW01869,1
c1c(Cl)ccc2S(=O)(=O)Cc(c3c12)cno3,SEW01877,1
FC(F)(F)c1cc(=O)n(c(c12)CCCC2=O)CC(=O)OCC,SEW01903,1
C1CC(=O)c(n12)c(C)c3c2cccc3,SEW02255,1
c1cccc2c1c(C)c(n23)C(=O)/C(C3)=C/c(cc4)ccc4C(F)(F)F,SEW02345,1
c1cccc2c1c(C)c(n23)C(=O)/C(C3)=C/c4ccccc4,SEW02347,1
c1cccc([nH]2)c1c(c23)CCN([C@@H]3C(F)(F)F)C(=O)c4cc(C(F)(F)F)ccc4,SEW02446,1
c1cccc(C)c1C(=O)N([C@H]2C(F)(F)F)CCc(c23)c4c([nH]3)cccc4,SEW02447,1
o1nc(C)c(c1C(F)(F)F)C(=O)NNC(=O)c(cc2C(F)(F)F)ccc2,SEW03143,1
Clc1cccc(Cl)c1-c2c(c(on2)C)C(=O)O/N=C(\C3CC3)c4ccc(F)cc4,SEW03283,1
CCOC(=O)c(c1)cc(n12)c(C)ncc2,SEW03497,1
n1cccc(C(=O)[O-])c1C(=O)N([C@H]2C(F)(F)F)CCc(c23)c4c([nH]3)cccc4,SEW03851,1
Clc1cccc(Cl)c1-c2c(c(on2)C)/C=N/c3cc(Cl)cc(Cl)c3,SEW04272,1
Clc1cccc(Cl)c1-c2c(c(on2)C)\C=N\Nc3ccc(C(F)(F)F)cc3[N+]([O-])=O,SEW04313,1
Cc1noc(C)c1C(=O)N2CCC(CC2)C(=O)c3ccccc3,SEW04317,1
Clc1cccc(Cl)c1-c(noc2C)c2C(=O)N3CCC(CC3)C(=O)c4ccccc4,SEW04323,1
Clc1cccc(Cl)c1-c2c(c(on2)C)[C@H](S3)CC(=O)Nc(c34)cccc4,SEW04327,1
CCOC(=O)c1c(C)n(c(c1)C)N(C)c2cc(C(F)(F)F)ccn2,SEW04421,1
Clc1cccc(Cl)c1-c2c(c(on2)C)NC(=O)NC[C@@H](C(F)(F)F)c3[nH]ccc3,SEW04469,1
Clc1cccc(c1C#N)Oc(cc2)ccc2-c3nnco3,SEW04608,1
c1ccc(C(=O)OC)n1-c2ccc(F)cc2,SEW04661,1
Clc1cccc(Cl)c1-c2c(c(on2)C)\C=C3\C(=O)Nc(c34)cccc4,SEW04685,1
CCOC(=O)c(c1C)c(C)nn1-c2c(cccn2)NC(=O)CCC(=O)[O-],SEW04737,1
CCOC(=O)c(c1C)c(C)nn1-c2c(cccn2)NC(=O)c3c(C(=O)[O-])cccc3,SEW04756,1
CCOC(=O)c(c1C)c(C)nn1-c2c(cccn2)NC(=S)[N-]C(=O)c3ccccc3,SEW04818,1
c1ccc(C(F)(F)F)cc1-c2ccnc(n23)cc(n3)/C(N)=N/OC(=O)c(cc4C(F)(F)F)ccc4,SEW04865,1
c1cccc(c12)C(=O)C(C2=O)=Cc(cc3)oc3-c4c(OC(F)(F)F)cccc4,SEW05188,1
CN(C)\C=C\C(=O)c(c1)ccc(c12)cc(cc2)OC,SEW05332,1
COc1cc(C(F)(F)F)cc(C(F)(F)F)c1C(=O)N2CCC(CC2)C(=O)c3ccc(Cl)cc3,SEW05477,1
C1COCCN1c(c2C(=O)OC)ccc(c2)-n3cccc3,SEW05500,1
C1COCCN1c2nc(N3CCOCC3)ccc2NC(=O)c4ccc(C)cc4,SEW05599,1
C1COCCN1c2nc(N3CCOCC3)ccc2NC(=O)c(cc4C(F)(F)F)ccc4,SEW05601,1
Clc1cccc(Cl)c1-c(noc2C)c2C(=O)N3CCN(CC3)c4c(OC)cccc4,SEW05607,1
c1cccn1-c2ccc(cc2)C(=O)OCC,SEW05729,1
c1cccc(c12)ncc(n2)-n3c(=O)c(Cl)c(cn3)N4CCOCC4,SEW05730,1
Cc1noc(C)c1C(=O)N2CCC(CC2)C(=O)c3c(F)cc(F)cc3,SEW05738,1
c1c(Cl)ccc(c1C(=O)OC)Oc2c([N+]([O-])=O)ccc(n2)Oc(c3C(=O)OC)ccc(Cl)c3,SEW05741,1
C1C[NH+](C)CCN1c2c(cccc2)\C=N\NC(=O)c3cnccc3,SEW05748,1
c1cc(Cl)cc(Cl)c1-c2oncc2,SEW05782,1
Cc1noc(C)c1C(=O)Nc2ccc(Cl)cc2,SEW05827,1
Cc1noc(C)c1C(=O)NCc(cc2)ccc2Cl,SEW05853,1
Cc1noc(C)c1C(=O)NCc2c(F)cccc2Cl,SEW05854,1
Cc1c(C)c(C)c(C)c(C)c1C(=O)C(CC2)CCN2c(cc3)ncc3[N+]([O-])=O,SEW05892,1
c1ccnc(c1C(F)(F)F)N2CCN(CC2)C(=O)c3ccc(C(C)(C)C)cc3,SEW05911,1
Fc1cccc(Cl)c1-c2c(c(on2)C)C(=O)Nc3ccc(Sc4ccccc4)nc3Sc5ccccc5,SEW05929,1
Cc1noc(C)c1C(=O)NCc2sccc2,SEW05932,1
Cc1noc(C)c1C(=O)O/N=C(N)/c2ccc(Cl)cc2,SEW05933,1
Fc1cccc(Cl)c1-c(noc2C)c2C(=O)N3CCN(CC3)c(c4C(F)(F)F)nccc4,SEW05936,1
Cc1noc(C)c1C(=O)NNC(=O)c(cc2C(F)(F)F)ccc2,SEW05948,1
Clc1cccc(Cl)c1-c(noc2C)c2C(=O)N3CCN(CC3)c(c4C(F)(F)F)nccc4,SEW05964,1
c1cccc(Cl)c1-c(noc2C)c2C(=O)N3CCN(CC3)c(c4C(F)(F)F)nccc4,SEW05969,1
c1ccccc1-c(noc2C)c2C(=O)N3CCN(CC3)c(c4C(F)(F)F)nccc4,SEW05976,1
c1ccccc1-c(noc2C)c2C(=O)N3CCN(CC3)c4ncc(C(F)(F)F)cc4Cl,SEW05978,1
c1cccc(Cl)c1-c(noc2C)c2C(=O)N3CCN(CC3)c4c(OC)cccc4,SEW06054,1
CCN(CC)c1[nH+]c(N(CC)CC)ccc1NC(=O)c2ccc(C)cc2,SEW06059,1
Clc1cccc(Cl)c1-c2c(c(on2)C)C(=O)Nc3ccc(N(CC)CC)[nH+]c3N(CC)CC,SEW06060,1
CCN(CC)c1[nH+]c(N(CC)CC)ccc1NC(=O)c2ccc(C(C)(C)C)cc2,SEW06064,1
FC(F)(F)c1cnc(cc1)N(CC2)CCN2c3ncc(cc3)NC(=O)c4cc(C)ccc4,SEW06094,1
FC(F)(F)c1cnc(cc1)N(CC2)CCN2c3ncc(cc3)NC(=O)c4ccc(cc4)OC,SEW06095,1
Clc1cccc(Cl)c1-c2c(c(on2)C)NC(=O)N3CCN(CC3)c4c(OC)cccc4,SEW06153,1
FC(F)(F)Oc(cc1)ccc1\C=C\C(=O)NNC(=O)c2ccc(Cl)cc2,SEW06315,1
c1ccnc(c1C(F)(F)F)N2CCN(CC2)c3ncc(cc3)NC(=O)c4ccc(cc4)OC,SEW06369,1
Clc1cccc(Cl)c1-c2c(c(on2)C)C(=O)Nc3c(ccc(c3)C)-n4cccc4,SEW06416,1
c1ccnc(c1C(F)(F)F)N2CCN(CC2)C(=O)c3cc(ccc3)COc(cc4)ccc4C(=O)C,SEW06468,1
c1ccccc1Oc(cccc2Cl)c2CNC(=O)c3c(F)cccc3F,SEW06475,1
c1ccccc1Oc(cccc2Cl)c2CNC(=O)c3ccc(cc3)OC,SEW06476,1
c1ccccc1Oc(cccc2Cl)c2CNC(=O)c(cc3C(F)(F)F)ccc3,SEW06477,1
c1ccnc(c1C(F)(F)F)N2CCN(CC2)C(=O)c3cc(ccc3)COc4ccc(Cl)cc4,SEW06482,1
Clc1cccc(Cl)c1-c(noc2C)c2C(=O)N3CCC(CC3)c(on4)nc4-c5ccc(Cl)cc5,SEW06513,1
Clc1cccc(Cl)c1-c2c(c(on2)C)C(=O)NCCSCc(c3Cl)ccc(Cl)c3,SEW06687,1
c1ccccc1C(=O)NCc(c2)ccc(c23)OCC3,SP00197,1
FC(F)(F)Oc(cc1)ccc1C(=O)NCc(c2)ccc(c23)OCC3,SP00200,1
c1cccc(C)c1C(=O)NCc(c2)ccc(c23)OCC3,SP00202,1
c1ccccc1-c(oc2C)cc2C(=O)/C(C#N)=C\c3cc(OC)ccc3,SP00229,1
c1ccccc1NC(=O)c2c(C)n(c(c2)C(C)(C)C)-c3ccccc3,SP00310,1
c1ccccc1-n(c(c2)C(C)(C)C)c(C)c2C(=O)Nc3ccc(C)cc3,SP00311,1
c1ccccc1-n(c(c2)C(C)(C)C)c(C)c2C(=O)Nc3c(C)cccc3,SP00312,1
c1ccccc1-n(c(c2)C(C)(C)C)c(C)c2C(=O)Nc3ccc(cc3)OC,SP00315,1
[O-][N+](=O)c1cc(ccc1)NC(=O)c2c(C)n(c(c2)C(C)(C)C)-c3ccccc3,SP00316,1
c1ccccc1-n(c(c2)C(C)(C)C)c(C)c2C(=O)Nc3cc(C)cc(c3)C,SP00317,1
CCOC(=O)c1c(C)n(c(c1)C(C)(C)C)CCCN2CCOCC2,SP00318,1
O=C([O-])c1c(C)n(c(c1)C(C)(C)C)CCCN2CCOCC2,SP00319,1
O=C([O-])c1c(C)n(c(c1)C(C)(C)C)CCCNC(=O)OC(C)(C)C,SP00329,1
c1cc(Cl)ccc1NC(=O)c2c(C)n(-c3ccccc3)c(c2)-c4ccccc4,SP00333,1
c1cc(C)ccc1NC(=O)c2c(C)n(-c3ccccc3)c(c2)-c4ccccc4,SP00334,1
c1ccccc1-c(c2)n(c(C)c2C(=O)OCC)CCCN3CCOCC3,SP00336,1
c1cccc(C)c1NC(=O)c2c(C)n(-c3ccccc3)c(c2)-c4ccccc4,SP00341,1
c1ccccc1-n(c(c2)C(C)(C)C)c(C)c2C(=O)NCCC[NH+]3CCOCC3,SP00343,1
c1ccccc1-c(c2)n(c(C)c2C(=O)[O-])CCCN3CCOCC3,SP00344,1
C1COCCN1C(=O)c2c(C)n(c(c2)C(C)(C)C)-c3ccccc3,SP00347,1
c1cc(OC)ccc1NC(=O)c2c(C)n(-c3ccccc3)c(c2)-c4ccccc4,SP00352,1
c1c(C)cc(C)cc1NC(=O)c2c(C)n(-c3ccccc3)c(c2)-c4ccccc4,SP00353,1
c1ccccc1NC(=O)c2c(C)n(-c3ccccc3)c(c2)-c4ccccc4,SP00354,1
c1ccccc1NC(=O)c2c(C)n(-c3ccccc3)c(c2)-c4ccc(Cl)cc4,SP00356,1
FC(F)(F)c1ccc(cc1)NC(=O)c2c(C)n(-c3ccccc3)c(c2)-c4ccc(Cl)cc4,SP00357,1
C1COCCN1C(=O)c2c(C)n(-c3ccccc3)c(c2)-c4ccccc4,SP00358,1
c1ccccc1-c(c2)n(c(C)c2C(=O)[O-])CCSc(cc(n3)C(F)(F)F)c(c34)cccc4,SP00360,1
[O-][N+](=O)c1cc(ccc1)NC(=O)c2c(C)n(-c3ccccc3)c(c2)-c4ccccc4,SP00366,1
C1CCCN1C(=O)c2c(C)n(-c3ccccc3)c(c2)-c4ccccc4,SP00367,1
c1ccccc1-c(c2)n(c(C)c2C(=O)[O-])CCSCc3c(F)cccc3Cl,SP00370,1
CC(C)(C)OC(=O)NCCn(c(C)c1C(=O)OCC)c(c1)-c2ccccc2,SP00375,1
c1ccccc1-c(c2)n(-c3ccccc3)c(C)c2C(=O)NCCC[NH+]4CCOCC4,SP00380,1
c1cc(Cl)ccc1NC(=O)c2c(C)n(-c3ccccc3)c(c2)-c4ccc(Cl)cc4,SP00381,1
c1cc(C)ccc1NC(=O)c2c(C)n(-c3ccccc3)c(c2)-c4ccc(Cl)cc4,SP00382,1
c1cccc(C)c1NC(=O)c2c(C)n(-c3ccccc3)c(c2)-c4ccc(Cl)cc4,SP00383,1
C1CCCCN1C(=O)c2c(C)n(-c3ccccc3)c(c2)-c4ccccc4,SP00413,1
c1cc(C)ccc1NC(=O)c2c(C)n(c(c2)-c3ccccc3)CCCN4CCOCC4,SP00485,1
c1ccccc1NC(=O)c2c(C)n(CCSC)c(c2)-c3ccccc3,SP00510,1
c1ccoc1CNC(=O)c2c(C)n(CCSC)c(c2)-c3ccccc3,SP00550,1
C1COCCN1C(=O)c2c(C)n(CCSC)c(c2)-c3ccccc3,SP00576,1
c1ccccc1-c(c2)n(CCSC)c(C)c2C(=O)Nc3ccc(OC(F)(F)F)cc3,SP00688,1
FC(F)(F)c1cc(ccc1)NC(=O)c2c(C)n(c(c2)-c3ccccc3)CCCN4CCOCC4,SP00692,1
c1cccc(C)c1NC(=O)c2c(C)n(c(c2)-c3ccccc3)CCCN4CCOCC4,SP00700,1
c1ccoc1CNC(=O)c2c(C)n(c(c2)-c3ccccc3)CCCN4CCOCC4,SP00774,1
c1cnccc1NC(=O)c2c(C)n(c(c2)-c3ccccc3)CCCN4CCOCC4,SP00867,1
C1CCCCN1C(=O)c2c(C)n(CCSC)c(c2)-c3ccccc3,SP00873,1
C1CCCN1C(=O)c2c(C)n(CCSC)c(c2)-c3ccccc3,SP00874,1
c1ccccc1-c(c2)n(CCSC)c(C)c2C(=O)Nc(cc3)ccc3-c4ccccc4,SP00907,1
c1ccccc1-c(c2)n(CCSC)c(C)c2C(=O)Nc(c3)ccc(c34)OCCO4,SP00908,1
c1cc(C)ccc1NC(=O)c2c(C)n(CCSC)c(c2)-c3ccccc3,SP00909,1
c1cccc(C)c1NC(=O)c2c(C)n(CCSC)c(c2)-c3ccccc3,SP00912,1
FC(F)(F)c1cc(ccc1)NC(=O)c2c(C)n(CCSC)c(c2)-c3ccccc3,SP00913,1
c1cc(Cl)ccc1NC(=O)c2c(C)n(c(c2)-c3ccccc3)CCSCc4c(F)cccc4Cl,SP00926,1
c1cc(Cl)ccc1NC(=O)c2c(C)n(CCSC)c(c2)-c3ccccc3,SP00928,1
c1ccccc1NC(=O)c2c(C)n(c(c2)-c3ccccc3)CCSCc4c(F)cccc4Cl,SP00929,1
C1CCCN1C(=O)c2c(C)n(c(c2)-c3ccccc3)CCSCc4c(F)cccc4Cl,SP00932,1
FC(F)(F)c1cc(ccc1)NC(=O)c2c(C)n(c(c2)-c3ccccc3)CCSCc4c(F)cccc4Cl,SP00935,1
c1ccccc1-c2ccc(cc2)NC(=O)c3c(C)n(c(c3)-c4ccccc4)CCSCc5c(F)cccc5Cl,SP00936,1
c1cc(C)ccc1NC(=O)c2c(C)n(c(c2)-c3ccccc3)CCSCc4c(F)cccc4Cl,SP00937,1
c1cccc(C)c1NC(=O)c2c(C)n(c(c2)-c3ccccc3)CCSCc4c(F)cccc4Cl,SP00938,1
c1cccc(Cl)c1NC(=O)c2c(C)n(c(c2)-c3ccccc3)CCSCc4c(F)cccc4Cl,SP00940,1
c1ccccc1NC(=O)c2c(C)n(c(c2)-c3ccccc3)CCCN4CCOCC4,SP00944,1
c1cc(Cl)ccc1-c(oc2C)cc2C(=O)N(CC3)CCC3(O)c4ccc(Cl)cc4,SP01050,1
FC(F)(F)c1cc(no1)-c(cc2)sc2S(=O)(=O)N(CC3)CCC3(O)c4ccc(Cl)cc4,SP01056,1
c1cc(Cl)ccc1-c(oc2C)cc2C(=O)N[C@@H](CC3)CC[N@H+]3Cc4ccccc4,SP01093,1
O=c1[nH]ncc(c12)c(-c3ccccc3)n(c2C)CCSCc4c(F)cccc4Cl,SP01098,1
O=c1n(C)ncc(c12)c(-c3ccccc3)n(c2C)CCSCc4c(Cl)cccc4Cl,SP01103,1
O=c1[nH]ncc(c12)c(-c3ccccc3)n(c2C)-c4ccc([N+]([O-])=O)cc4,SP01104,1
O=c1n(C)ncc(c12)c(-c3ccccc3)n(c2C)-c4ccc([N+]([O-])=O)cc4,SP01107,1
c1ccccc1-c(oc2C)cc2C(=O)N3CCN(CC3)c(c4C(F)(F)F)nccc4,SP01178,1
c1ccccc1-c(oc2C)cc2C(=O)N3CCN(CC3)c(cc4)ncc4C(F)(F)F,SP01179,1
Cc1oc(C(C)(C)C)cc1C(=O)N2CCN(CC2)c(c3C(F)(F)F)nccc3,SP01211,1
Cc1oc(C(C)(C)C)cc1C(=O)N2CCN(CC2)c(cc3)ncc3C(F)(F)F,SP01212,1
Clc1cccc(Cl)c1-c2c(c(on2)C)C(=O)Nc(c3)ccc(c34)[nH]cc4C#N,SP01293,1
c1cc(Cl)c(Cl)cc1C(=O)NCc(c2)ccc(c23)OCC3,SP01303,1
Clc1cccc(Cl)c1-c2c(c(on2)C)C(=O)NCc(c3)ccc(c34)OCC4,SP01304,1
c1cc(SC)ccc1-n(c(C)c2C(=O)[O-])c(c2)-c3ccccc3,SP01451,1
Clc1cccc(Cl)c1-c2c(c(on2)C)C(=O)O/N=C(N)\c3c(Cl)cccc3Cl,SPB00005,1
Clc1cccc(Cl)c1-c2c(c(on2)C)N(C)C(=O)N3CCOCC3,SPB00047,1
CN(C)C(=O)Nc(c(on1)C)c1-c2c(Cl)cccc2Cl,SPB00060,1
CCN(CC)C(=O)Nc(c(on1)C)c1-c2c(Cl)cccc2Cl,SPB00061,1
CC(C)NC(=O)Nc(c(on1)C)c1-c2c(Cl)cccc2Cl,SPB00062,1
Clc1cccc(Cl)c1-c2c(c(on2)C)NC(=O)N3CCCCC3,SPB00063,1
Clc1cccc(Cl)c1-c2c(c(on2)C)NC(=O)N3CCOCC3,SPB00064,1
Clc1cccc(Cl)c1-c2c(c(on2)C)NC(=O)N(CC)c3ccccc3,SPB00065,1
Clc1cccc(Cl)c1-c2c(c(on2)C)NC(=O)N(C)C3CCCCC3,SPB00066,1
CC(C)(C)NC(=O)Nc(c(on1)C)c1-c2c(Cl)cccc2Cl,SPB00068,1
Clc1cccc(Cl)c1-c2c(c(on2)C)N(C)C(=O)N3CCCCC3,SPB00070,1
CC(C)N(C(C)C)C(=O)c1c(noc1C)-c2c(Cl)cccc2Cl,SPB00072,1
Clc1cccc(Cl)c1-c2c(c(on2)C)COC(=O)Nc3ccc(Cl)cc3,SPB00097,1
Clc1cccc(Cl)c1-c2c(c(on2)C)NC(=O)N/N=C/c3c(C)c(C)c(C)c(C)c3C,SPB00146,1
Clc1cccc(Cl)c1-c2c(c(on2)C)NC(=O)N/N=C/c3ncccc3,SPB00148,1
Clc1cccc(Cl)c1-c2c(c(on2)C)NC(=O)NNC(=O)N(C)C,SPB00151,1
Clc1cccc(Cl)c1-c2c(c(on2)C)C(=O)NNc3c(Cl)cccc3Cl,SPB00192,1
Clc1cccc(Cl)c1-c2c(c(on2)C)C(=O)NNc3c(Cl)cc(Cl)cc3Cl,SPB00272,1
Clc1cccc(Cl)c1-c2c(c(on2)C)C(=O)O\N=C(C#N)\c3c(Cl)cccc3Cl,SPB00641,1
Clc1cccc(Cl)c1-c2c(c(on2)C)CO\N=C(C#N)\c3c(Cl)cccc3Cl,SPB00917,1
N#Cc1c(=O)[nH]c(cc1SC)-c2sccc2,SPB01100,1
N#Cc1c(=O)[nH]c(cc1SC)-c2ccc(Cl)cc2,SPB01136,1
N#Cc1c(=O)[nH]c(cc1SC)-c2occc2,SPB01137,1
c1c(Cl)cc(Cl)cc1Oc(c2[N+]([O-])=O)ccc(c2)C(=O)NC(=O)NC(C)C,SPB01192,1
Clc1cc(ccc1)COc2c(Cl)cc(cc2Cl)C(=O)N/[NH+]=C/N(C)C,SPB01479,1
Fc1ccc(cc1)COc2c(Cl)cc(cc2Cl)C(=O)N/[NH+]=C/N(C)C,SPB01480,1
COCc(n1)cc(=O)[nH]c1COc2ccc(Cl)cc2,SPB01582,1
Cc1noc(c1C(=O)OC)-c2ccc(Cl)cc2,SPB02201,1
NNC(=O)c1c(onc1C)-c2ccc(Cl)cc2,SPB02206,1
c1cc(Cl)ccc1-c(onc2C)c2C(=O)NNC(=O)c(cc3)ccc3C(F)(F)F,SPB02208,1
c1cc(Cl)ccc1-c(onc2C)c2C(=O)NNC(=O)c3c(Cl)cccc3,SPB02209,1
NNC(=O)c1c(onc1C)-c2ccc(C(F)(F)F)cc2,SPB02211,1
c1cc(C(F)(F)F)ccc1-c(onc2C)c2C(=O)NNC(=O)c3ccc(Cl)cc3,SPB02218,1
c1cc(C(F)(F)F)ccc1-c(onc2C)c2C(=O)NNC(=O)Nc3ccc(Cl)cc3,SPB02272,1
c1cc(C(F)(F)F)ccc1-c(onc2C)c2NC(=O)Nc3ccc(Cl)cc3,SPB02276,1
c1cc(C(F)(F)F)ccc1-c(onc2C)c2NC(=O)Nc3cc(Cl)cc(Cl)c3,SPB02277,1
c1cc(Cl)ccc1-c(onc2C)c2NC(=O)NN3CCCCC3,SPB02280,1
c1cc(Cl)ccc1-c(onc2C)c2C(=O)Nc3c(Cl)cccc3,SPB02289,1
c1cc(Cl)ccc1-c(onc2C)c2C(=O)Nc3ccc(C)cc3,SPB02291,1
c1cc(Cl)ccc1-c(onc2C)c2C(=O)O/N=C/c3ccc(Cl)cc3,SPB02327,1
Cc1noc(c1C(=O)OC)-c2cc(Cl)cc(Cl)c2,SPB02359,1
c1cc(Cl)ccc1-c(onc2C)c2C(=O)O/N=C(N)/c3ccc(Cl)cc3,SPB02369,1
c1cc(Cl)ccc1-c(onc2C)c2C(=O)O/N=C(N)/c(cc3)ccc3C(F)(F)F,SPB02370,1
c1cc(Cl)ccc1-c(onc2C)c2C(=O)O/N=C(N)/c3ccc(C(C)(C)C)cc3,SPB02371,1
c1cc(Cl)ccc1-c(onc2C)c2C(=O)Sc(c3Cl)cccc3Cl,SPB02372,1
Cc1noc(C)c1-c2c(c(no2)C)C(=O)NNC(=O)c(cc3)ccc3C(F)(F)F,SPB02418,1
Cc1noc(C)c1-c2c(c(no2)C)C(=O)NNC(=O)c3c(F)cccc3Cl,SPB02419,1
Clc1cccc(Cl)c1-c2c(c(on2)C)C(=O)NNC(=O)c3nc(C)sc3,SPB02497,1
S=c1[nH]cc(o1)-c2ccc(Cl)cc2,SPB02670,1
Clc1cccc(Cl)c1-c2c(c(on2)C)C(=O)NNC(=O)c3noc(c3)C,SPB02788,1
c1c[nH]nc1-c2nn(ccc2=O)-c3ccc(F)cc3,SPB02820,1
c1cc(F)ccc1-n(ccc2=O)nc2-c3nn(cc3)C(=O)NCCCC,SPB02821,1
Clc1cccc(Cl)c1-c2noc(c2)CSc3sc(nn3)SCc(cc4C(F)(F)F)ccc4,SPB02884,1
Cn1oc(=O)c(C)c1C(=O)Oc2ccc(Cl)cc2,SPB02985,1
Cn1oc(=O)c(C)c1C(=O)Oc2cc(Cl)cc(Cl)c2,SPB02986,1
c1c(C)onc1-c(onc2C)c2C(=O)Nc3ccc(Cl)cc3,SPB03211,1
c1c(C)onc1-c(onc2C)c2C(=O)Nc3cc(Cl)ccc3,SPB03213,1
c1c(C)onc1-c(onc2C)c2C(=O)Nc3ccc(C)cc3,SPB03214,1
c1c(C)onc1-c(onc2C)c2C(=O)Nc(cc3)ccc3C(F)(F)F,SPB03215,1
c1c(C)onc1-c(onc2C)c2C(=O)Sc3c(Cl)cccc3Cl,SPB03254,1
c1c(C)onc1-c(onc2C)c2C(=O)Sc3ccc(C)cc3,SPB03255,1
s1nnc(C)c1-c2c(c(no2)C)C(=O)O/N=C/c3ccc(Cl)cc3,SPB03399,1
s1nnc(C)c1-c2c(c(no2)C)C(=O)O/N=C/c3cc(Cl)ccc3,SPB03404,1
c1nccc(C(F)(F)F)c1-c2oc(nn2)-c3ccc(OC(F)(F)F)cc3,SPB03478,1
c1ccncc1-c2oc(nn2)-c3ccc(OC(F)(F)F)cc3,SPB03502,1
c1cnccc1-c(nn2)oc2-c3ccc(OC(F)(F)F)cc3,SPB03503,1
c1cccc(OC(F)(F)F)c1-c2oc(nn2)-c3cnccc3,SPB03505,1
CC(C)(C)c(c1)onc1\C([O-])=C\C2=NC(=O)/C(S2)=C/c3ccc(Cl)cc3,SPB03836,1
Clc1cccc(Cl)c1-c2c(c(on2)C)C(=O)Sc3c(C(F)(F)F)cccn3,SPB03905,1
Clc1cccc(Cl)c1-c2c(c(on2)C)C(=O)Sc(cc3)ncc3C(F)(F)F,SPB03906,1
c1cnc(C)nc1-c2nn(ccc2=O)-c3ccc(F)cc3,SPB04025,1
c1cnc(C(C)(C)C)nc1-c2nn(ccc2=O)-c3ccc(F)cc3,SPB04026,1
c1cc(F)ccc1-n(ccc2=O)nc2C(=O)NNC(=O)NC(C)C,SPB04063,1
c1c(C)onc1/C(N)=N/OC(=O)c2ccc(Cl)cc2,SPB04127,1
c1c(C)onc1/C(N)=N/OC(=O)c2c(Cl)cccc2,SPB04134,1
c1c(C)onc1/C(N)=N/OC(=O)c2cc(Cl)ccc2,SPB04135,1
C1C(C)(C)C[C@@H](C2)N(C[C@]12C)C(=O)c3c(noc3C)-c4c(Cl)cccc4Cl,SPB04174,1
c1ccsc1-c(on2)cc2C(=O)Nc3ccc(Cl)cc3,SPB04302,1
c1cc(C)ccc1C(=O)n2nc(C)c(c2C)Sc3ncccn3,SPB04366,1
O=C(C)Nc1[n-]c(=O)c(c(n1)C)Oc2c(Cl)cc(Cl)cc2,SPB04471,1
CN(C)\C=C\c(on1)c(C(=O)OC)c1-c2c(Cl)cccc2Cl,SPB04590,1
c1ccccc1-c(no2)cc2/C(C)=N/OC(=O)Nc3ccc(Cl)cc3,SPB04818,1
c1ccccc1-c(no2)cc2/C(C)=N/OC(=O)c3ccc(Cl)cc3,SPB04829,1
c1ccccc1-c(no2)cc2/C(C)=N/OC(=O)c(cc3)ccc3C(F)(F)F,SPB04833,1
c1ccccc1-c(no2)cc2/C(C)=N/OC(=O)c3cc(Cl)cc(Cl)c3,SPB04834,1
n1oc([C@H](O)C)cc1-c2c(Cl)cc(Cl)cc2,SPB04879,1
CCOC(=O)c1cnc(C(F)(F)F)nc1NNC(=O)c2oncc2,SPB04946,1
O[C@H](C)c1cc(no1)-c2cc(C)c(C)cc2,SPB04949,1
O[C@H](C)c1cc(no1)-c2cc(Cl)c(Cl)cc2,SPB04950,1
O=C(C)c1cc(no1)-c2cc(Cl)c(Cl)cc2,SPB04952,1
Cc1onc(c1C(=O)C)-c2ccc(Cl)cc2,SPB04957,1
n1oc(C)c(C(=O)C)c1-c2c(Cl)cc(Cl)cc2,SPB05001,1
c1ccccc1-c(noc2C)c2-c3[nH]/c(sc3)=N\N=C\c4c(Cl)cccc4Cl,SPB05031,1
c1ccccc1-c(noc2C)c2-c3[nH]/c(sc3)=N\N=C\c4c(Cl)cccc4,SPB05032,1
CN(C)\C=C\C(=O)c1cc(no1)-c2c(Cl)cc(Cl)cc2,SPB05038,1
CN(C)\C=C\C(=O)c1cc(no1)-c2ccc(Cl)cc2,SPB05039,1
CN(C)\C=C\C(=O)c1cc(no1)-c2c(Cl)cccc2,SPB05060,1
c1cc(Cl)cc(Cl)c1-c(noc2C)c2-c3[nH]/c(sc3)=N/N=C/c4ccccc4,SPB05063,1
c1cc(Cl)cc(Cl)c1-c(noc2C)c2-c3[nH]/c(sc3)=N\N=C\c4c(Cl)cccc4,SPB05065,1
c1cc(Cl)cc(Cl)c1-c(noc2C)c2-c3[nH]/c(sc3)=N\N=C\c4c(Cl)cccc4Cl,SPB05084,1
c1c[nH]c(=S)nc1-c2c(noc2C)-c3ccc(Cl)cc3,SPB05134,1
COC(=O)c1cnn(c1C(OC)OC)C(=O)Nc2c(C)cccc2C,SPB05148,1
CN(C)\C=C\C(=O)c(c(on1)C)c1-c2c(Cl)cc(Cl)cc2,SPB05183,1
c1cnc(SC)nc1-c2c(noc2C)-c3ccc(Cl)cc3,SPB05194,1
C1COCCN1C(=O)c(c2-c3noc(c3)C)c(C)nn2-c4cc(C(F)(F)F)ccc4,SPB05209,1
C1COCCN1C(=O)c(c2-c3noc(c3)C)c(C)nn2-c4ccccc4,SPB05214,1
c1c(C)onc1-c2n(-c3ccccc3)nc(C)c2C(=O)NN4CCOCC4,SPB05216,1
c1c(C)onc1-c2n(nc(C)c2C(=O)NC)-c3cc(Cl)c(F)cc3,SPB05221,1
O=C(C)c1cc(no1)-c(cc2C(F)(F)F)ccc2,SPB05243,1
CN(C)\C=C\C(=O)c1cc(no1)-c(cc2C(F)(F)F)ccc2,SPB05244,1
n1oc(C)c(C(=O)C)c1-c2c(Cl)c(Cl)ccc2,SPB05643,1
O=C(C)c1cc(no1)-c2ccc(Cl)cc2,SPB05654,1
C1CC(C(F)(F)F)CCN1C(=O)c2c(noc2C)-c3c(Cl)cccc3Cl,SPB05951,1
c1c(C)onc1-c(onc2C)c2C(=O)Sc3ccccc3,SPB06061,1
FC(F)(F)c1c(=O)n(ccc1)CCC(=O)Sc2ccccc2,SPB06110,1
FC(F)(F)c1c(=O)n(ccc1)CCC(=O)Sc2ccc(C)cc2,SPB06111,1
FC(F)(F)c1c(=O)n(ccc1)CCC(=O)NNC(=O)c(cc2C(F)(F)F)ccc2,SPB06155,1
Fc1cccc(Cl)c1-c2c(c(on2)C)C(=O)NNC(=O)CC(OCC)OCC,SPB06161,1
n1oc(C)c(C(=O)OC)c1-c2c(Cl)cccc2Cl,SPB06193,1
FC(F)(F)c1cn(c(=O)cc1)CCC(=O)Sc2ccc(C)cc2,SPB06409,1
c1cc(OC)ccc1C(=O)/[NH+]=C(\N)COc2c(Cl)cccc2,SPB06424,1
Clc1cccc(Cl)c1-c2c(c(on2)C)C(=O)NNc(nc3C(F)(F)F)ccc3,SPB06487,1
c1cccc(Cl)c1-c2c(c(on2)C)C(=O)NNc(nc3C(F)(F)F)ccc3,SPB06488,1
FC(F)(F)c1nc(ccc1)C(=O)Oc2cc(Cl)cc(Cl)c2,SPB06492,1
N#Cc1c(=O)n(c(C)cc1C)Cc2ccc(C)cc2,SPB06577,1
N#Cc1c(=O)n(c(C)cc1C)Cc2ccccc2,SPB06578,1
N#Cc1c(=O)n(c(C)cc1C)Cc2ccc(Cl)cc2,SPB06579,1
Cc1cc(C)c(C#N)c(=O)n1Cc2c(F)cccc2,SPB06580,1
Clc1cccc(Cl)c1-c2c(c(on2)C)C(=O)/N=C(\N)c3ccccc3,SPB06671,1
Clc1cccc(Cl)c1-c2c(c(on2)C)C(=O)/N=C(N)/c3ccc(Cl)cc3,SPB06672,1
c1ccccc1-c(noc2C)c2C(=O)/N=C(N)/c3ccc(Cl)cc3,SPB06673,1
c1ccccc1-c(noc2C)c2C(=O)/[NH+]=C(N)\c(cc3)ccc3C(F)(F)F,SPB06674,1
Clc1cccc(Cl)c1-c2c(c(on2)C)/C(N)=N/OC(=O)c3noc(c3)C,SPB06685,1
FC(F)(F)c1cn(c(=O)cc1)Cc(ccc2)cc2C(=O)Nc3c(C)cccc3,SPB06693,1
FC(F)(F)c1cn(c(=O)cc1)Cc(ccc2)cc2C(=O)Sc3ccccc3,SPB06695,1
FC(F)(F)c1cn(c(=O)cc1)Cc(ccc2)cc2C(=O)Sc(cc3C(F)(F)F)ccc3,SPB06698,1
FC(F)(F)c1cn(c(=O)cc1)Cc(ccc2)cc2C(=O)O/N=C(N)/c3ccc(C)cc3,SPB06704,1
FC(F)(F)c1cn(c(=O)cc1)Cc(ccc2)cc2C(=O)/[NH+]=C(/N)c3ccccc3,SPB06710,1
FC(F)(F)c1cn(c(=O)cc1)Cc(ccc2)cc2C(=O)/[NH+]=C(N)/c(cc3)ccc3C(F)(F)F,SPB06712,1
FC(F)(F)c1cn(c(=O)cc1)CCC(=O)O\N=C(N)\COc2cc(Cl)ccc2,SPB06766,1
CCOC(=O)c(c1C)[nH]c(nc1=O)COc2c(Cl)cccc2,SPB07214,1
CCOC(=O)c1c([O-])cc(=O)[nH]c1,SPB07340,1
CCOC(=O)c1nn(c(c1)C)Cc(cc2C(F)(F)F)ccc2,SPB07603,1
N#Cc(c1C)c(=O)[nH]c(c12)cccc2,SPB07716,1
c1cc(C)ccc1Cn(c(c2)C)nc2C(=O)O/N=C(N)/c(cc3C(F)(F)F)ccc3,SPB07780,1
N#Cc1c(=O)[n-]c(cc1)-c2ncccc2,SPB07833,1
N#Cc1c(=O)[nH]c(cc1)-c2cnccc2,SPB07834,1
N#Cc1c(=O)[nH]c(cc1)-c2ccncc2,SPB07835,1
N#Cc1c(=O)[nH]c(cc1)-c2occc2,SPB07843,1
n1oc(C)c(C(=O)C)c1-c2c(Cl)cccc2Cl,SPB07983,1
n1oc(C(=O)C)cc1-c2c(Cl)cccc2Cl,SPB07990,1
CC(C)(C)c(n1)cc(C(=O)OCC)n1Cc2c(C)cc(C)cc2C,SPB08109,1
Fc1cccc(Cl)c1C(=O)NCCOc(cc2)ccc2OC,SPB08188,1
FC(F)(F)c1cc(ccc1)NC(=O)c2n(nc(c2)C(C)(C)C)Cc3c(C)cc(C)cc3C,SPB08260,1
C1COCCN1NC(=O)c2n(nc(c2)C(C)(C)C)Cc3c(C)cc(C)cc3C,SPB08263,1
Clc1cccc(Cl)c1-c(noc2C)c2-c3nc(sc3)-c4ncccc4,SPB08277,1
Clc1cccc(Cl)c1-c(noc2C)c2-c3nc(sc3)-c4c(C(F)(F)F)ccnc4,SPB08283,1
Clc1cccc(Cl)c1-c(noc2C)c2C(=O)N3CCN(CC3)c4ccc(C#N)cc4,SPB08321,1
Cc1c(Cl)ccc(c1)OC(=O)c2n(nc(c2)C(C)(C)C)Cc3c(C)cc(C)cc3C,SPB08331,1
Clc1cccc(Cl)c1-c2c(c(on2)C)C(=O)Nc(cc3)cnc3OC,SPB08387,1
c1cc(Br)sc1-c(n2)c(=O)[nH]c(c23)cccc3,XBX00043,1
O=c1cc(C(=O)OC)[nH]c(c12)ccc(c2C(=O)C)OCc3ccccc3,XBX00250,1
c1ccccc1-c2cc(=O)[nH]c(c23)cccc3,XBX00298,1
