S.No.,smiles,name,bioactivity_class
1,CSc1cc(C)[nH]c(=O)c1CNC(=O)c1c(C)n([C@H](C)[C@H]2CCC(CC2)NC2(CF)COC2)c2ncncc12,575046,active
2,CSc1cc(C)[nH]c(=O)c1CNC(=O)c1c(C)n([C@H](C)C2CCC(CC2)N2CC(F)(C2)C2CC2)c2ncccc12,575048,active
3,CSc1cc(C)[nH]c(=O)c1CNC(=O)c1c(C)n([C@H](C)C2CCC(CC2)N2CC(O)(C2)C(C)C)c2ncccc12,575049,active
4,CSc1cc(C)[nH]c(=O)c1CNC(=O)c1c(C)n([C@H](C)[C@H]2CCC(CC2)NC2(CO)COC2)c2cc(F)ccc12,575050,active
5,CSc1cc(C)[nH]c(=O)c1CNC(=O)c1c(C)n([C@H](C)C2CCC(CC2)N2CC(C2)n2ccnn2)c2ccccc12,575052,active
6,CSc1cc(C)[nH]c(=O)c1CNC(=O)c1c(C)n([C@H](C)C2CCC(CC2)NC2(CC2)C(F)(F)F)c2ncccc12,575053,active
7,CSc1cc(C)[nH]c(=O)c1CNC(=O)c1c(C)n([C@H](C)[C@H]2CCC(CC2)NC2(COC2)C(F)(F)F)c2ncccc12,575056,active
8,CSc1cc(C)[nH]c(=O)c1CNC(=O)c1c(C)n([C@H](C)C2CCC(CC2)N2CC(C2)C(F)(F)F)c2ncccc12,574981,active
9,CSc1cc(C)[nH]c(=O)c1CNC(=O)c1c(C)n([C@H](C)C2CCC(CC2)N2CCC(C2)OC2CC2)c2ncccc12,574982,active
10,CSc1cc(C)[nH]c(=O)c1CNC(=O)c1c(C)n([C@H](C)[C@H]2CCC(CC2)N2CC(C2)OC(C)(C)C)c2ncccc12,574983,active
11,CSc1cc(C)[nH]c(=O)c1CNC(=O)c1c(C)n([C@H](C)[C@H]2CCC(CC2)N2CC(C2)OC2CC2)c2c(F)cccc12,574985,active
12,CSc1cc(C)[nH]c(=O)c1CNC(=O)c1c(C)n([C@H](C)C2CCC(CC2)N2CC(C2)OC(F)F)c2ncc(C)cc12,574988,active
13,CSc1cc(C)[nH]c(=O)c1CNC(=O)c1c(C)n([C@H](C)C2CCC(CC2)N2CC(C2)OCC(F)F)c2ncccc12,574989,active
14,CC[C@H](C1CCC(CC1)N1CC(C1)OC(F)F)n1c(C)c(C(=O)NCc2c(SC)cc(C)[nH]c2=O)c2cccnc12,574991,active
15,CSc1cc(C)[nH]c(=O)c1CNC(=O)c1c(C)n([C@H](C)C2CCC(CC2)N2CC[C@H](C2)OC(F)F)c2ncccc12,574992,active
16,CSc1cc(C)[nH]c(=O)c1CNC(=O)c1c(C)n([C@H](C)C2CCC(CC2)N2CC[C@@H](C2)OC(F)F)c2ncccc12,574993,active
17,CSc1cc(C)[nH]c(=O)c1CNC(=O)c1c(C)n([C@H](C)C2CCC(CC2)N2CC(C2)OC(F)F)c2c(F)cccc12,574994,active
18,CSc1cc(C)[nH]c(=O)c1CNC(=O)c1c(C)n([C@H](C)C2CCC(CC2)N2CC(C2)OC(F)F)c2ncc(F)cc12,574996,active
19,CSc1cc(C)[nH]c(=O)c1CNC(=O)c1c(C)n([C@H](C)[C@H]2CCC(CC2)N2CC(C2)OC(F)(F)F)c2ncncc12,574997,active
20,CSc1cc(C)[nH]c(=O)c1CNC(=O)c1c(C)n([C@H](C)C2CCC(CC2)N2CC(C2)OC2CC2)c2ncc(Cl)cc12,574999,active
21,CCOc1cc2c(cc1NC(=O)/C=C/C[NH+](C)C)c(c(cn2)C#N)Nc3ccc(c(c3)Cl)OCc4ccccn4,C03916214,inactive
22,C[C@H]1Cc2cc(ccc2O1)C(=C3[C@H](N(C(=O)C3=O)Cc4ccc[nH+]c4)c5ccc(cc5)OCc6ccccc6)O,C00703174,inactive
23,c1ccc(cc1)n2cc(c(n2)c3cccc(c3)OCc4ccccc4Cl)/C=C(\C#N)/C(=O)NCCCn5cc[nH+]c5,C01899687,inactive
24,CC1=NC(=C([C@H](C1C(=O)Nc2ccc(cc2)Cl)c3cc[nH+]cc3)C#N)SCC(=O)Nc4ccc(cc4)Br,C11024236,inactive
25,CC(C)(C)c1ccc(cc1)[C@@H]2/C(=C(/c3cc4cccc(c4o3)OC)\O)/C(=O)C(=O)N2CCC[NH+]5CCOCC5,C09280249,inactive
26,Cc1cccc(c1OCCOC[C@H](C[NH+]2CCN(CC2)CCN3C(=O)c4cccc5c4c(ccc5)C3=O)O)C,C22608918,inactive
27,Cc1cccc(c1OCCOC[C@@H](C[NH+]2CCN(CC2)CCN3C(=O)c4cccc5c4c(ccc5)C3=O)O)C,C22608922,inactive
28,Cc1ccc(cc1C)OCCOC[C@@H](C[NH+]2CCN(CC2)CCN3C(=O)c4cccc5c4c(ccc5)C3=O)O,C22822234,inactive
29,CC(C)(C)NC(=O)N(Cc1ccc(cc1)F)CC(=O)N2CCN(CC2)c3ccc(n[nH+]3)c4ccc(cc4)OC,C36064222,inactive
30,Cc1cc(cc(c1)NC(=O)[C@H]2[C@H]3C=C[C@@]4([C@@H]2C(=O)N([C@@H]4C(=O)NC5CCCCC5)CCC[NH+]6CCCCC6)O3)C,C38147185,inactive
31,CCCC[NH+](C)CCN1[C@@H]([C@@]23C=C[C@@H](O2)[C@@H]([C@@H]3C1=O)C(=O)Nc4cccc(c4)OC)C(=O)N[C@@H]5CCCC[C@@H]5C,C38147212,inactive
32,CCOc1ccc(cc1)n2c(=O)c3c4c(sc3nc2SCC(=O)Nc5ccc(cc5)Br)C[NH+](CC4)C,C01269972,inactive
33,CC[NH+](CC)CCOC(=O)c1ccc(cc1)N/C=C(/C#N)\c2nc(cs2)c3cc4cc(ccc4oc3=O)Br,C01838489,inactive
34,Cc1ccc(cc1)C2=NN([C@H](C2)c3ccc(cc3)Cl)C(=[NH2+])S[C@@H]4CC(=O)N(C4=O)c5cccc(c5)OC,C59706152,inactive
35,Cc1ccc(cc1)C2=NN([C@@H](C2)c3ccc(cc3)Br)C(=[NH2+])S[C@@H]4CC(=O)N(C4=O)c5ccc(cc5)OC,C08425590,inactive
36,C[C@@]\1(C[NH+]([C@@H](C/C1=N/CCc2ccc(c(c2)OC)OC)c3ccccc3)CCc4ccc(c(c4)OC)OC)O,C08694228,inactive
37,CCOc1ccc(cc1)N/C(=[NH+]\Cc2ccc3c(c2)OCO3)/S[C@@H]4CC(=O)N(C4=O)c5ccc(cc5)OCC,C08690313,inactive
38,COc1ccc(cc1)[C@H](CNC(=O)c2cccc(c2)S(=O)(=O)N(CC=C)c3ccccc3)[NH+]4CCCCC4,C32969152,inactive
39,CCOc1cccc(c1)c2ccc3[nH+]c(c(n3c2)CCC(=O)N4CCC(CC4)C(=O)N)c5ccc(cc5)Cl,C96294115,inactive
40,COc1ccc(cc1)NC(=O)N2CC[NH+](CC2)C[C@@H](c3cccc(c3)OC)OCc4ccc(cc4)C(=O)OC,C23445067,inactive
41,Cc1ccc(cc1)c2c(sc([n+]2CCc3ccc(c(c3)OC)OC)Nc4ccccc4)NC(=O)c5ccccc5,C97946894,inactive
42,c1ccc(cc1)n2cc(c(n2)c3cccc(c3)OCc4ccc(cc4)Cl)/C=C(/C#N)\C(=O)NCCCn5cc[nH+]c5,C97947244,inactive
43,COc1ccc(cc1)C(=O)N/C(=C\c2ccc(o2)c3ccc(c(c3)Cl)Cl)/C(=O)NCCCn4cc[nH+]c4,C97947574,inactive
44,CCOC(=O)c1c(c2cc(c(cc2[nH]1)OC)OC)NC(=O)C[NH+]3CCN(CC3)c4ccc(c(c4)Cl)Cl,C97954200,inactive
45,Cc1ccccc1C2=NN3C(=[NH2+])/C(=C\c4cc(c(c(c4)Br)OCCOc5ccccc5C)OC)/C(=O)N=C3S2,C97958628,inactive
46,Cc1ccc(cc1)C2=NN3C(=[NH2+])/C(=C/c4cccc(c4)OCCOc5ccc(cc5)Br)/C(=O)N=C3S2,C97959250,inactive
47,CC(C)CN(CC(C)C)S(=O)(=O)c1ccc(cc1)C(=O)Nc2c(c3c(s2)C[NH+](CC3)C(C)C)C(=O)OC,C97963416,inactive
48,CC1(Cc2c(c(sc2C([NH2+]1)(C)C)NC(=O)c3ccc(cc3)S(=O)(=O)N(C)C4CCCCC4)C(=O)OC)C,C97963581,inactive
49,CCOC(=O)c1c2c(sc1NC(=O)c3ccc(cc3)S(=O)(=O)N(C)c4ccccc4)C([NH2+]C(C2)(C)C)(C)C,C97963594,inactive
50,CCOC(=O)c1c2c(sc1NC(=O)c3ccc(cc3)S(=O)(=O)N4C[C@@H](O[C@H](C4)C)C)C([NH2+]C(C2)(C)C)(C)C,C97963605,inactive
51,Cc1nc2n(n1)c(c(s2)[C@H](c3ccc(c(c3)OC)OC)[NH+]4CCN(CC4)C(c5ccccc5)c6ccccc6)O,C22852772,inactive
52,CCOc1ccc(cc1)NC(=O)[C@@H]2CC(=O)N(/C(=[NH+]/c3ccc(cc3)OCC)/S2)c4ccc(cc4)OCC,C97964187,inactive
53,CCOc1ccc(cc1)NC(=O)[C@H]2CC(=O)N(/C(=[NH+]/c3ccc(cc3)OCC)/S2)c4ccc(cc4)OCC,C97964188,inactive
54,CCC[NH+](CCC)CN1c2ccc(cc2/C(=N\NC(=O)Cc3ccc(c(c3)OC)OC)/C1=O)Br,C97966241,inactive
55,Cc1ccccc1COc2ccc(cc2)C(=O)C3=C(C(=O)N([C@@H]3c4ccc(c(c4)OC)O)CCCn5cc[nH+]c5)O,C97966750,inactive
56,CCOc1ccc(cc1)N2C(=O)[C@@H](N(C2=S)Cc3cccc[nH+]3)CC(=O)Nc4ccc(cc4)C(=O)OCC,C04762267,inactive
57,CCOc1ccc(cc1)N2C(=O)[C@H](N(C2=S)Cc3cccc[nH+]3)CC(=O)Nc4ccc(cc4)C(=O)OCC,C04762269,inactive
58,CCOc1ccc(cc1)NC(=O)C[C@@H]2C(=O)N(C(=S)N2Cc3cccc[nH+]3)c4ccc(cc4)C(=O)OCC,C04762321,inactive
59,CCOc1ccc(cc1)NC(=O)C[C@H]2C(=O)N(C(=S)N2Cc3cccc[nH+]3)c4ccc(cc4)C(=O)OCC,C04762325,inactive
60,Cc1ccc(s1)CN(Cc2ccc(cc2)F)C(=O)CN(CC[NH+]3CCCCC3)C(=O)Nc4cccc(c4)F,C98019475,inactive
61,c1cc(ccc1CC[NH2+][C@H]2CC(=O)N(C2=O)c3ccc(cc3)N4C(=O)C[C@@H](C4=O)NCCc5ccc(cc5)Cl)Cl,C98044509,inactive
62,Cc1cc(c(c(=O)[nH]1)CNC(=O)c2c(n(c3c2cccn3)[C@H](C)C4CCC(CC4)[NH+]5CC(C5)OC(C)(C)C)C)SC,574983,inactive
63,C[NH+]1CCC(CC1)(C(=O)Nc2ccc(cc2)OC)N(Cc3ccccc3)C(=O)CN4C[C@@H](NC4=S)c5ccccc5,C08748353,inactive
64,c1c(c[nH+]c(c1Cl)NCCN2C(=O)[C@@H](C(=O)NC2=O)/C=N/Nc3c(cc(cn3)C(F)(F)F)Cl)C(F)(F)F,C12955995,inactive
65,c1ccc(c(c1)C(=O)NNC(=[NH2+])COc2ccc(cc2Cl)Cl)OCc3ncn(n3)c4cccc(n4)Cl,C01391246,inactive
66,Cc1cc(ccc1/C(=C/2\[C@H](N(C(=O)C2=O)CC[NH+](C)C)c3ccc(c(c3)OC)OC)/O)OCc4ccccc4,C09236852,inactive
67,Cc1cccc(c1)COc2ccc(cc2)C(=O)C3=C(C(=O)N([C@H]3c4ccc(c(c4)OC)O)CCC[NH+](C)C)O,C08915040,inactive
68,Cc1cccc(c1)COc2ccc(cc2)C(=O)[C@H]3[C@H](N(C(=O)C3=O)CCC[NH+](C)C)c4ccc(c(c4)OC)O,C08915041,inactive
69,CCOc1cc(ccc1O)[C@H]2[C@@H](C(=O)C(=O)N2CC[NH+](C)C)C(=O)c3ccc(cc3)OCc4cccc(c4)C,C09463889,inactive
70,Cc1ccc(cc1)COc2ccc(cc2OC)[C@@H]3/C(=C(/c4cccc(c4)OC)\O)/C(=O)C(=O)N3CC[NH+](C)C,C09373775,inactive
71,Cc1cc(ccc1OCc2ccccc2)/C(=C/3\[C@@H](N(C(=O)C3=O)CCC[NH+](C)C)c4ccc(c(c4)OC)O)/O,C09313033,inactive
72,c1ccc(cc1)C[NH+]2CCN(CC2)CCCNC(=O)[C@@H]3[C@H]4C=C[C@@]5([C@@H]3C(=O)N(C5)Cc6ccccc6Cl)O4,C22802302,inactive
73,Cc1ccc(cc1)C(=O)N(CC[NH+]2CCOCC2)C[C@@H]3CN(CCO3)C[C@@H](COc4ccc(cc4)Cl)O,C34691641,inactive
74,Cc1cc(ccc1C(=O)C2=C(C(=O)N([C@@H]2c3ccc(c(c3)OC)OCc4ccccc4)CC[NH+](C)C)O)OC,C35025539,inactive
75,C[C@@H]1CCCC[C@@H]1NC(=O)[C@@H]2[C@@]34C=C[C@@H](O3)[C@@H]([C@@H]4C(=O)N2Cc5ccc[nH+]c5)C(=O)Nc6cccc(c6)OC,C36066412,inactive
76,CC(C)NC(=O)N(Cc1ccccc1)CC(=O)N2CCN(CC2)c3ccc(n[nH+]3)c4ccc(c(c4)OC)OC,C36073004,inactive
77,c1cc2n(c(=O)c1)C[C@@H]3C[C@H]2CN(C3)c4ccc(cc4NC(=O)CC[NH+]5CCOCC5)C(=O)Nc6ccc(cc6)Cl,C38150058,inactive
78,c1ccc(cc1)c2nnn(n2)CC(=O)N(c3ccc(c(c3)Cl)F)[C@H](c4cccc[nH+]4)C(=O)NC5CCCCC5,C00905813,inactive
79,CC1=C([C@H](N2C(=[NH+]1)C(=CN2)C(=O)Nc3ccccc3)c4ccc(cc4OC)OC)C(=O)Nc5ccccc5OC,C08595105,inactive
80,C/C(=C(/C(=O)C(F)(F)F)\C(=O)N(c1nc2ccccc2s1)N)/N3CC[NH+](CC3)Cc4ccc5c(c4)OCO5,C59586562,inactive
81,CCCCN(CC)S(=O)(=O)c1ccc(cc1)C(=O)Nc2c(c3c(s2)C[NH+](CC3)C)C(=O)N(CC)CC,C36649612,inactive
82,C[NH+](Cc1ccccc1)Cc2cn(nn2)[C@H]3CO[C@H]4[C@@H]3OC[C@@H]4NC(=O)Nc5ccc(cc5)Oc6ccccc6,C05399769,inactive
83,C[C@H](C(=O)Nc1ccc(c(c1)OC)OC)Oc2ccc3c(c2)c4cc[nH+]c5c4n3c(=O)c6c5ccc(c6OC)OC,C70708247,inactive
84,Cc1cc(c(c2c1C(=O)/C(=C/c3ccc(c(c3OC)OC)OC)/O2)C[NH+]4CCN(CC4)Cc5ccc6c(c5)OCO6)O,C71388993,inactive
85,Cc1cc(c(c2c1C(=O)/C(=C/c3ccc(c(c3OC)OC)OC)/O2)CN4CC[NH+](CC4)Cc5ccc6c(c5)OCO6)O,C71388993,inactive
86,CCCC[NH+](C)CCCNC(=O)c1cn(c2ccc(cc2c1=O)S(=O)(=O)N3CCc4ccccc4C3)CC,C08597088,inactive
87,c1ccc(cc1)n2c(nnc2SCC(=O)NCCC[NH+]3CCOCC3)CSc4nc5ccccc5s4,C96021882,inactive
88,COC(=O)c1ccc(cc1)N2C(=O)C[C@@H](C2=O)S/C(=[NH+]\CCc3ccc(cc3)S(=O)(=O)N)/Nc4ccccc4,C08443438,inactive
89,Cc1cc(c(s1)NC(=O)CSc2nc3c(c4c(s3)CCCC4)c(=O)n2Cc5cc[nH+]cc5)C(=O)OC,C97946009,inactive
90,Cc1nc2n(n1)c(c(s2)[C@@H](c3ccc(c(c3)OC)OC)[NH+]4CCN(CC4)C(c5ccccc5)c6ccccc6)O,C22852770,inactive
91,CCOc1ccc(cc1)NC(=O)[C@@H]2CC(=O)N(/C(=[NH+]\c3ccc(cc3)OCC)/S2)c4ccc(cc4)OCC,C97964187,inactive
92,c1cc2cccc3c2c(c1)C(=O)N(C3=O)CCN4CC[NH+](CC4)C[C@H](COc5c(cc(cc5F)Br)F)O,C97985355,inactive
93,Cc1c2c(c(c[nH+]1)CO)Cc3c(nc(nc3SCC(=O)Nc4cccc(c4)OC)c5cccc(c5)OC)O2,C97986939,inactive
94,Cc1ccc(cc1)S(=O)(=O)N2CCN([C@@H]2c3ccc(cc3)OC)C(=O)CSc4[nH]c5cc(ccc5[nH+]4)C,C98008215,inactive
95,c1cc(oc1)CN(Cc2ccc3c(c2)OCO3)C(=O)CN(CCC[NH+]4CCOCC4)C(=O)Nc5ccc(c(c5)Cl)Cl,C98017706,inactive
96,COc1cc2cc[nH+]c(c2cc1OC)Cc3cc(c(cc3NC(=O)CSc4nnc(o4)c5cccs5)OC)OC,C98048349,inactive
97,C[NH+]1CCN(CC1)C(=O)c2ccc(c(c2)S(=O)(=O)Nc3cccc(c3)OC)NCCc4ccc(c(c4)OC)OC,C98049704,inactive
98,Cc1cccn2c1nc(c(c2=O)/C=C\3/C(=O)N(C(=S)S3)CCc4ccc(cc4)OC)NCCCn5cc[nH+]c5,C98228963,inactive
99,CC(C)Oc1ccc(c(c1)N2CCN(CC2)c3c4cc(c(cc4ncn3)OCCC[NH+]5CCCCC5)OC)C(=O)N,C98240112,inactive
100,Cc1cc(c(c(=O)[nH]1)CNC(=O)c2c(n(c3c2cccn3)[C@H](C)C4CCC(CC4)[NH+]5CC(C5)OCC(F)F)C)SC,574989,inactive
101,Cc1cc(nc(n1)SCC(=O)N(Cc2ccc[nH+]c2)[C@H](c3ccccc3)C(=O)Nc4ccc(cc4)OC)C,C01405480,inactive
102,C[NH+](C)CCOC(=O)c1ccc(cc1)NC(=O)CCCCCN2C(=O)/C(=C/c3ccccc3)/SC2=S,C08819689,inactive
103,C=CCNC(=S)N1CC[NH+](CC1)[C@H]2c3cccc4c3c(ccc4)[C@@H]2NS(=O)(=O)c5ccc(cc5)Cl,C09085916,inactive
104,CC[NH+](CC)CCOC(=O)c1ccc(cc1)NC(=O)CCN2C(=O)/C(=C\c3ccc(cc3)OC)/SC2=O,C09363766,inactive
105,CC[NH+](CC)CCCN1[C@H]([C@H](C(=O)C1=O)C(=O)c2c(c([nH]c2C)C(=O)OC)C)c3cccc(c3OC)OC,C09360207,inactive
106,Cc1cccc(c1)COc2ccc(cc2)C(=O)[C@H]3[C@H](N(C(=O)C3=O)CCCn4cc[nH+]c4)c5cccc(c5)O,C09461425,inactive
107,COc1ccccc1[C@H](CNC(=O)/C=C/c2ccc(c(c2)S(=O)(=O)N3CCOCC3)OC)[NH+]4CCCC4,C13146148,inactive
108,Cc1cccc(c1)COc2ccc(cc2)C(=O)[C@H]3[C@@H](N(C(=O)C3=O)CCCn4cc[nH+]c4)c5ccc(cc5)O,C13552441,inactive
109,COC(=O)c1c(c2cc(c[nH+]c2n1CCCc3ccccc3)NCCc4ccccc4)NC(=O)[C@H]5CCOC5,C14541219,inactive
110,CN1c2ccccc2[C@]3(C1=O)C(=C(c4cccc(c4)S(=O)(=O)N(C)C)O)C(=O)C(=O)N3CCC[NH+](C)C,C16742414,inactive
111,CC[NH+](CC)CCCN1[C@@H](C(=C(C1=O)O)C(=O)c2ccc(c(c2)Cl)OCC)c3cc(ccc3OC)OC,C20149878,inactive
112,CCCc1cc(c(s1)NC(=O)/C(=C/c2ccc(c(c2)OCC)OCC[NH+]3CCOCC3)/C#N)C(=O)OC,C20562580,inactive
113,CC(C)(C)C1=CC[C@H](C=C1)[C@@H]2C(=C(C(=O)N2CCC[NH+]3CCOCC3)O)C(=O)c4ccc(c(c4)OC)OC,C24978427,inactive
114,Cc1ccc(cc1S(=O)(=O)NCc2cccc[nH+]2)c3c4ccccc4c(nn3)Nc5ccc6c(c5)OCO6,C00718289,inactive
115,C[C@@H](c1nc2ccccc2c(=O)n1CCOC)N(CCCCCC[NH3+])C(=O)c3cccc(c3)Br,C33722436,inactive
116,COc1cccc(c1)N2CCN(CC2)C(=O)c3coc(n3)CN4CCN(CC4)C[C@@H](C[NH+]5CCCCC5)O,C34677762,inactive
117,Cc1cc(ccc1C(=O)C2=C(C(=O)N([C@H]2c3ccc(cc3)OCc4ccccc4)CC[NH+](C)C)O)OCC=C,C35023586,inactive
118,CC[NH+](CC)CCN1[C@@H](C(=C(C1=O)O)C(=O)c2ccccc2)c3ccc(c(c3)OCC)OCc4ccccc4,C35270522,inactive
119,c1ccc(cc1)COc2ccc(cc2)[C@H]3C(=C(C(=O)N3CC[NH+]4CCOCC4)O)C(=O)/C=C/c5ccccc5,C35443823,inactive
120,c1ccc(cc1)CC(=O)N(Cc2ccc[nH+]c2)[C@H]([C@H]3CCC=CC3)C(=O)Nc4ccc(cc4)N5CCOCC5,C36057803,inactive
121,CC[NH+](C[C@H](COCc1ccccc1)O)CC(=O)N2CCc3c(ccs3)[C@@H]2COc4ccccc4OC,C36309989,inactive
122,CC[NH+](CC)CCCN1[C@@H](C(=C(C1=O)O)C(=O)c2ccc3cc(ccc3c2)OC)c4ccc(cc4)C(=O)OC,C39847647,inactive
123,CCCOc1ccc(cc1)c2nc(c(o2)NCCC[NH+](CC)CC)S(=O)(=O)c3ccc4c(c3)OCCO4,C40178045,inactive
124,CCOc1cccc(c1)NC(=O)[C@H]2CC(=O)[N+](=C(S2)Nc3ccc(cc3)OC)Cc4ccccc4Cl,C55211097,inactive
125,CCOc1cccc(c1)NC(=O)C[C@H]2C(=O)[N+](=C(S2)Nc3ccc(cc3)OC)Cc4ccccc4Cl,C59254547,inactive
126,c1cc(ccc1NC(=O)CSc2nnc(n2c3ccc(cc3)Cl)C[NH+]4CCOCC4)I,C01069567,inactive
127,CCn1cc(c2c1ccc(c2)OC)/C=C\3/C(=O)c4ccc(c(c4O3)CN5CC[NH+](CC5)Cc6ccccc6)O,C41584923,inactive
128,CC[NH+](CC)CCCN1[C@@H](C(=C(C1=O)O)C(=O)[C@H]2C(=C(N=C2C)C(=O)OC)C)c3cccc(c3OC)OC,C20132289,inactive
129,COCC(=O)N[C@@H]1c2cc(cnc2N([C@@H]1C(=O)OC)CCC3=c4ccccc4=[NH+]C3)NC5CCSCC5,C63980620,inactive
130,CCOc1ccc(cc1Cl)C(=O)C2=C(C(=O)N([C@H]2c3ccc(c(c3)OC)OC)CCCn4cc[nH+]c4)O,C09046819,inactive
131,c1ccc(cc1)CN2CC[NH+](CC2)CC/N=C(/c3cc(=O)[nH]c4c3cc(cc4)S(=O)(=O)N5CCCC5)\O,C20683804,inactive
132,COc1ccc(cc1)NC2=[N+](C(=O)C[C@H](S2)C(=O)Nc3ccc(cc3)OC)CCc4ccc(cc4)Cl,C83297015,inactive
133,CC(C)OC[C@@H](C[NH+](Cc1ccccc1)Cc2[nH]c(=O)c3c(csc3n2)c4ccc(c(c4)OC)OC)O,C36205924,inactive
134,Cc1cccc(c1)CN2c3ccccc3O/C(=C\c4ccc(cc4)C(=O)NCCCN5CC[NH+](CC5)C)/C2=O,C96486234,inactive
135,C[C@@H]1Cc2cc(ccc2O1)C(=O)C3=C(C(=O)N([C@H]3c4ccc(cc4)OCc5ccccc5)CCCn6cc[nH+]c6)O,C97955578,inactive
136,Cc1ccc(cc1)OCCOc2ccc(cc2OC)/C=C/3\C(=[NH2+])N4C(=NC3=O)SC(=N4)c5ccccc5C,C97959192,inactive
137,CCOC(=O)c1c2c(sc1NC(=O)c3ccc(cc3)S(=O)(=O)N(CC=C)CC=C)C[NH+](CC2)Cc4ccccc4,C97963455,inactive
138,COc1ccc(cc1OC)CC(=O)N/N=C/2\c3cc(ccc3N(C2=O)CN4CCCC[C@@H]4c5ccc[nH+]c5)Br,C97966555,inactive
139,Cc1ccccc1COc2ccc(cc2)C(=O)C3=C(C(=O)N([C@@H]3c4ccc(c(c4)OC)OC)CCCn5cc[nH+]c5)O,C97966809,inactive
140,COc1ccc(cc1OC)[C@H]2C(=C(C(=O)N2CCCn3cc[nH+]c3)O)C(=O)c4ccc(cc4)Br,C06282452,inactive
141,CCOc1cc(ccc1OCc2ccccc2)[C@H]3C(=C(C(=O)N3CCC[NH+](C)C)O)C(=O)c4ccc5c(c4)C[C@H](O5)C,C97969883,inactive
142,CC[NH+](CC)CCCN1[C@H](C(=C(C1=O)O)C(=O)c2ccc3c(c2)C[C@@H](O3)C)c4ccc(c(c4)OC)OCc5ccccc5,C97970935,inactive
143,CC[NH+](CC)CCCN1[C@H](C(=C(C1=O)O)C(=O)c2ccc3c(c2)C[C@H](O3)C)c4ccc(c(c4)OC)OCc5ccccc5,C97970937,inactive
144,c1ccc(c(c1)CNC(=O)CCCCCn2c(=O)c3c(ccs3)n(c2=O)Cc4cc(=O)n5ccccc5[nH+]4)Cl,C97986763,inactive
145,CC(=O)Nc1ccc(cc1)S(=O)(=O)N(CCC[NH+]2CCOCC2)CC(=O)N(Cc3ccccc3)Cc4ccco4,C98017917,inactive
146,Cc1ccc(cc1)NC(=O)N(CC[NH+]2CCCC2)CC(=O)N(CCc3ccc(c(c3)OC)OC)Cc4ccc(o4)C,C98019737,inactive
147,C[NH+](C)CCCN1[C@@H](C(=C(C1=O)O)C(=O)c2ccc(c(c2)F)OC)c3ccc(c(c3)OC)OCc4ccccc4,C98046408,inactive
148,CCN1c2ccccc2[C@@]3(C1=O)C(=C(C(=O)N3CC[NH+](C)C)O)C(=O)c4ccc(cc4)S(=O)(=O)N5CCCC5,C98046917,inactive
149,Cc1cc2c(c(n(c2nc1)[C@H](C)C3CCC(CC3)[NH+]4CC(C4)OC(F)F)C)C(=O)NCc5c(cc([nH]c5=O)C)SC,574988,inactive
150,COc1cc(cc(c1OC)OC)[C@@H]2C3C(=NC(=C)C2C(=O)Nc4ccc(c[nH+]4)Br)CCCC3=O,C08413470,inactive
151,CCCCOc1ccc(cc1OC)[C@@H]2C(=C(c3ccc4c(c3)OCCO4)O)C(=O)C(=O)N2Cc5ccc[nH+]c5,C08383516,inactive
152,COc1ccc(cc1)NC(=O)[C@H](c2ccc(cc2)Cl)N(Cc3ccc[nH+]c3)C(=O)CN4c5ccccc5C(=O)C4=O,C08695816,inactive
153,c1ccc(c(c1)CNC(=O)c2cc(nc3c2cc(cc3)S(=O)(=O)N4CCOCC4)c5cc[nH+]cc5)Cl,C06238475,inactive
154,Cc1cccc(c1)COc2ccc(cc2)C(=O)C3=C(C(=O)N([C@H]3c4ccc(o4)C)CCC[NH+]5CCOCC5)O,C08996821,inactive
155,COc1ccc(cc1N(CC(=O)NCCC[NH+]2CCCC2)S(=O)(=O)c3ccc(c(c3)OC)OC)Cl,C13612079,inactive
156,CCOc1ccc(cc1)[C@@H](C(=O)NC2CCCCC2)N(Cc3ccc[nH+]c3)C(=O)[C@H]4COc5ccccc5O4,C00930882,inactive
157,CCC[C@@]1([C@@H]2[C@@H]([C@H]([NH2+]1)c3ccc(cc3OC)OC)C(=O)N(C2=O)c4ccc5c(c4)OCCO5)C(=O)OCC,C12497965,inactive
158,Cc1nc2n(n1)c(c(s2)[C@@H](c3ccc(cc3)OC)[NH+]4CCN(CC4)C(c5ccccc5)c6ccccc6)O,C22852779,inactive
159,c1ccc2c(c1)c(=O)n(c(n2)SCC(=O)NC3CCCC3)CCC[NH+]4CCN(CC4)c5cccc(c5)Cl,C33357842,inactive
160,CCOc1cc(ccc1OCCC(C)C)[C@H]2C(=C(C(=O)N2Cc3cc[nH+]cc3)O)C(=O)c4ccc(cc4)OC,C33364523,inactive
161,CCCCOc1ccc(cc1)[C@H]2C(=C(C(=O)N2CC[NH+](CC)CC)O)C(=O)c3ccc(cc3)Br,C34917942,inactive
162,Cc1nc2n(n1)c(c(s2)[C@H](c3cccc(c3)OC)N4CC[NH+](CC4)C(c5ccccc5)c6ccccc6)O,C22784281,inactive
163,c1ccc(cc1)/C=C/C(=O)C2=C(C(=O)N([C@@H]2c3cccc(c3)Oc4ccccc4)CCC[NH+]5CCOCC5)O,C35443657,inactive
164,Cc1ccc(cc1)n2cc(nc2NC(=O)CN(CC[NH+]3CCOCC3)C(=O)c4ccccc4)c5ccccc5,C36044894,inactive
165,C[NH+](C)CCN(Cc1c(noc1N2CCc3ccccc3C2)c4ccccc4)C(=O)Nc5cccc(c5)Cl,C36249068,inactive
166,Cc1nc2n(n1)c(c(s2)[C@@H](c3ccc(cc3)OC)N4CC[NH+](CC4)C(c5ccccc5)c6ccccc6)O,C22852779,inactive
167,CCC[NH+]1CCc2c(sc(c2c3nc4ccccc4s3)NC(=O)CCS(=O)(=O)c5ccccc5)C1,C36633062,inactive
168,Cc1ccc(cc1C)n2c3c(c(c(c([nH+]3)C)CCC(=O)NCCc4ccc(c(c4OC)OC)OC)C)c(n2)C,C08598683,inactive
169,CN1CC[NH+](CC1)CCCNC(=O)c2ccc(cc2)/C=C\3/C(=O)N(c4ccccc4O3)Cc5ccc(cc5)Cl,C38150047,inactive
170,C[C@@H](c1ccccc1)[C@@H]2C(=C(C(=O)N2CC[NH+]3CCOCC3)O)C(=O)c4ccc(cc4)OCc5ccccc5,C39827820,inactive
171,C[C@H](c1ccccc1)[C@@H]2C(=C(C(=O)N2CC[NH+]3CCOCC3)O)C(=O)c4ccc(cc4)OCc5ccccc5,C39827821,inactive
172,C[C@@H](c1ccccc1)[C@H]2C(=C(C(=O)N2CC[NH+]3CCOCC3)O)C(=O)c4ccc(cc4)OCc5ccccc5,C39827822,inactive
173,CCCCOc1ccc(cc1)C(=O)C2=C(C(=O)N([C@@H]2c3ccc(cc3)Br)CC[NH+](CC)CC)O,C39827956,inactive
174,CC[NH+](CC)CCCN1[C@H](C(=C(C1=O)O)C(=O)c2ccc3cc(ccc3c2)OC)c4ccc(cc4)C(=O)OC,C39847648,inactive
175,COc1ccc2cc(ccc2c1)C(=O)C3=C(C(=O)N([C@H]3c4ccc(c(c4)OC)OC)CCCn5cc[nH+]c5)O,C39847836,inactive
176,CC(C)CCOc1ccc(cc1)[C@H]2c3c(n[nH]c3C(=O)N2CCC[NH+]4CCOCC4)c5ccc(cc5)Cl,C40343656,inactive
177,COc1ccc(cc1)c2c3c([nH]n2)C(=O)N([C@H]3c4ccc(cc4)OCc5ccccc5)CC[NH+]6CCOCC6,C40345774,inactive
178,Cc1ccc(cc1)CN2C(=O)/C(=C/c3c(nc4c(cccn4c3=O)C)NCCCn5cc[nH+]c5)/SC2=S,C02356132,inactive
179,CCOc1cccc2c1oc(=O)c(c2)c3cc(=O)oc4c3ccc(c4C[NH+]5CCN(CC5)c6ccccc6)O,C41585189,inactive
180,CCOc1ccc(cc1OC)[C@H]2[C@H]3C(=c4ccccc4=[NH+]3)C[C@@H]5N2C(=O)CN(C5=O)C[C@@H](c6ccccc6)O,C63142020,inactive
181,C[C@H]1c2cc(c(cc2CC[NH+]1CN3c4ccc(cc4/C(=N/NC(=O)c5ccccc5)/C3=O)Br)OC)OC,C70686626,inactive
182,CC[C@H]([C@@H]1C(=NN(C1=O)c2nc3ccccc3s2)CSc4ccc(cc4)Cl)[NH2+]CCc5cnc[nH]5,C20573353,inactive
183,Cc1cc(ccc1c2ccc3[nH+]c(c(n3c2)CCC(=O)NCCN4CCOCC4)c5cccc(c5)OC)Cl,C85422821,inactive
184,Cc1ccc(o1)CN(Cc2ccccc2)C(=O)CN(CCC[NH+]3CCOCC3)C(=O)Nc4ccccc4OC,C16650954,inactive
185,COc1ccc(c(c1)C[NH+]2CCN(CC2)c3[nH]c(=O)cc(n3)CN4CCN(CC4)Cc5ccc(cc5)F)OC,C35926843,inactive
186,C[C@@H]1C[C@@H](C[NH+](C1)CCCNC(=O)CN2c3ccccc3O/C(=C\c4cccc(c4)Br)/C2=O)C,C96888450,inactive
187,Cc1cccn2c1nc(c(c2=O)/C=C\3/C(=O)N(C(=S)S3)Cc4ccc(cc4)OC)NCCC[NH+]5CCOCC5,C97946313,inactive
188,COC(=O)c1c2c(sc1NC(=O)c3ccc(cc3)S(=O)(=O)N4CCCC4)C[NH+](CC2)Cc5ccccc5,C97957490,inactive
189,COc1cc(cc(c1OCC=C)Br)/C=N/NC(=O)c2ccc(cc2)C[NH+]3CCc4ccccc4C3,C97959465,inactive
190,C[C@H]1CN(C[C@@H](O1)C)S(=O)(=O)c2ccc(cc2)C(=O)Nc3c(c4c(s3)C[NH+](CC4)Cc5ccccc5)C#N,C97963472,inactive
191,c1ccc2c(c1)c(nc([nH+]2)c3cccc(c3)Br)N(CCC(=O)NCc4ccco4)Cc5ccco5,C98009811,inactive
192,Cc1cc2c(c(n(c2nc1)[C@H](C)C3CCC(CC3)N4CC(C4)OC(F)F)C)C(=O)NCc5c(cc([nH]c5=O)C)SC,574988,inactive
193,COc1cc(ccc1OC(=O)OC)/C=N/NC(=O)c2ccc(cc2)N(Cc3ccccc3Cl)S(=O)(=O)C,C00659744,inactive
194,c1cc(cc(c1)C(=O)Nc2ccc(cc2)S(=O)(=O)Nc3ncccn3)COc4ccc(cc4)Br,C00689123,inactive
195,CCOC(=O)c1cc2c(c(c1)CSc3nc4ccccc4c(=O)n3CCc5ccc(cc5)S(=O)(=O)N)OCOC2,C02970526,inactive
196,COc1ccc(cc1)c2nnn(n2)CC(=O)N(C[C@@H]3CCCO3)[C@H](c4cccs4)C(=O)NC5CCCCC5,C00888497,inactive
197,COc1ccc(cc1)c2nnn(n2)CC(=O)N(Cc3ccccc3Cl)[C@@H](c4ccco4)C(=O)NC5CCCCC5,C00888295,inactive
198,COc1ccc(cc1)c2nnn(n2)CC(=O)N(Cc3ccccc3Cl)[C@H](c4ccco4)C(=O)NC5CCCC5,C00886096,inactive
199,CC1=C(/C(=C\c2ccc(o2)CNS(=O)(=O)c3ccc(cc3)Cl)/C(=O)N1CCc4ccc(cc4)OC)C(=O)OC,C08383801,inactive
200,Cc1c(c(=O)n(n1C)c2ccccc2)C(=O)CSc3[nH]c(c(n3)c4ccc(cc4)OC)c5ccc(cc5)OC,C00984800,inactive
201,Cc1cccc(c1)NC(=O)CSc2nc3cc(c(cc3c4n2nc(n4)CCn5c(nc6c5cccc6)C)OC)OC,C08595419,inactive
202,COc1ccc(cc1OC)[C@@H](C(=O)Nc2ccc3c(c2)OCO3)N(Cc4ccccc4F)C(=O)Cc5ccccc5,C01409866,inactive
203,c1ccc2c(c1)C(=O)C(=O)N2CC(=O)N(Cc3ccc(cc3)F)[C@H](c4ccc(cc4)Cl)C(=O)Nc5ccc6c(c5)OCO6,C08712876,inactive
204,CN(C)c1ccc(cc1)NC(=O)[C@@H](c2ccc(cc2)Cl)N(Cc3ccccc3)C(=O)CN4c5ccccc5C(=O)C4=O,C08695777,inactive
205,CCOc1ccc2c(c1)sc(n2)NC(=O)C3CCN(CC3)S(=O)(=O)c4ccc5c(c4)C[C@H](N5C(=O)C6CC6)C,C33355734,inactive
206,COc1ccc(cc1)C2CC(=O)C(C(=O)C2)C(c3ccc(cc3)O)C4C(=O)CC(CC4=O)c5ccc(cc5)OC,C17527788,inactive
207,C[C@H]1C[C@@H](c2cc(cc(c2N1C(=O)CN3C(=O)c4ccccc4C3=O)OC)OC)Nc5ccc(cc5OC)OC,C01254706,inactive
208,Cc1ccccc1N(CC(=O)Nc2ccc(cc2)S(=O)(=O)N3CCCC3)S(=O)(=O)c4ccc(cc4)Cl,C59617160,inactive
209,CS(=O)(=O)N(CC(=O)Nc1ccccc1C(=O)N2CCOCC2)c3ccc(cc3)C45CC6CC(C4)CC(C6)C5,C59617246,inactive
210,Cc1ccc(cc1)S(=O)(=O)N(CC(=O)Nc2ccccc2C(=O)N3CCOCC3)c4ccc(c(c4)Cl)Cl,C59620633,inactive
211,COc1ccc(cc1)C[C@@]2(C(=O)NC(=O)N(C2=O)Cc3ccccc3)CN4C[C@H]5C[C@@H](C4)c6cccc(=O)n6C5,C70669831,inactive
212,COc1ccc(cc1OC)CCN2CC(=O)N3[C@H](C2=O)Cc4c5ccccc5[nH]c4[C@@H]3c6cccc(c6)[N+](=O)[O-],C02152123,inactive
213,COc1ccc(cc1)NC(=O)CSc2nc3ccccc3n2C(=O)CCN4C(=O)/C(=C/c5cccs5)/SC4=S,C97946093,inactive
214,CCCCCCCCN1C(=O)/C(=C/c2c(nc3c(cccn3c2=O)C)N4CCN(CC4)CCO)/SC1=S,C97946532,inactive
215,c1ccc(cc1)CN2C(=C(c3ccccc3S2(=O)=O)NC(=O)c4ccc(cc4)[N+](=O)[O-])C(=O)c5ccccc5,C06010707,inactive
216,Cc1cc(ccc1OCc2ccccc2)C(=O)C3=C(C(=O)N([C@@H]3c4ccc(c(c4)OC)O)c5nc(c(s5)C(=O)OC)C)O,C97955047,inactive
217,COc1ccc(cc1OC)C[C@@]2(C(=O)NC(=O)N(C2=O)c3ccccc3)CNc4ccc(cc4)Br,C97955871,inactive
218,CCOc1cc(ccc1OCCCOc2ccccc2)/C=C\3/C(=O)NC(=O)N(C3=O)c4ccc(cc4)Br,C97958527,inactive
219,COc1cc(ccc1OCCOc2ccccc2Cl)/C=C/3\C(=O)NC(=O)N(C3=O)c4ccc(cc4)Br,C97959190,inactive
220,c1ccc(cc1)Oc2cccc(c2)/C=N\NC(=O)CN3CCN(CC3)S(=O)(=O)c4ccc(cc4)Br,C97959498,inactive
221,Cc1ccc(cc1)NC(=O)CN2C(=O)/C(=C\c3cc(c(c(c3)Br)OCC(=O)OC)Br)/SC2=O,C97960150,inactive
222,Cc1cc(c(c(n1)N/N=C/c2cc(c(c(c2)I)OCc3ccccc3C#N)OC)C#N)COC,C97965515,inactive
223,Cc1cc(ccc1C(=O)C2=C(C(=O)N([C@@H]2c3cc(ccc3OC)OC)c4nc(c(s4)C(=O)OC)C)O)OC,C53305745,inactive
224,CCOc1cc(ccc1O)[C@H]2C(=C(C(=O)N2c3nc4ccc(cc4s3)OC)O)C(=O)c5ccc6c(c5)C[C@@H](O6)C,C97967552,inactive
225,CCOc1ccc2c(c1)sc(n2)N3[C@H](C(=C(C3=O)O)C(=O)c4ccc5c(c4)C[C@H](O5)C)c6ccc(c(c6)OC)O,C97967910,inactive
226,CCOc1cc(ccc1OCc2ccccc2)[C@@H]3C(=C(C(=O)N3c4nc(c(s4)C(=O)C)C)O)C(=O)c5ccc6c(c5)OCCO6,C97968134,inactive
227,COc1ccc2c(c1)sc(n2)N3[C@H](C(=C(C3=O)O)C(=O)c4ccc5c(c4)OCCO5)c6ccc(cc6)C(=O)OC,C97969268,inactive
228,C[C@H]1Cc2cc(ccc2O1)C(=O)C3=C(C(=O)N([C@@H]3c4ccc(c(c4)OC)OC)c5nc6ccc(cc6s5)OC)O,C97969975,inactive
229,CCOc1ccc(cc1OCC)[C@@H]2C(=C(C(=O)N2c3nc4ccc(cc4s3)OC)O)C(=O)c5ccc6c(c5)OCCO6,C97970410,inactive
230,COc1cc(cc(c1OC)OC)[C@H](c2c(n3c(s2)ncn3)[O-])[NH+]4CCN(CC4)C(c5ccccc5)c6ccccc6,C97987858,inactive
231,CC(=O)Nc1ccc(cc1)S(=O)(=O)Oc2ccc(cc2CN(C[C@@H]3CCCO3)C(=O)NC(C)(C)C)Cl,C98010799,inactive
232,COc1ccc(cc1)NC(=O)N2CCC3(CC2)C(=O)N(CN3c4ccccc4)CC(=O)NCCc5ccccc5,C04187521,inactive
233,c1cc(oc1)CN(Cc2ccc3c(c2)OCO3)C(=O)CN(CCCN4CCOCC4)C(=O)Nc5ccc(c(c5)Cl)Cl,C98017706,inactive
234,CCOC(=O)c1ccc(cc1)NC(=O)CSc2nc3ccc(cc3c(=O)n2Cc4ccccc4)N5CCOCC5,C98049304,inactive
235,CCOc1ccc(cc1)NC(=O)c2ccc(c(c2)S(=O)(=O)N3CCN(CC3)Cc4ccc5c(c4)OCO5)F,C98049762,inactive
236,CCCOc1ccc(c(c1)C)C(=O)C2=C(C(=O)N([C@H]2c3ccc(c(c3)OC)OC)c4nc(c(s4)C(=O)OC)C)O,C05919062,inactive
237,c1cc(sc1)/C=C/2\C(=O)N(C(=S)S2)CCCCCC(=O)NNC(=O)c3ccc(cc3)Br,C98216107,inactive
238,COC(=O)/C(=C(\NC(=O)c1ccc(cc1)[N+](=O)[O-])/[S-])/[P+](c2ccccc2)(c3ccccc3)c4ccccc4,C98223242,inactive
239,c1ccc(cc1)c2nnc(s2)NC(=O)C(=O)N/N=C/c3cn(nc3c4ccc(cc4)Br)c5ccccc5,C98228118,inactive
240,Cc1cc(c(c(=O)[nH]1)CNC(=O)c2c(n(c3c2cccn3)[C@H](C)C4CCC(CC4)[N@H+]5CC[C@H](C5)OC(F)F)C)SC,574992,inactive
241,C[C@@H]1Cc2cc(ccc2O1)C(=O)C3=C(C(=O)N([C@H]3c4ccc(c(c4)OC)OCc5ccccc5)CC[NH+]6CCOCC6)O,C08383706,inactive
242,COc1cc(ccc1OCc2ccccc2)[C@@H]3C(=C(c4ccc5c(c4)OCCO5)O)C(=O)C(=O)N3Cc6ccc[nH+]c6,C00703181,inactive
243,Cc1ccc(c(c1)NC(=O)CSc2c3c(nc(n2)c4cccc(c4)OC)Oc5c([nH+]cc(c5C3)CO)C)C,C08589264,inactive
244,CC(=O)c1cccc(c1)N2C(=O)[C@@H]3[C@@H]([NH2+][C@@]([C@H]3C2=O)(CCSC)C(=O)OC)c4ccc(cc4OC)OC,C12498323,inactive
245,Cc1ccc(cc1)C(=O)N/C(=C\c2ccc(o2)c3ccc(cc3Cl)Cl)/C(=O)NCCCn4cc[nH+]c4,C12549733,inactive
246,CCCCCOc1ccc(cc1)[C@H]2C(=C(c3ccc4c(c3)C[C@@H](O4)C)O)C(=O)C(=O)N2CCCn5cc[nH+]c5,C09292793,inactive
247,CCCOc1ccc(cc1OCC)[C@@H]2/C(=C(/c3ccc4c(c3)C[C@H](O4)C)\O)/C(=O)C(=O)N2CC[NH+](CC)CC,C09313116,inactive
248,C[NH+](CCCNC(=O)c1ccc2c(c1)N(C(=O)c3ccccc3[S@@]2=O)Cc4ccccc4)C5CCCCC5,C20242829,inactive
249,COc1ccc(cc1COc2cccc3c2[nH+]ccc3)/C=C(/C#N)\C(=O)NCCc4ccc(c(c4)OC)OC,C20258624,inactive
250,CCc1cccc(c1NC(=S)N/N=C\2/c3ccccc3N(C2=O)C[NH+]4CCN(CC4)c5ccccc5)CC,C20685341,inactive
251,COc1ccccc1NS(=O)(=O)c2ccc3c(c2)n(c(=S)o3)CN4CC[NH+](CC4)Cc5ccccc5,C22029984,inactive
252,c1ccc(cc1)C(c2ccccc2)[NH+]3CCN(CC3)CCC(=O)NNC(=O)Cc4ccc(c(c4)Cl)Cl,C22938713,inactive
253,CC(=O)Oc1ccc(cc1)N2C(=O)[C@@H]3[C@H]4c5ccccc5C=C[NH+]4[C@H]([C@H]3C2=O)C(=O)Nc6ccc(cc6)OC,C16000520,inactive
254,c1ccc(cc1)[C@H]2C(=C(C(=O)N2CC[NH+]3CCOCC3)O)C(=O)c4ccc(cc4)S(=O)(=O)N5CCCC5,C27021114,inactive
255,CN(CCc1ccc(c(c1)OC)OC)C(=O)c2ccc(cc2)NC(=O)C[C@H]3C(=O)[NH+]=C(S3)N4CCCC4,C32735823,inactive
256,Cc1ccc(cc1)NC(=O)c2csc(n2)C[NH+](CCc3ccc(c(c3)OC)OC)Cc4ccc(cc4)OC,C00700514,inactive
257,COc1cccc(c1)C(=O)C2=C(C(=O)N([C@@H]2c3ccc(cc3)OCc4ccccc4)CCCn5cc[nH+]c5)O,C33467864,inactive
258,CCOc1cc(ccc1OCc2ccccc2)[C@H]3C(=C(C(=O)N3Cc4cc[nH+]cc4)O)C(=O)c5ccc(o5)C,C33555596,inactive
259,c1ccc(cc1)CNC(=O)N(CC[NH+]2CCOCC2)CC(=O)N(Cc3ccc(cc3)F)Cc4cccs4,C33764768,inactive
260,CC[NH+](CC)CCCN1[C@H](C(=C(C1=O)O)C(=O)c2c(nc(s2)c3ccccc3)C)c4cccc(c4)Cl,C33813752,inactive
261,COc1ccc(cc1)C(=O)C2=C(C(=O)N([C@H]2c3cccc(c3)OCc4ccccc4)CCCn5cc[nH+]c5)O,C34942048,inactive
262,CCCOc1ccc(cc1OCC)[C@@H]2C(=C(C(=O)N2CCCn3cc[nH+]c3)O)C(=O)c4c(nc(s4)C)C,C35567804,inactive
263,CCc1ccc(cc1)C(=O)N2CCC3(CC2)N([C@@H](CO3)C(=O)NCc4ccc[nH+]c4)C(=O)c5cccc(c5)C,C35987177,inactive
264,CN(Cc1cccc(c1OC)OC)C(=O)c2cccc(c2)NC(=O)C[C@@H]3C(=O)[NH+]=C(S3)N4CCCCC4,C32735834,inactive
265,CCCCOc1ccc(cc1)C(=O)C2=C(C(=O)N([C@@H]2c3ccc(cc3OC)OC)CC[NH+]4CCOCC4)O,C39827794,inactive
266,Cc1ccc(cc1)OC[C@@H](C[NH+](Cc2ccc(o2)c3cc(ccc3Cl)Cl)[C@@H]4CCS(=O)(=O)C4)O,C40313098,inactive
267,Cc1cccc(c1)OC[C@@H](C[NH+](Cc2ccc(o2)c3cc(ccc3Cl)Cl)[C@@H]4CCS(=O)(=O)C4)O,C40313518,inactive
268,c1ccc(cc1)c2c3c(n[nH]2)C(=O)N([C@H]3c4ccc(cc4)OCc5ccc(cc5)Cl)CCCn6cc[nH+]c6,C40339828,inactive
269,CN1CCc2c(c(c3c(c(sc3[nH+]2)C(=O)c4ccc(cc4)Cl)N)c5cc(c(c(c5)OC)OC)OC)C1,C40570121,inactive
270,c1ccc(cc1)C(c2ccccc2)[NH+]3CCN(CC3)c4c(c(ncn4)NCc5ccc6c(c5)OCO6)[N+](=O)[O-],C40585011,inactive
271,CCOc1cccc(c1O)[C@@H]2CC(=N[C@@H]([NH2+]2)c3ccc(c(c3)Br)OC)c4ccc5c(c4)OCO5,C53363928,inactive
272,C[C@H]1CCC[C@@H]([C@@H]1C)NC(=O)[C@@H]2[C@@]34C=C[C@@H](O3)[C@@H]([C@@H]4C(=O)N2Cc5ccc[nH+]c5)C(=O)Nc6ccc(cc6)Cl,C59515044,inactive
273,Cc1cc(c(c2c1C(=O)/C(=C/c3cc(c(c(c3)OC)OC)OC)/O2)C[NH+]4CCN(CC4)Cc5ccccc5)O,C41584834,inactive
274,CCOCCCNC(=O)[C@@H](c1ccc(cc1)Cl)N(Cc2cccs2)C(=O)CC3=c4ccccc4=[NH+]C3,C63617081,inactive
275,Cc1cc(ccc1c2ccc3[nH+]c(c(n3c2)CCC(=O)N4CCC(CC4)C(=O)N)c5ccc(cc5)OC)Cl,C96292059,inactive
276,Cc1c2c(c(c[nH+]c2sn1)C(=O)N3CCCCC3)N4CCC(CC4)C(=O)Nc5ccc(cc5OC)OC,C65301106,inactive
277,CC[C@H](C)CN1C(=O)[C@@H]([NH2+]C12CCN(CC2)S(=O)(=O)c3ccc(c(c3)Cl)Cl)Cc4ccccc4,C36027391,inactive
278,COc1cc(cc(c1O)Br)/C=N\NC(=O)CSc2[nH+]c3ccccc3n2Cc4ccccc4,C51075482,inactive
279,COc1cc2cc[nH+]c(c2cc1OC)Cc3cc(c(cc3NS(=O)(=O)c4ccc(cc4)Cl)OC)OC,C02320375,inactive
280,COc1cccc(c1)C(=O)N2[C@@H](COC23CCN(CC3)C(=O)c4ccc(cc4)Cl)C(=O)NCc5cccc[nH+]5,C98014966,inactive
281,C[NH+](C)CCCN1[C@@H](C(=C(C1=O)O)C(=O)c2cccc(c2)S(=O)(=O)N(C)C)c3ccc(cc3)OCc4ccccc4,C98047933,inactive
282,COc1cccc(c1)[n+]2c-3nc(n4c5ccccc5[nH]c4c3sc2=S)SCC(=O)Nc6ccc(cc6OC)OC,C50861868,inactive
283,CC[C@H](C1CCC(CC1)[NH+]2CC(C2)OC(F)F)n3c(c(c4c3nccc4)C(=O)NCc5c(cc([nH]c5=O)C)SC)C,574991,inactive
284,CCC[NH+]1CCc2c(sc(c2C(=O)OCC)NC(=O)c3ccc(cc3)S(=O)(=O)N4CCCCCC4)C1,C08881181,inactive
285,CC(C)CN(CC(C)C)S(=O)(=O)c1ccc(cc1)C(=O)Nc2c(c3c(s2)C([NH2+]C(C3)(C)C)(C)C)C#N,C08881708,inactive
286,Cc1cccc(c1)COc2ccc(cc2)C(=O)C3=C(C(=O)N([C@@H]3c4ccc(o4)C)CCC[NH+]5CCOCC5)O,C08996822,inactive
287,CCOc1ccc(cc1Cl)/C(=C/2\[C@H](N(C(=O)C2=O)CCCn3cc[nH+]c3)c4cc(ccc4OC)OC)/O,C09008415,inactive
288,CC[NH+](CC)CCCN1[C@H](C(=C(C1=O)O)C(=O)c2ccc(c(c2)Cl)OCC)c3cc(ccc3OC)OC,C20149879,inactive
289,CC[NH+]1CCN(CC1)c2cc(c3cc(ccc3n2)NC(=S)NCc4cc(ccc4OC)Br)C,C20153656,inactive
290,CN(C)c1ccc(cc1)[C@@H](CNS(=O)(=O)c2ccc(cc2OC)OC)[NH+]3CCN(CC3)c4ccccc4,C21754961,inactive
291,c1ccc(cc1)CN2CC[NH+](CC2)CCCNC(=O)[C@H]3[C@H]4C=C[C@@]5([C@@H]3C(=O)N(C5)Cc6ccccc6Cl)O4,C22802308,inactive
292,CCCOc1ccc(cc1)/C=N\NC(=O)C[NH+]2CCN(CC2)S(=O)(=O)c3ccc(cc3)Br,C33756802,inactive
293,CC[NH+](CC)CCCN1[C@H](C(=C(C1=O)O)C(=O)c2cccc(c2)OC)c3ccc(cc3)OCc4ccccc4,C33781208,inactive
294,C[C@@H](Cc1ccc(cc1)OC)[NH+](Cc2ccccc2)C[C@@H](c3ccc(c(c3)NC=O)OCc4ccccc4)O,C34657168,inactive
295,c1ccc(cc1)CCN2CCN(CC2)C(=O)C[NH+]3CCN(CC3)C(=O)c4csc(n4)NC5CCCCC5,C34831413,inactive
296,CC[NH+](CC)CCN1[C@H](C(=C(C1=O)O)C(=O)c2ccc(cc2)OCC)c3ccc(cc3)OCc4ccccc4,C34917378,inactive
297,CCCOc1cccc(c1)C(=O)C2=C(C(=O)N([C@@H]2c3ccc(cc3)OCc4ccccc4)CCC[NH+](C)C)O,C34933586,inactive
298,CCOc1cc(ccc1OCc2ccccc2)[C@@H]3C(=C(C(=O)N3CC[NH+](C)C)O)C(=O)c4cccc(c4)OC,C34989505,inactive
299,CCCCOc1ccc(cc1)[C@H]2C(=C(C(=O)N2CC[NH+](C)C)O)C(=O)c3ccc(cc3)OCc4ccccc4,C35023851,inactive
300,CC[NH+](CC)CCCN1[C@H](C(=C(C1=O)O)C(=O)/C=C/c2ccccc2)c3ccc(cc3)OCc4ccccc4,C35444785,inactive
301,CCC[NH+](C[C@H](COCc1ccccc1)O)CC(=O)N2CCc3c(ccs3)[C@@H]2COc4ccc(cc4C)C,C36309402,inactive
302,COC(=O)CN[C@H](c1ccccc1Cl)c2cc(ccc2NC(=O)CC[NH+]3CCOCC3)Br,C19772757,inactive
303,COc1ccc(cc1)/C=C\2/C(=O)N(C(=S)S2)CC(=O)NC[C@H](c3ccc(cc3)OC)[NH+]4CCCCC4,C38615221,inactive
304,Cc1cc(ccc1OC)S(=O)(=O)NC[C@H](c2ccc3c(c2)OCO3)[NH+]4CCN(CC4)c5ccccc5F,C38620985,inactive
305,COc1cc(cc(c1OC)OC)C(=O)Nc2ccc3c(c2)N(c4ccccc4CC3)C(=O)C[NH+]5CCOCC5,C39315341,inactive
306,CC[NH+](CC)CCCN1[C@@H](C(=C(C1=O)O)C(=O)c2ccc3cc(ccc3c2)OC)c4cccc(c4)OCC=C,C39847657,inactive
307,CCCOc1ccc(cc1)[C@H]2C(=C(C(=O)N2CCC[NH+](CC)CC)O)C(=O)c3ccc4cc(ccc4c3)OC,C39847666,inactive
308,C[NH+](C)CCCN1[C@@H](C(=C(C1=O)O)C(=O)c2ccc3cc(ccc3c2)OC)c4ccc(cc4)Br,C39847707,inactive
309,COc1ccc(c(c1)Nc2c(c(ncn2)N3CC[NH+](CC3)C(c4ccccc4)c5ccccc5)[N+](=O)[O-])OC,C40611872,inactive
310,c1ccc(cc1)CN(c2ccccn2)c3c(c([nH+]cn3)N4CCN(CC4)C(c5ccccc5)c6ccccc6)N,C40730024,inactive
311,Cc1cccc(c1)CN2c3ccccc3O/C(=C/c4ccc(cc4)C(=O)NCCCN5CC[NH+](CC5)C)/C2=O,C22938930,inactive
312,CCOc1ccc(cc1)NC(=O)C[C@@H]2C(=O)N(C(=S)N2CCc3cc[nH+]cc3)c4ccc(cc4)C(=O)OCC,C59626544,inactive
313,c1cc[nH+]c(c1)N2CCN(CC2)[C@H]3[C@H](O[C@H]([C@H]3O)CO)CN(Cc4ccc(cc4)F)Cc5ccc(cc5)F,C67890393,inactive
314,COc1ccc(cc1)CCNC(=O)COc2ccc3c(c2)c4cc[nH+]c5c4n3c(=O)c6c5ccc(c6OC)OC,C70708295,inactive
315,CCOC(=O)[C@H](CCc1ccccc1)[NH2+][C@@H](C)C(=O)N2Cc3ccccc3C[C@H]2C(=O)OCc4ccccc4,C77312739,inactive
316,Cc1ccc(cc1)c2c(sc([n+]2CCc3ccc(c(c3)OC)OC)Nc4ccccc4)NC(=O)c5cccs5,C53337384,inactive
317,CCCCOc1ccc(cc1OCC)[C@H]2C(=C(C(=O)N2Cc3cc[nH+]cc3)O)C(=O)c4ccc5c(c4)C[C@@H](O5)C,C97955757,inactive
318,CCCN(CCC)S(=O)(=O)c1ccc(cc1)C(=O)Nc2c(c3c(s2)C[NH+](CC3)Cc4ccccc4)C(=O)OCC,C97963453,inactive
319,Cc1ccccc1COc2ccc(cc2)C(=O)C3=C(C(=O)N([C@H]3c4ccc(c(c4)OC)OC)CCCn5cc[nH+]c5)O,C97966808,inactive
320,CCOc1cc(ccc1OCc2ccccc2)[C@H]3C(=C(C(=O)N3Cc4cc[nH+]cc4)O)C(=O)c5ccc6c(c5)C[C@@H](O6)C,C97970399,inactive
321,CCCCCOc1ccc(cc1OC)[C@H]2C(=C(C(=O)N2CCCn3cc[nH+]c3)O)C(=O)c4ccc5c(c4)C[C@@H](O5)C,C97970700,inactive
322,COc1ccc(cc1)c2[nH+]c(c3ccccc3n2)N(CCCN4CCOCC4)CCC(=O)NCCN5CCOCC5,C98009817,inactive
323,Cc1ccc(cc1Cl)NC(=O)N(CC[NH+]2CCOCC2)CC(=O)N(Cc3ccccc3)Cc4cccs4,C98019460,inactive
324,C[C@@H](CCc1ccccc1)NC(=O)c2csc(n2)C[NH+](Cc3ccc4c(c3)OCO4)Cc5ccc(cc5OC)OC,C00701114,inactive
325,CCCC[C@@H](CC)CN1C(=O)/C(=C/c2c(nc3c(cccn3c2=O)C)NCCCn4cc[nH+]c4)/SC1=S,C05918879,inactive
326,COc1cnc(nc1)NC(=O)NC(=C(Cl)Cl)[P+](c2ccccc2)(c3ccccc3)c4ccccc4,C98229480,inactive
327,Cc1c(c2cc(ccc2[nH]1)OC)CC(=O)Oc3ccc(cc3)C(=O)OCC[NH+]4CCN(CC4)CCN5CCOCC5,C98232303,inactive
328,CC[C@H](C1CCC(CC1)N2CC(C2)OC(F)F)n3c(c(c4c3nccc4)C(=O)NCc5c(cc([nH]c5=O)C)SC)C,574991,inactive
329,COc1ccc(cc1OC)C(=O)N[C@H](C(Cl)(Cl)Cl)NC(=S)Nc2cccc(c2)Br,C00836969,inactive
330,COc1ccc(cc1OC)C(=O)N[C@H](C(Cl)(Cl)Cl)NC(=S)Nc2ccc(cc2)I,C00836972,inactive
331,Cc1c(c(=O)n(n1C)c2ccccc2)NC(=O)CN(c3ccc(c(c3)C(F)(F)F)Cl)S(=O)(=O)c4ccccc4,C01176908,inactive
332,CCOCCOC(=O)C1[C@H](C2C(=NC1=C)C[C@H](CC2=O)c3ccc(c(c3)OC)OC)c4ccc(c(c4)OCC)O,C06195410,inactive
333,COc1cc(ccc1OC(=O)OC)/C=N/NC(=O)CN(c2cc(ccc2Cl)C(F)(F)F)S(=O)(=O)c3ccccc3,C08384203,inactive
334,c1cc(c(cc1Cl)Cl)[C@H](OC(=O)N[C@H](C(Cl)(Cl)Cl)O)P(=O)(OCCCl)OCCCl,C08386635,inactive
335,C[C@@H]1Cc2cc(ccc2O1)C(=O)C3=C(C(=O)N([C@H]3c4ccc(c(c4)OC)OCc5ccccc5)Cc6ccco6)O,C00703090,inactive
336,Cc1cc(nc(n1)SCc2nnc(n2c3ccccc3)SCC(=O)Nc4c(c5c(s4)CCCC5)C#N)C,C02074349,inactive
337,[H]/N=C\1/C(=C/c2cn(c3c2cccc3)CCOc4ccccc4OC)/C(=O)N=C5N1N=C(S5)CCCCCCC,C08450613,inactive
338,CCOCCCNC(=O)[C@H](c1ccc(cc1)Cl)N(Cc2ccc3c(c2)OCO3)C(=O)c4ccc(cc4)NC(=O)C,C08591231,inactive
339,Cc1cc(nc(n1)SCC(=O)N(Cc2ccccc2)[C@@H](c3ccc(c(c3)OC)OC)C(=O)Nc4ccc(cc4)N(C)C)C,C08695701,inactive
340,CN(C)c1ccc(cc1)NC(=O)[C@H](c2ccc(cc2)F)N(Cc3ccc(cc3)F)C(=O)CN4c5ccccc5C(=O)C4=O,C08695738,inactive
341,CN(C)c1ccc(cc1)NC(=O)[C@H](c2ccc(c(c2)OC)OC)N(Cc3ccccc3)C(=O)Cn4c5ccccc5nn4,C08695798,inactive
342,COc1ccc(cc1OC)c2c(nnc(n2)SCC(=O)NCc3cccs3)c4ccc(c(c4)OC)OC,C03034956,inactive
343,CCOc1ccccc1NC(=O)c2cc(ccc2F)S(=O)(=O)N3CCN(CC3)Cc4ccc5c(c4)OCO5,C33357071,inactive
344,COc1ccccc1OC[C@H]2c3cc(c(cc3CCN2C(=S)Nc4cccc(c4)Br)OC)OC,C02718096,inactive
345,Cc1ccc(cc1)n2c(=O)c3c4c(sc3nc2SCC(=O)NNC(=C)c5ccc(cc5)OC(=O)C)CCCC4,C01872092,inactive
346,COc1ccc(cc1OC)CCNC(=O)CN(Cc2ccc(cc2)Br)S(=O)(=O)c3ccccc3,C02177643,inactive
347,Cc1c(sc(n1)n2c(cc(n2)c3ccccc3)c4ccccc4)C(=O)CC(=O)C(=O)Nc5cc(ccc5OC)OC,C09713901,inactive
348,COc1ccc(cc1OC)CCNC(=O)CN(c2ccc(cc2)Cl)S(=O)(=O)c3ccc(c(c3)OC)OC,C59626877,inactive
349,CCc1ccc(cc1)N2C(=O)[C@](C(=O)NC2=O)(Cc3ccc(cc3)OCC)CN4C[C@H]5C[C@@H](C4)c6cccc(=O)n6C5,C70669823,inactive
350,Cc1ccc(cc1)S(=O)(=O)c\2cc3cccc(c3o/c2=[NH+]\[N-]S(=O)(=O)c4ccc(c(c4)OC)OC)OC,C17356914,inactive
351,c1ccc2c(c1)[nH]c(=O)n2CCCn3c4ccccc4n(c3=O)CCCN5CCC(CC5)n6c7ccc(cc7[nH]c6=O)Cl,C77291784,inactive
352,Cc1cccc(c1)COc2ccc(cc2)C(=O)C3=C(C(=O)N([C@H]3c4ccc(c(c4)OC)OC)CCC[NH+](C)C)[O-],C97952580,inactive
353,CCOC(=O)c1c(c(sc1N/C=C(\C#N)/c2nc(cs2)c3ccc4c(c3)OCO4)C(=O)OCCOC)C,C97953054,inactive
354,C/C(=C\C(=O)Nc1cc(ccc1OC)Cl)/NNC(=O)COc2ccc(cc2Br)Br,C97959732,inactive
355,CCOc1cccc(c1)NC(=O)C[C@H]2C(=O)N(/C(=N/c3ccc(cc3)OC)/S2)CCc4ccc(c(c4)OC)OC,C97960250,inactive
356,COc1ccc(cc1OC)CNc2nc(n(n2)C(=O)/C=C/c3ccccc3Cl)NCc4ccc(c(c4)OC)OC,C97960820,inactive
357,COc1cc(cc(c1OCC(=O)OC)I)/C=C/2\C(=O)N(C(=S)S2)NC(=O)c3ccccc3,C97962148,inactive
358,CCOC(=O)N1CCc2c(sc(c2C(=O)OC)NC(=O)c3ccc(cc3)S(=O)(=O)N(CC=C)CC=C)C1,C97963517,inactive
359,CCOc1ccc2c(c1)sc(n2)N3[C@@H](C(=C(C3=O)O)C(=O)c4cccs4)c5cc(c(c(c5)OC)OC)OC,C53291523,inactive
360,COc1ccc2c(c1)sc(n2)N3[C@H](C(=C(C3=O)O)C(=O)c4ccc5c(c4)OCCO5)c6ccc(cc6)OCC=C,C97970155,inactive
361,COc1ccc(cc1OC)[C@@H](c2c(n3c(s2)ncn3)[O-])[NH+]4CCN(CC4)C(c5ccccc5)c6ccccc6,C97987855,inactive
362,Cc1c(c(=O)n([nH]1)c2ccccc2)C(c3cc(c(c(c3)Br)OCC=C)OC)c4c([nH]n(c4=O)c5ccccc5)C,C98005217,inactive
363,CCOc1ccc2c(c1)[nH]c(n2)SCC(=O)N3CCN([C@@H]3c4ccc(cc4)OC)S(=O)(=O)c5ccc(cc5)C,C98007983,inactive
364,COCCN(Cc1ccc(c(c1)OS(=O)(=O)c2ccc(cc2)F)OC)C(=O)Nc3ccc(cc3OC)OC,C98016789,inactive
365,c1ccc(cc1)N2CCN(CC2)C[C@H](COc3ccc(cc3)OC[C@H](CN4CCN(CC4)c5ccccc5)O)O,C98045425,inactive
366,c1ccc(cc1)N2CCN(CC2)C(=O)CCn3c(=O)c4ccccc4nc3SCC(=O)NCCC5=CCCCC5,C98049329,inactive
367,c1ccc(cc1)SCCNC(=O)[C@H]2CN(CCN2S(=O)(=O)c3ccccc3)S(=O)(=O)c4ccccc4,C98050446,inactive
368,CCOc1cc(ccc1OC(=O)c2ccc(cc2)Cl)/C=N/NC(=O)CNC(=O)c3ccc(c(c3)OC)OC,C04293080,inactive
369,c1ccc(cc1)S(=O)(=O)NCC(=O)N/N=C/c2cc(ccc2OC(=O)c3ccccc3Cl)Br,C02544140,inactive
370,CCOC(=O)c1ccc(cc1)NC(=O)CN2c3ccccc3/C(=C/4\C(=O)N(C(=S)S4)Cc5ccc(cc5)F)/C2=O,C98218722,inactive
371,COc1ccc(cc1)NC(=O)CN2c3ccccc3/C(=C/4\C(=O)N(C(=S)S4)CCCCCC(=O)O)/C2=O,C98218718,inactive
372,COc1ccc(cc1OC)CCN2C(=O)/C(=C/3\c4ccccc4N(C3=O)CC(=O)Nc5ccc(cc5)F)/SC2=S,C98227777,inactive
373,Cc1cc(c(c(=O)[nH]1)CNC(=O)c2c(n(c3c2cccc3F)[C@H](C)C4CCC(CC4)[NH+]5CC(C5)OC(F)F)C)SC,574994,inactive
374,c1cc(sc1)S(=O)(=O)Nc2cc(ccc2N3CCN(CC3)c4c(cc(c[nH+]4)C(F)(F)F)Cl)C(F)(F)F,C03104276,inactive
375,c1ccc(cc1)c2cc(c(c(n2)SCC(=O)Nc3c(cc(c[nH+]3)Br)Br)C#N)C(F)(F)F,C08443084,inactive
376,CCCCN(CCCC)S(=O)(=O)c1ccc(cc1)C(=O)Nc2c(c3c(s2)C([NH2+]C(C3)(C)C)(C)C)C#N,C08881710,inactive
377,CCCC[NH+](CCCC)CCCN1CC(=O)N2[C@H](C1=O)Cc3c4ccccc4[nH]c3[C@H]2c5cccc(c5)OC,C02102371,inactive
378,CCCC[NH+](CCCC)CCCN1CC(=O)N2[C@@H](C1=O)Cc3c4ccccc4[nH]c3[C@@H]2c5ccccc5OC,C15956113,inactive
379,Cc1cc(ccc1/C(=C\2/[C@@H](N(C(=O)C2=O)CCC[NH+](C)C)c3cccc(c3)Oc4ccccc4)/O)OCC=C,C16804833,inactive
380,CCCC[NH+](C)CCCNC(=O)c1ccc2c(c1)N(C(=O)c3ccccc3[S@@]2=O)Cc4cc(ccc4C)C,C20242705,inactive
381,COc1cc(cc(c1OC[C@@H](c2ccc3c(c2)OCO3)O)Br)C[NH2+]C45CC6CC(C4)CC(C6)C5,C20876967,inactive
382,c1ccc(cc1)C(c2ccccc2)[NH+]3CCN(CC3)C(=S)SCc4nc(nc(n4)Nc5ccccc5)N,C22861055,inactive
383,CCOc1ccc(cc1)c2ccc(s2)C(=O)N3CCN(CC3)c4ccc(c[nH+]4)NC(=O)c5ccc(cc5)C,C25153555,inactive
384,Cc1ccccc1C[NH+](Cc2ccc(o2)C(c3ccc(cc3)OC)(c4ccc(cc4)OC)O)C[C@H]5CCCO5,C36203200,inactive
385,Cc1ccc(cc1)C[NH+](CCN2CCOCC2)Cc3ccc(o3)C(c4cccc(c4)F)(c5cccc(c5)F)O,C36202777,inactive
386,Cc1cccc(c1)C[NH+](CCN2CCOCC2)Cc3ccc(o3)C(c4cccc(c4)F)(c5cccc(c5)F)O,C36203453,inactive
387,Cc1ccc(cc1)CN(CC[NH+]2CCOCC2)Cc3ccc(o3)C(c4cccc(c4)F)(c5cccc(c5)F)O,C36202777,inactive
388,c1cc(cc(c1)Cl)NC(=O)[C@@H]2[C@H]3C=C[C@@]4([C@@H]2C(=O)N([C@@H]4C(=O)NC5CCCCC5)CC[NH+]6CCCCC6)O3,C38147172,inactive
389,c1ccc(cc1)c2ccc(cc2)CC(=O)NCCc3[nH+]c4ccccc4n3CC(=O)N5CCCc6c5cccc6,C40203432,inactive
390,CCC[NH+](CCC)CN1c2ccc(cc2/C(=N/NC(=O)CSc3nc4ccccc4s3)/C1=O)Br,C33358634,inactive
391,COc1ccccc1[C@@H]2[C@H]3[C@@H](N[C@H]([C@H](C3=O)[C@@H]([NH2+]2)c4ccccc4OC)c5ccccc5OC)c6ccccc6OC,C59844316,inactive
392,Cc1cc(c(cc1Cl)C)S(=O)(=O)NC[C@H](c2ccc(cc2)N(C)C)[NH+]3CCN(CC3)c4ccccc4,C21754854,inactive
393,CCOc1ccc(cc1)/[NH+]=C/2\N(C(=O)[C@H](S2)CCCCNC(=O)c3ccccc3)c4ccc(cc4)OCC,C32594725,inactive
394,CC(=O)Nc1ccc(cc1)/C=[NH+]/c2ccc(cc2)SSc3ccc(cc3)/N=C\c4ccc(cc4)NC(=O)C,C01646876,inactive
395,CC1(O[C@H]2[C@@H](O1)[C@H](O[C@@H]2[C@H](COC(c3ccccc3)(c4ccccc4)c5ccccc5)[NH3+])OCc6ccccc6)C,C72130305,inactive
396,Cc1ccc(c(c1)[NH+]2CCN(CC2)CN3c4ccccc4/C(=N/NC(=S)Nc5cccc(c5C)C)/C3=O)C,C20685818,inactive
397,CCCCNS(=O)(=O)c1cc(ccc1C)c2c3ccccc3c(n[nH+]2)Nc4ccc(c(c4)C(=O)NC)OC,C02297153,inactive
398,CC[NH+]1CCc2c(sc(c2c3nc4ccccc4s3)NC(=O)c5ccc(cc5)S(=O)(=O)N(CC=C)CC=C)C1,C97963407,inactive
399,Cc1nc2n(n1)c(c(s2)[C@@H](c3ccc(cc3)Cl)N4CC[NH+](CC4)C(c5ccccc5)c6ccccc6)O,C22852764,inactive
400,Cc1nc2n(n1)c(c(s2)[C@H](c3cccc(c3)Cl)N4CC[NH+](CC4)C(c5ccccc5)c6ccccc6)O,C22852791,inactive
401,Cc1nc2n(n1)c(c(s2)[C@@H](c3ccc(cc3)Cl)[NH+]4CCN(CC4)C(c5ccccc5)c6ccccc6)O,C22852764,inactive
402,CCOC(=O)CNS(=O)(=O)c1cc(ccc1C)c2c3ccccc3c(n[nH+]2)Nc4cccc(c4)Br,C97966991,inactive
403,Cc1cc(ccc1C(=O)C2=C(C(=O)N([C@@H]2c3ccc(c(c3)Cl)Cl)CCC[NH+](C)C)O)OCc4ccccc4,C97967169,inactive
404,Cc1ccc(cc1C)NC(=O)CSc2c3c(nc(n2)c4cccc(c4)Cl)Oc5c([nH+]cc(c5C3)CO)C,C97986958,inactive
405,Cc1c2c(c(c[nH+]1)CO)Cc3c(nc(nc3SCC(=O)Nc4ccc(cc4)C(C)C)c5cccc(c5)OC)O2,C97986977,inactive
406,Cc1ccc(cc1)C2=NN([C@@H](C2)c3ccc(cc3)Br)C(=[NH2+])S[C@@H]4CC(=O)N(C4=O)c5ccc(cc5)Br,C97995843,inactive
407,Cc1ccc(cc1)C2=NN([C@H](C2)c3ccc(cc3)Br)C(=[NH2+])S[C@@H]4CC(=O)N(C4=O)c5ccc(cc5)Br,C97995844,inactive
408,c1ccc(cc1)c2cn(c([nH+]2)/N=C/c3cc(cc(c3O)Br)Br)/N=C/c4cccc(c4)[N+](=O)[O-],C01950874,inactive
409,CC(C)(C(=O)Nc1cc(c(cc1Cc2c3cc(c(cc3cc[nH+]2)OC)OC)OC)OC)Oc4ccc(cc4)Br,C98005226,inactive
410,CC(C)C[C@H]1[C@@H]2[C@@H](C(=O)N(C2=O)Cc3ccccc3)[C@@]4([NH2+]1)c5ccccc5N(C4=O)Cc6ccc(c(c6)Cl)Cl,C98007325,inactive
411,CC(C)C[C@@H]1[C@H]2[C@@H](C(=O)N(C2=O)Cc3ccccc3)[C@@]4([NH2+]1)c5ccccc5N(C4=O)Cc6ccc(c(c6)Cl)Cl,C98007324,inactive
412,Cc1cc(c(c(c1)C)S(=O)(=O)NCC2CCC(CC2)C(=O)NCCC[NH+]3CCC(CC3)Cc4ccccc4)C,C98009718,inactive
413,c1ccc(c(c1)c2[nH+]c(nn2c3ccc(cc3)NC(=O)c4ccc(cc4)[N+](=O)[O-])OCc5ccc(cc5)F)F,C98009924,inactive
414,C=CCN1C2=C([C@H](NC1=O)c3cccc(c3)OCc4ccccc4)C(=O)N(C2)C5CC[NH+](CC5)Cc6ccccc6,C98020060,inactive
415,COc1cc(cc(c1)OC)[C@H](CC(=O)NCCc2ccccc2)c3c[nH+]c4n3cccc4OCc5ccccc5,C98019946,inactive
416,C[C@@H](c1[nH+]c2ccccc2c(n1)NCCc3ccccc3)N4CCN(CC4)S(=O)(=O)c5ccc(cc5)C(C)C,C98230950,inactive
417,Cc1cc(c(c(=O)[nH]1)CNC(=O)c2c(n(c3c2cccc3F)[C@H](C)C4CCC(CC4)N5CC(C5)OC(F)F)C)SC,574994,inactive
418,CCOc1ccc(cc1)N(CC(=O)Nc2cc(ccc2OC)OC)S(=O)(=O)c3ccc(cc3)Br,C00833441,inactive
419,COc1ccc(c(c1)OC)NC(=O)CSc2c(nc(o2)c3cccs3)S(=O)(=O)c4ccc(cc4)Br,C02721794,inactive
420,CCOC(=O)C1[C@H](C2C(=NC1=C)C[C@@H](CC2=O)c3ccc(c(c3)OC)OC)c4cc(c(c(c4)Br)O)OC,C06194098,inactive
421,CCOc1cc(cc(c1O)Br)[C@@H]2C3C(=NC(=C2C(=O)OC)C)C[C@@H](CC3=O)c4ccc(c(c4)OC)OC,C06195744,inactive
422,CN(C)S(=O)(=O)c1cc(c(cc1Cl)Cl)C(=O)Nc2ccc(cc2)S(=O)(=O)NC34CC5CC(C3)CC(C5)C4,C08444615,inactive
423,COc1cc(c(cc1Cl)OC)NC(=O)CSC2=NC(=C)C([C@H](C2C#N)c3cccs3)C(=O)OCC=C,C08400607,inactive
424,[H]/N=C\1/C(=C/c2ccc(c(c2)OC)OCCSc3ccc(cc3)Cl)/C(=O)N=C4N1N=C(S4)c5ccc(cc5)C,C08494282,inactive
425,[H]/N=C\1/C(=C/c2cc(c(c(c2)Br)OCc3ccccc3F)OCC)/C(=O)N=C4N1N=C(S4)c5ccc(cc5)C,C08494673,inactive
426,CCOc1ccc(cc1OCC)CCNC(=O)c2ccc3c(c2)N(C(=O)c4ccccc4[S@]3=O)Cc5ccccc5,C08597238,inactive
427,C=CCN(c1ccccc1)C(=O)c2ccc(c(c2)NC(=O)c3ccc(o3)Br)N4C[C@H]5C[C@@H](C4)c6cccc(=O)n6C5,C59524137,inactive
428,c1ccc(c(c1)CCN2[C@@H]([C@@]34C=C[C@@H](O3)[C@@H]([C@@H]4C2=O)C(=O)Nc5ccc(cc5)Cl)C(=O)NC6CCCCC6)Cl,C59524518,inactive
429,COc1cc(c(c(c1OC)OC)Br)C(=O)Nc2ccc(cc2)NC(=O)C34CC5CC(C3)CC(C5)C4,C59608335,inactive
430,C/C(=N\NC(=O)c1ccc(cc1)N(C)S(=O)(=O)c2ccccc2)/c3cccc(c3)NC(=O)c4cccc(c4)Cl,C59646750,inactive
431,CCOc1ccccc1N(CC(=O)N/N=C/c2ccc(c(c2)Br)N(C)C)S(=O)(=O)c3ccccc3,C04088927,inactive
432,[H]/N=C(/N1[C@H](CC(=N1)c2ccc(cc2)C)c3ccc(cc3)Br)\S[C@@H]4CC(=O)N(C4=O)c5ccc(cc5)OC,C08425595,inactive
433,C[C@]12CC[C@](C1(C)C)(CC2=O)C(=O)Nc3ccc(cc3OC)c4ccc(c(c4)OC)NC(=O)[C@]56CC[C@](C5(C)C)(C(=O)C6)C,C08440135,inactive
434,c1c(cc(cc1C(F)(F)F)S(=O)(=O)NNC(=O)c2csc(n2)COc3cc(cc(c3)Cl)Cl)C(F)(F)F,C02148443,inactive
435,Cc1cc(c2c(c1)sc(n2)N3[C@H](C(=C(C3=O)O)C(=O)c4ccc(c(c4)C)OC)c5ccc(c(c5)OC)OC)C,C53333655,inactive
436,Cc1ccc(cc1)OCCCOc2c(cc(cc2Cl)/C=C\3/C(=O)NC(=O)N(C3=O)c4ccc(cc4)Cl)OC,C97959215,inactive
437,[H]/N=C\1/C(=C/c2cc(c(c(c2)Cl)OCCOc3ccc(cc3)C(C)(C)C)OCC)/C(=O)N=C4N1N=C(S4)CCC,C97962972,inactive
438,CCOC(=O)N1CCc2c(sc(c2c3nc4ccccc4s3)NC(=O)c5ccc(cc5)S(=O)(=O)N6CCCC6)C1,C97963575,inactive
439,COc1ccc(cc1)OC[C@@H]2c3cc(c(cc3CCN2C(=S)Nc4ccc(cc4)Br)OC)OC,C02717666,inactive
440,COc1cc(cc(c1OCc2ccccc2Cl)Br)/C=C/3\C(=O)N(C(=S)S3)NC(=O)c4ccccc4,C97966253,inactive
441,Cc1c(sc(n1)N2[C@@H](C(=C(C2=O)O)C(=O)c3ccc4c(c3)C[C@H](O4)C)c5cccc(c5)OCc6ccccc6)C(=O)OC,C97967293,inactive
442,C[C@@H]1Cc2cc(ccc2O1)C(=O)C3=C(C(=O)N([C@@H]3c4ccc(cc4)C(=O)OC)c5nc6ccc(cc6s5)OC)O,C97967305,inactive
443,CCOc1ccc(cc1OC)[C@@H]2C(=C(C(=O)N2c3nc4ccc(cc4s3)OC)O)C(=O)c5ccc6c(c5)C[C@H](O6)C,C97967358,inactive
444,CCCCOc1ccc(cc1OCC)[C@@H]2C(=C(C(=O)N2c3nc(c(s3)C(=O)C)C)O)C(=O)c4ccc5c(c4)C[C@H](O5)C,C97967535,inactive
445,Cc1ccc(cc1C)n\2c(=O)/c(=C\c3cc(c(cc3OC)OC)OC)/s/c2=C(\C#N)/C(=O)Nc4ccccc4Cl,C97968743,inactive
446,CCOc1ccc(cc1/C=c/2\c(=O)n(/c(=C(\C#N)/C(=O)NCCc3ccccc3)/s2)c4ccccc4)Br,C97968957,inactive
447,Cc1c(sc(n1)N2[C@H](C(=C(C2=O)O)C(=O)c3ccc4c(c3)C[C@@H](O4)C)c5cccc(c5)OCC=C)C(=O)OCC=C,C97969595,inactive
448,Cc1c(sc(n1)N2[C@@H](C(=C(C2=O)O)C(=O)c3ccc4c(c3)C[C@@H](O4)C)c5cccc(c5)OCc6ccccc6)C(=O)C,C53334752,inactive
449,Cc1c(sc(n1)N2[C@@H](C(=C(C2=O)O)C(=O)c3ccc4c(c3)C[C@H](O4)C)c5cccc(c5)OCc6ccccc6)C(=O)C,C97969962,inactive
450,C[C@]12C[C@H](CC(C1)(C)C)N(C2)S(=O)(=O)c3ccc(cc3)C(=O)Nc4nc(cs4)c5ccc(cc5OC)OC,C11852349,inactive
451,COc1ccc(cc1)S(=O)(=O)N(CC(=O)Nc2ccccc2C(=O)NCc3ccccc3)c4cccc(c4)Cl,C97995320,inactive
452,[H]/N=c/1\c2c(c(n(c2ncn1CCc3ccc(c(c3)OCC)OCC)Cc4ccco4)c5ccccc5)c6ccccc6,C98000591,inactive
453,CN(C)c1ccc(cc1/C=N/NC(=O)COc2c(cc(cc2Br)Br)Br)[N+](=O)[O-],C98001235,inactive
454,COC(=O)[C@@H]1[C@H](CC2=C(C1=O)[C@@H](C(=C(N2c3ccc(cc3)C(F)(F)F)N)C(=O)OC)c4cccs4)c5ccccc5,C98007343,inactive
455,c1ccc2c(c1)[nH]/c(=N\C(=O)c3ccc(o3)COc4ccc(cc4)I)/n2CCN5CCOCC5,C98043774,inactive
456,c1ccc(cc1)P(=C(C#N)C(=O)N[C@H](C(Cl)(Cl)Cl)N2CCOCC2)(c3ccccc3)c4ccccc4,C98045766,inactive
457,Cc1ccccc1C(=O)Oc2ccc(cc2/C=N/NC(=O)C(=O)Nc3c(c4c(s3)CCCC4)C#N)Br,C02532288,inactive
458,C#CCOc1ccc(cc1/C=N/NC(=O)c2ccc(cc2)NS(=O)(=O)c3ccc(cc3)Cl)Br,C98223469,inactive
459,CCC(=O)N[C@H](C(Cl)(Cl)Cl)Oc1ccc(cc1)/C=C/2\C(=O)N(C(=S)S2)c3ccc(cc3)OCC,C98226213,inactive
460,c1ccc(c(c1)C(=O)Oc2ccc(cc2)/C=N/NC(=O)C(=O)Nc3ccc(cc3)Cl)I,C04230237,inactive
461,CCOc1c(cc(cc1)Br)/C=N/NC(=O)CCC(=O)N/N=C/c2c(ccc(c2)Br)OCC,C04527772,inactive
462,Cc1c(c(=O)n(n1C)c2ccccc2)NC(=O)/C(=C/c3cn(nc3c4ccc(cc4)OCc5ccccc5F)c6ccccc6)/C#N,C29492885,inactive
463,c1ccc(c(c1)C(=O)Oc2ccc(cc2)/C=N/NC(=O)C(=O)Nc3c(c4c(s3)CCCC4)C#N)I,C04210068,inactive
464,c1cc(cc(c1)Br)C(=O)Oc2ccc(cc2)/C=N/NC(=O)C(=O)Nc3c(c4c(s3)CCCC4)C#N,C04229788,inactive
465,Cc1cccc(c1NC(=O)[C@H](c2ccc(cc2)N(C)C)N(C)C(=O)c3cc(nc4c3cccc4)c5ccccc5)C,C03143253,inactive
466,Cc1cc(c(c(=O)[nH]1)CNC(=O)c2c(n(c3c2cccn3)[C@H](C)C4CCC(CC4)[N@H+]5CC[C@@H](C5)OC(F)F)C)SC,574993,inactive
467,Cc1c2c(c(c[nH+]1)CO)Cc3c(nc(nc3SCC(=O)Nc4ccc(c(c4)Cl)OC)c5ccccc5)O2,C08589095,inactive
468,COc1ccc(cc1)[C@@H](C(=O)Nc2ccc(cc2OC)OC)N(Cc3ccc[nH+]c3)C(=O)Cc4ccccc4,C08694459,inactive
469,CC(=O)c1cccc(c1)N2C(=O)[C@@H]3[C@@H]([NH2+][C@]([C@H]3C2=O)(CCSC)C(=O)OC)c4ccc(cc4OC)OC,C12498320,inactive
470,C[NH+](Cc1cc(ccc1OC)Br)C[C@@H](COC(c2ccc(cc2)OC)c3ccc(cc3)OC)O,C03495900,inactive
471,COc1ccc(cc1)Cn2c(nnn2)C[NH+](Cc3ccc(cc3)OC)Cc4cc5ccc(cc5[nH]c4=O)OC,C12833370,inactive
472,COc1ccc(cc1)NS(=O)(=O)c2ccc(cc2)NC(=O)c3ccc(cc3)C[NH+]4CCc5ccccc5C4,C09635854,inactive
473,CCOc1cc(ccc1OCC=C)[C@@H]2/C(=C(\c3ccc4c(c3)C[C@@H](O4)C)/O)/C(=O)C(=O)N2Cc5ccc[nH+]c5,C09412321,inactive
474,COc1ccc(cc1)c2ccc(c(n2)N3CCSCC3)C(=O)N4CCC(CC4)(C(=O)N)[NH+]5CCCCC5,C19147957,inactive
475,COc1cc2c(cc1OC)C(=O)N3CCc4ccccc4[C@@H]3[C@@H]2C(=O)NC5CC[NH+](CC5)Cc6ccccc6,C20105066,inactive
476,COc1cc(cc(c1OC)OC)COC[C@H](CN2CC[NH+](CC2)CCN3C(=O)c4cccc5c4c(ccc5)C3=O)O,C22790384,inactive
477,CC[NH+](CC)CCCN1[C@@H](C(=C(C1=O)O)C(=O)c2c(nc(s2)c3ccccc3)C)c4cccc(c4)Cl,C33813751,inactive
478,CC[NH+](CC)CCN1[C@H](C(=C(C1=O)O)C(=O)c2ccc(cc2C)OC)c3ccc(cc3)OCc4ccccc4,C34917381,inactive
479,C[NH+](C)CCCN1[C@H](C(=C(C1=O)O)C(=O)/C=C/c2ccccc2)c3ccc(c(c3)OC)OCc4ccccc4,C35443021,inactive
480,Cc1c(sc(n1)C)C(=O)C2=C(C(=O)N([C@H]2c3cc(c(c(c3)Br)O)OC)CCC[NH+](C)C)O,C35566564,inactive
481,Cc1c(sc(n1)C)C(=O)C2=C(C(=O)N([C@H]2c3ccc(c(c3)OC)OCC(C)C)CCCn4cc[nH+]c4)O,C35567881,inactive
482,c1ccc(cc1)CN2CCc3c(sc(c3C#N)NC(=O)CN4CC[NH+](CC4)Cc5ccc6c(c5)OCO6)C2,C22861212,inactive
483,COc1ccc(cc1)NC(=O)[C@H](c2ccc(c(c2)OC)OC)N(Cc3ccc[nH+]c3)C(=O)Cc4ccccc4,C36057232,inactive
484,Cc1cc(nc(n1)SCC(=O)N(Cc2ccc[nH+]c2)[C@H](C(C)C)C(=O)Nc3ccc(cc3OC)OC)C,C36057877,inactive
485,CC[C@](C)(C(=O)Nc1ccc(cc1OC)OC)N(Cc2ccc[nH+]c2)C(=O)CSc3nc(cc(n3)C)C,C36057879,inactive
486,CC(C)CCN(CC(=O)N1CCN(CC1)c2ccc(n[nH+]2)c3ccc(cc3OC)OC)C(=O)NC(C)(C)C,C36083341,inactive
487,c1ccc(cc1)COC[C@H](C[NH+](Cc2c(noc2N3CCOCC3)c4ccccc4F)C[C@@H]5CCCO5)O,C36313393,inactive
488,Cc1ccccc1OC[C@H](C[NH+](Cc2c(noc2N3CCOCC3)c4ccccc4F)C[C@@H]5CCCO5)O,C36313401,inactive
489,c1cc(cc(c1)Cl)N2CCN(CC2)C(=O)c3ccc(cc3)NC(=O)C[C@@H]4C(=O)[NH+]=C(S4)N5CCCC5,C12522083,inactive
490,C[C@@H]1Cc2cc(ccc2O1)C(=O)C3=C(C(=O)N([C@@H]3c4ccc(c(c4)OC)OCCC(C)C)c5cccc[nH+]5)O,C38249460,inactive
491,COc1ccc(c(c1)c2cc([nH]n2)C(=O)N3CC[NH+](CC3)Cc4nc(cs4)c5ccc(cc5)Cl)OC,C38516926,inactive
492,CCOc1ccc(cc1OC)C2=NC(=CC3=c4ccccc4=[NH+][C@@H]32)C(=O)NCCc5ccc(c(c5)OC)OC,C38563922,inactive
493,CC1(Cc2c(c(sc2C([NH2+]1)(C)C)NC(=O)[C@@H]3CCCN3S(=O)(=O)c4ccc(cc4)F)C(=O)OC)C,C36660334,inactive
494,c1ccc(cc1)C[NH+]2CCc3c(sc(c3C#N)NC(=O)[C@@H]4CCCN4S(=O)(=O)c5ccc(cc5)F)C2,C36660328,inactive
495,CCOC(=O)c1c2c(sc1NC(=O)[C@H]3CCCN3S(=O)(=O)c4cccs4)C([NH2+]C(C2)(C)C)(C)C,C36704335,inactive
496,Cc1ccc(cc1)S(=O)(=O)CCCC(=O)Nc2c(c3c(s2)C[NH+](CC3)C)c4nc5ccccc5s4,C36718262,inactive
497,CCOC(=O)c1c2c(sc1NC(=O)CCCS(=O)(=O)c3ccc(cc3)Cl)C([NH2+]C(C2)(C)C)(C)C,C38827764,inactive
498,CCCOc1ccc(cc1)C(=O)C2=C(C(=O)N([C@H]2c3cc(ccc3OC)OC)CCC[NH+]4CCOCC4)O,C39827687,inactive
499,CCCCOc1ccc(cc1)C(=O)C2=C(C(=O)N([C@H]2c3cccc(c3OC)OC)CC[NH+]4CCOCC4)O,C39827781,inactive
500,CCN(CC)c1ccc(cc1)C[NH+](C[C@H](COc2ccccc2Br)O)[C@@H]3CCS(=O)(=O)C3,C40316956,inactive
501,CCOc1ccc(cc1)N/C(=[NH+]/Cc2ccc(cc2)Cl)/S[C@H]3CC(=O)N(C3=O)c4ccccc4OC,C59446176,inactive
502,CCOc1ccc(cc1)NC(=O)c2ccc(cc2)N3C(=O)[C@@]4([C@H]5C(=c6cc(ccc6=[NH+]5)OC)CCN4C3=O)C,C63362198,inactive
503,CC[NH+](CC)CCOC(=O)c1ccc(cc1)N/C=C(/C#N)\c2nc(cs2)c3ccc(cc3)Br,C11024118,inactive
504,C[NH+]1CCN(CC1)C(=O)c2ccc(cc2)Nc3c(cnn(c3=O)c4ccccc4)Oc5ccc6c(c5)OCO6,C36063764,inactive
505,CC[C@@H](C)CN1C(=O)[C@H]([NH2+]C12CCN(CC2)S(=O)(=O)c3ccc(c(c3)Cl)Cl)Cc4ccccc4,C36027392,inactive
506,c1cc(ccc1CNC(=O)c2ccc(c(c2)C(F)(F)F)F)c3[nH]c(c[nH+]3)c4ccc(cc4)N5CCOCC5,C97940619,inactive
507,Cc1c(sc2c1c(=O)n(c(n2)SCC(=O)Nc3c(ccs3)C(=O)OC)CCC[NH+]4CCOCC4)C,C97945771,inactive
508,CCOc1ccc2c(c1)[nH]c([nH+]2)SC/C(=N\S(=O)(=O)c3ccc(cc3)C)/N4CCN(C4)S(=O)(=O)c5ccc(cc5)C,C97964186,inactive
509,CN(C)S(=O)(=O)c1ccc(cc1)C(=O)C2=C(C(=O)N([C@@H]2c3ccc(cc3)OC)CCC[NH+]4CCOCC4)O,C97968989,inactive
510,Cc1ccc(c(c1)[NH+]2CCN(CC2)S(=O)(=O)c3ccc(c(c3)C(=O)Nc4cc(ccc4OC)Cl)F)C,C97986394,inactive
511,Cc1cccc(c1NC(=O)CSc2c3c(nc(n2)c4ccc(cc4)OC)Oc5c([nH+]cc(c5C3)CO)C)C,C97986827,inactive
512,Cc1cc(ccc1NC(=O)CSC2=[NH+]CCS2)Cc3ccc(c(c3)C)NC(=O)CSC4=NCCS4,C98023083,inactive
513,c1ccc(cc1)[C@H]2CC(=NN2C(=[NH2+])S[C@@H]3CC(=O)N(C3=O)c4cc(cc(c4)Cl)Cl)c5ccccc5,C08440288,inactive
514,Cc1cc(c(c(=O)[nH]1)CNC(=O)c2c(n(c3c2cncn3)[C@H](C)C4CCC(CC4)N5CC(C5)OC(F)(F)F)C)SC,574997,inactive
515,CC1(C2=C(c3ccccc3N1)C4(C(=C(S2)C(=O)OC)C(=O)OC)SC(=C(S4)C(=O)OC)C(=O)OC)C,C04045098,inactive
516,CCOC(=O)c1ccc(cc1)NC(=O)[C@@H]2CN(CCN2S(=O)(=O)c3ccccc3)S(=O)(=O)c4ccccc4,C00654162,inactive
517,CCOc1ccc(cc1)S(=O)(=O)[N-]c2c(nc3ccccc3n2)[n+]4ccc(cc4)NC(=O)c5ccc(cc5)Cl,C01315430,inactive
518,C[C@H]1Cc2cc(ccc2O1)C(=O)C3=C(C(=O)N([C@H]3c4ccc(c(c4)OC)OCc5ccccc5)Cc6cccnc6)O,C00703176,inactive
519,COc1cc(ccc1OC(=O)c2cccs2)[C@@H]3c4c(n[nH]c4OC(=C3C#N)N)c5cc(c(c(c5)OC)OC)OC,C33353574,inactive
520,[H]/N=C\1/C(=C/c2cc(c(c(c2)Cl)OCCOc3ccc(cc3)Br)OCC)/C(=O)N=C4N1N=C(S4)CC,C33353790,inactive
521,COc1cc(c(cc1OC)NS(=O)(=O)c2ccc(cc2)Cl)C(=O)Nc3ccc(cc3)S(=O)(=O)N4CCSCC4,C43105298,inactive
522,COc1cc(c(cc1Cl)OC)S(=O)(=O)NCCN2CCN(CC2)S(=O)(=O)c3cc(c(cc3OC)Cl)OC,C59211829,inactive
523,Cc1ccc(cc1)S(=O)(=O)Oc2c(cc(cc2Br)/C=N/NC(=O)CSc3nnc(s3)C)OC,C59222156,inactive
524,COc1ccc2c(c1)sc(n2)NC(=O)[C@H]3CCC(=O)N([C@H]3c4cc(c(c(c4)OC)OC)OC)c5ccc6c(c5)OCO6,C29752948,inactive
525,CCN(CC)S(=O)(=O)c1ccc(cc1)NC(=O)CN(c2ccc(cc2)[N+](=O)[O-])S(=O)(=O)c3ccccc3,C59603007,inactive
526,CS(=O)(=O)N(CC(=O)Nc1ccc(cc1)S(=O)(=O)N2CCCCCC2)c3cccc(c3)Br,C02856104,inactive
527,Cc1ccc(c(c1)Br)OCC(=O)NNC(=O)CCCN(C)S(=O)(=O)c2ccc(cc2)[N+](=O)[O-],C59608297,inactive
528,CC(=O)Nc1ccc(cc1)S(=O)(=O)N2CCN(CC2)c3ccc(c(c3)N4CCN(CC4)c5ccccc5)[N+](=O)[O-],C59620714,inactive
529,CN(C)S(=O)(=O)N(CC(=O)Nc1ccc(cc1)S(=O)(=O)Nc2ccc(cc2OC)OC)c3ccccc3,C59620836,inactive
530,CS(=O)(=O)N(CC(=O)Nc1ccc(cc1)S(=O)(=O)N2CCCC2)c3ccc(cc3)OCc4ccccc4,C59626453,inactive
531,Cc1ccc(cc1)N(CC(=O)Nc2ccc(cc2)S(=O)(=O)N3CCOCC3)S(=O)(=O)c4ccc(cc4)OC,C59647448,inactive
532,COc1ccc(cc1)S(=O)(=O)N(CC(=O)Nc2ccc(cc2)S(=O)(=O)N3CCOCC3)c4ccc(cc4)Cl,C59647467,inactive
533,C[C@]12c3cc4c(cc3CC[NH+]5[C@@]1(CCC5)C=C([C@H]2OC(=O)[C@@](CCCC(C)(C)O)(CC(=O)[O-])O)OC)OCO4,C59817101,inactive
534,CC[C@H](C)C(=O)O[C@H]1[C@@H](C[C@H]2[C@@]([C@@H](C[C@@H]([C@]2([C@@]13CO3)COC(=O)C)OC(=O)C)C)(C)[C@@H]4C[C@@H]5C=CO[C@@H]5O4)O,C67903176,inactive
535,COc1cccc(c1OC)[C@H]2c3c(c4ccccc4[nH]3)C[C@@H]5N2C(=O)CN(C5=O)CCc6ccc(c(c6)OC)OC,C02153860,inactive
536,CCOc1ccccc1[C@H]2c3c(c4ccccc4[nH]3)C[C@@H]5N2C(=O)CN(C5=O)Cc6cc(c(c(c6)OC)OC)OC,C02112290,inactive
537,c1ccc(cc1)c2c(sc(n2)NC(=O)c3ccc(cc3)S(=O)(=O)N(CCC#N)CCC#N)C(=O)c4ccccc4,C03187527,inactive
538,COc1cc(c(cc1OC)S(=O)(=O)N[C@H]2CCS(=O)(=O)C2)CCN3C(=O)c4cccc5c4c(ccc5)C3=O,C08433158,inactive
539,CCn1cc(c(=O)c2c1ccc(c2)S(=O)(=O)N3CCc4ccccc4C3)C(=O)NCCc5ccc(cc5)Cl,C08596953,inactive
540,COc1ccc(cc1)NC(=O)CSc2nnc(s2)NC(=O)c3ccc(cc3)S(=O)(=O)N4CCOCC4,C08684023,inactive
541,Cc1cccn2c1nc(c(c2=O)/C=C\3/C(=O)N(C(=S)S3)Cc4ccc(cc4)OC)NCCCN5CCOCC5,C97946313,inactive
542,CCOc1ccccc1[C@@H]2[C@@H](C(=NC(=C2C(=O)OC)[O-])SCC(=O)Nc3ccc(cc3)Br)C#N,C97950504,inactive
543,CCOC(=O)c1c2csc(c2c(=O)n(n1)c3ccc(cc3)OC)NC(=O)c4ccc(cc4)S(=O)(=O)N(C)C,C11758000,inactive
544,CCN(CC)S(=O)(=O)c1ccc(cc1)C(=O)Nc2c3c(cs2)c(nn(c3=O)c4ccc(cc4)OC)C(=O)OCC,C11758001,inactive
545,CCOC(=O)C[C@@H]1C(=O)NCCN1c2c(c(=O)n3ccccc3n2)/C=C\4/C(=O)N(C(=S)S4)Cc5ccccc5,C97957646,inactive
546,CCOC(=O)C[C@H]1C(=O)NCCN1c2c(c(=O)n3ccccc3n2)/C=C\4/C(=O)N(C(=S)S4)Cc5ccccc5,C97957647,inactive
547,[H]/N=C\1/C(=C\c2cc(c(c(c2)OC)OCCOc3ccccc3Cl)OC)/C(=O)N=C4N1N=C(S4)C5CCCCC5,C97958185,inactive
548,COc1cc(c(cc1OC)N/C=C(\C#N)/c2nc(cs2)c3cc4cc(ccc4oc3=O)Br)C(=O)OC,C01763032,inactive
549,CCCOc1ccc(cc1OCC)[C@@H]2C(=C(C(=O)N2c3nc(c(s3)C(=O)C)C)O)C(=O)c4ccc5c(c4)OCCO5,C97967888,inactive
550,CCCOc1ccc(cc1OCC)[C@@H]2C(=C(C(=O)N2c3nc(c(s3)C(=O)OC)C)O)C(=O)c4ccc5c(c4)OCCO5,C97970392,inactive
551,c1ccc(cc1)S(=O)(=O)N2CCN([C@@H](C2)C(=O)Nc3ccccc3C(=O)N4CCCC4)S(=O)(=O)c5ccccc5,C97995548,inactive
552,[H]/N=c\1/c(cc2c(n1CCc3ccc(c(c3)OC)OC)nc4c(cccn4c2=O)C)S(=O)(=O)c5ccc(cc5)Cl,C98000584,inactive
553,Cc1ccc(cc1)OCc2nnc(n2c3ccccc3)SCC(=O)Nc4ccc(cc4)S(=O)(=O)Nc5cc(nc(n5)C)C,C98000360,inactive
554,C[C@@H](c1ccccc1)NC(=O)[C@@H]2COC3(N2C(=O)c4ccc(cc4)OC)CCN(CC3)C(=O)Cc5cccs5,C98014849,inactive
555,C[C@H](c1ccccc1)NC(=O)[C@H]2COC3(N2C(=O)c4ccc(cc4)OC)CCN(CC3)C(=O)Cc5cccs5,C98014852,inactive
556,Cc1ccc(o1)CN(Cc2ccc3c(c2)OCO3)C(=O)CN(CCN4CCOCC4)C(=O)Nc5cccc(c5)OC,C98017775,inactive
557,COc1ccc(cc1OC)n2c(=O)c3c(nc2SCC(=O)Nc4nccs4)n(c(=S)s3)c5ccccc5,C03018792,inactive
558,COc1ccc(c(c1)OC)NC(=O)CN2c3ccccc3/C(=C/4\C(=O)N(C(=S)S4)CCc5ccc(c(c5)OC)OC)/C2=O,C98218282,inactive
559,COc1ccc(cc1)c2c(cn(n2)c3ccccc3)/C=N/NC(=O)C(=O)Nc4ccccc4C(=O)N5CCOCC5,C04229838,inactive
560,CN(C)c1ccc(cc1)/C=C(\C#N)/C(=O)OCCCNC(=O)C2CCN(CC2)C(=O)c3cc4ccc(cc4oc3=O)OC,C98230308,inactive
561,COc1ccc(cc1)C[C@@H](C(=O)OC)NC(=O)[C@H]2CN(CCN2C(=O)C3CC[NH2+]CC3)S(=O)(=O)c4ccccc4,C05413374,inactive
562,CC[NH+]1CCc2c(sc(c2C(=O)N)NC(=O)c3ccc(cc3)S(=O)(=O)N4CCN(CC4)C(=O)OCC)C1,C03007083,inactive
563,COc1cc(cc(c1)OC)C(=O)NCCNC(=O)Cn2c3ccccc3[n+]4c2cc-5c(n4)-c6cccc7c6c5ccc7,C08439401,inactive
564,Cc1cc(ccc1Br)NC(=O)C(=O)NCC[NH+]2CCN(CC2)C(=O)c3ccc(cc3Cl)Cl,C08451980,inactive
565,CCOC(=O)C1=c2n(c(=O)/c(=C/c3ccc[nH+]c3)/s2)C(=C([C@@H]1c4cccnc4)S(=O)(=O)c5ccccc5)N,C08448705,inactive
566,COc1ccc(cc1)NC(=O)[C@H](c2ccc(cc2)F)N(Cc3ccc[nH+]c3)C(=O)CN4c5ccccc5C(=O)C4=O,C08695815,inactive
567,COc1cc(ccc1OCc2ccc(cc2)C(=O)OC)/C=N/NC(=O)CC[NH+]3CCN(CC3)c4ccccc4,C12529327,inactive
568,CC[NH+](CC)CCCN1[C@H](/C(=C(/c2ccc(c(c2)Cl)OCC)\O)/C(=O)C1=O)c3ccc(c(c3)OC)OC,C09042891,inactive
569,CC[NH+](CC)CCN1[C@@H](/C(=C(/c2ccc3c(c2)C[C@H](O3)C)\O)/C(=O)C1=O)c4ccc(c(c4)OCC)OCC=C,C09312235,inactive
570,C[NH+](C)CCCN1[C@H](C(=C(C1=O)O)C(=O)c2ccc(cc2)S(=O)(=O)N(C)C)c3ccc(c(c3)OC)OC,C20024944,inactive
571,Cc1ccccc1COc2ccc(cc2)C(=O)C3=C(C(=O)N([C@H]3c4ccc(cc4)[N+](=O)[O-])CCC[NH+](C)C)O,C35445284,inactive
572,COc1ccc(c(c1)OC)[C@@H]2c3c(c4ccccc4[nH]3)C[C@@H]5N2C(=O)CN(C5=O)C6CC[NH+](CC6)Cc7ccccc7,C02105046,inactive
573,CC1CC[NH+](CC1)CCCN2[C@H]([C@@]34C=C[C@@H](O3)[C@@H]([C@@H]4C2=O)C(=O)Nc5cccc(c5)OC)C(=O)NC6CCCCC6,C38147128,inactive
574,CCCC[NH+](C)CCCN1[C@H]([C@@]23C=C[C@@H](O2)[C@@H]([C@@H]3C1=O)C(=O)Nc4cccc(c4)OC)C(=O)N[C@@H]5CCCC[C@@H]5C,C38147163,inactive
575,CC[NH+](CC)CCCN1[C@@H](C(=C(C1=O)O)C(=O)c2ccc3cc(ccc3c2)OC)c4cc(ccc4OC)OC,C39847669,inactive
576,COc1cc(c(cc1Cl)OC)S(=O)(=O)NCC[NH+]2CCN(CC2)S(=O)(=O)c3cc(c(cc3OC)Cl)OC,C59211829,inactive
577,CCCCN(C)S(=O)(=O)c1ccc(cc1)C(=O)Nc2c(c3c(s2)C[NH+](CC3)CC)C(=O)N(CC)CC,C36649672,inactive
578,Cc1cc(ccc1Oc2ccn3c(c2)ncn3)Nc4c5cc(ccc5ncn4)c6ccc(o6)C[NH2+]CCS(=O)(=O)C,C73096245,inactive
579,C[C@H]1CN(C[C@@H](O1)C)S(=O)(=O)c2ccc(cc2)C(=O)Nc3c(c4c(s3)C[NH+](CC4)C(C)C)C(=O)NC,C38139094,inactive
580,CCC[NH+]1CCc2c(sc(c2C(=O)N)NC(=O)c3ccc(cc3)S(=O)(=O)N4CCN(CC4)C(=O)OCC)C1,C38139092,inactive
581,Cn1c2ccc(cc2[nH+]c1CCC(=O)N(C)CC(=O)Nc3ccc(cc3)OC)S(=O)(=O)N4CCOCC4,C24716107,inactive
582,COc1cc(cc(c1OC)OC)C(=O)N2CCN(CC2)C[C@@H]3C[NH+](CCO3)C[C@@H](COc4ccccc4)O,C96497199,inactive
583,Cc1ccc(cc1)/C=C\c2c(c(no2)C)S(=O)(=O)N3CCC(CC3)C(=O)NCC[NH+](C)C4CCCCC4,C96839287,inactive
584,CCN1c2ccccc2[C@@]3(C1=O)C(=C(C(=O)N3CC[NH+](CC)CC)O)C(=O)c4ccc(cc4)S(=O)(=O)N(C)C,C97939526,inactive
585,COc1ccc(cc1)OCC(=O)N/N=C\2/c3cc(ccc3N(C2=O)CN4CCCC[C@@H]4c5ccc[nH+]c5)Br,C97955833,inactive
586,CCOC(=O)c1ccc(cc1)NC(=O)C[C@@H]2C(=O)[N+](=C(S2)Nc3ccc(cc3)OC)CCc4ccc(cc4)Cl,C97960305,inactive
587,CCOC(=O)N1CCN(CC1)S(=O)(=O)c2ccc(cc2)C(=O)Nc3c(c4c(s3)C[NH+](CC4)C(C)C)C(=O)N,C04177804,inactive
588,COc1ccc(cc1OC)/C=N/OCC(=O)N/N=C/2\c3cc(ccc3N(C2=O)CN4CCCC[C@@H]4c5ccc[nH+]c5)Br,C97966349,inactive
589,CCOC(=O)c1c(c(c([nH]1)C)C(=O)C2=C(C(=O)N([C@@H]2c3cccc(c3OC)OC)CCC[NH+]4CCOCC4)O)C,C97969435,inactive
590,COc1cc(c(c(c1O)Br)Br)/C=N/Nc2[nH+]c(nc(n2)N3CCOCC3)N4CCCC4,C97997772,inactive
591,COc1cc2cc[nH+]c(c2cc1OC)Cc3cc(c(cc3NS(=O)(=O)c4ccc5c(c4)NC(=O)CO5)OC)OC,C98000315,inactive
592,CC(C)C[C@H]1[C@@H]2[C@@H](C(=O)N(C2=O)c3ccc(cc3)NC(=O)C)[C@@]4([NH2+]1)c5ccccc5N(C4=O)CC(=O)N6CCc7c6cccc7,C98007364,inactive
593,CC(=O)Nc1ccc(cc1)S(=O)(=O)N2CCN(CC2)Cc3c([nH+]c4n3cc(cc4)c5ccccc5)c6cccc(c6)[N+](=O)[O-],C98009899,inactive
594,COc1cccc(c1)C(=O)N2[C@H](COC23CCN(CC3)C(=O)c4ccc(c(c4)Cl)Cl)C(=O)NCc5cccc[nH+]5,C98014985,inactive
595,CN1c2ccccc2[C@]3(C1=O)C(=C(C(=O)N3CC[NH+]4CCOCC4)O)C(=O)c5cccc(c5)S(=O)(=O)N6CCCCC6,C98046764,inactive
596,C[NH+](C)CCCN1C(=O)C(=C([C@@]12c3ccccc3N(C2=O)CC=C)C(=O)c4cccc(c4)S(=O)(=O)N5CCOCC5)O,C98046819,inactive
597,CCN1c2ccccc2[C@]3(C1=O)C(=C(C(=O)N3CC[NH+]4CCOCC4)O)C(=O)c5ccc(cc5)S(=O)(=O)N(C)C,C98046861,inactive
598,CCCN1c2ccccc2[C@]3(C1=O)C(=C(C(=O)N3CC[NH+]4CCOCC4)O)C(=O)c5ccc(cc5)S(=O)(=O)N(C)C,C98046863,inactive
599,CN1c2ccccc2[C@@]3(C1=O)C(=C(C(=O)N3CC[NH+]4CCOCC4)O)C(=O)c5ccc(cc5)S(=O)(=O)N6CCCCC6,C98046874,inactive
600,CN1c2ccccc2[C@]3(C1=O)C(=C(C(=O)N3CC[NH+]4CCOCC4)O)C(=O)c5ccc(cc5)S(=O)(=O)N6CCCCC6,C98046875,inactive
601,CN1c2ccccc2[C@]3(C1=O)C(=C(C(=O)N3CC[NH+](C)C)O)C(=O)c4ccc(cc4)S(=O)(=O)N5CCCCC5,C98046877,inactive
602,CCN1c2ccccc2[C@@]3(C1=O)C(=C(C(=O)N3CCC[NH+](C)C)O)C(=O)c4ccc(cc4)S(=O)(=O)N5CCCC5,C98046919,inactive
603,Cc1ccc(c(c1)N(C)S(=O)(=O)c2ccc3c(c2)c(=O)c(c[nH]3)C(=O)N4CC[NH+](CC4)Cc5ccccc5)C,C98049773,inactive
604,Cc1cccn2c1nc(c(c2=O)/C=C\3/C(=O)N(C(=S)S3)CCCCCC(=O)O)NCCC[NH+]4CCOCC4,C08872619,inactive
605,C[NH+](C)CCCN1[C@@H]([C@H](C(=O)C1=O)C(=O)c2ccc(c(c2)OC)OC)c3cc(c(c(c3)Br)O)OC,C08440634,inactive
606,COC(=O)C1=c2n(c(=O)/c(=C/c3ccc[nH+]c3)/s2)C(=C([C@@H]1c4cccnc4)S(=O)(=O)c5ccccc5)N,C08448566,inactive
607,CCOC(=O)C1=c2n(c(=O)/c(=C/c3ccc[nH+]c3)/s2)C(=C([C@H]1c4cccnc4)S(=O)(=O)c5ccccc5)N,C08448706,inactive
608,COc1ccc(c(c1)OC)NC(=O)C2(CCCC2)N(Cc3ccc[nH+]c3)C(=O)CN4C[C@@H](NC4=S)c5ccccc5,C08695896,inactive
609,C[NH+](C)CCCN1[C@H](/C(=C(/c2ccc(cc2)S(=O)(=O)N(C)C)\O)/C(=O)C1=O)c3ccc(c(c3)OC)OC,C09186773,inactive
610,CC[NH+](CC)CCCN1[C@@H](/C(=C(/c2c(c([nH]c2C)C(=O)OC)C)\O)/C(=O)C1=O)c3cc(ccc3OC)OC,C09274514,inactive
611,C1CCN(CC1)C2CC[NH+](CC2)CCCNC(=O)[C@H]3CCCN(C3)S(=O)(=O)N4CCC5(CC4)OCCO5,C20533038,inactive
612,CN(C)c1ccc(cc1)[C@H](CNS(=O)(=O)c2cccc(c2)[N+](=O)[O-])[NH+]3CCN(CC3)c4ccc(cc4)F,C21755121,inactive
613,C[NH+](Cc1cccc(c1)OCCN2CCN(CC2)C(=O)c3ccc(cc3)N4CCCC4=O)C[C@H]5CCC(=O)N5,C14991090,inactive
614,Cc1cc(nc(n1)N/C(=N/C(=S)NCCC[NH+]2CCOCC2)/N3CCN(CC3)C/C=C/c4ccccc4)C,C14159905,inactive
615,c1ccc(cc1)C[NH+]2CCN(CC2)CCNC(=O)c3ccc(o3)CS(=O)(=O)c4ccc(cc4)Br,C33357457,inactive
616,CCOc1cc(ccc1OCCC(C)C)[C@@H]2C(=C(C(=O)N2Cc3cc[nH+]cc3)O)C(=O)c4ccc(cc4)OC,C33364524,inactive
617,CCOCCCN1C(=O)/C(=C\c2c(nc3c(cccn3c2=O)C)NCCC[NH+]4CCOCC4)/SC1=S,C33774984,inactive
618,C[NH+](C)CCNC(=O)[C@H]1COC2(N1C(=O)c3cccc(c3)OC)CCN(CC2)C(=O)c4ccc(cc4)Cl,C35990096,inactive
619,COc1ccc(cc1)C(=O)N2[C@H](COC23CCN(CC3)C(=O)Cc4ccccc4)C(=O)NCc5ccc[nH+]c5,C35986465,inactive
620,Cc1cccc(c1)C(=O)N2CCC3(CC2)N([C@@H](CO3)C(=O)NCc4cccc[nH+]4)C(=O)c5ccc(cc5)OC,C35986544,inactive
621,C[C@@H](C(=O)Nc1ccc(cc1)N2CCOCC2)N(Cc3ccc[nH+]c3)C(=O)CN4c5ccccc5C(=O)C4=O,C36057102,inactive
622,Cc1ccc(cc1)Cc2c(nc(nc2N3CCN(CC3)C[C@@H](C[NH+]4CCOCC4)O)c5ccccc5)COC,C36340063,inactive
623,COc1ccc(cc1)N2CC[NH+](CC2)CCCNC(=O)c3ccc(o3)CS(=O)(=O)c4ccc(cc4)OC,C08814289,inactive
624,Cc1ccc2c(c1)sc(n2)N3CC[NH+](CC3)CCNC(=O)c4ccc(cc4)S(=O)(=O)N5CCCCC5,C38772194,inactive
625,C[NH+]1CCN(CC1)c2nc3ccc(cc3s2)NC(=O)[C@@H]4CCCN(C4)S(=O)(=O)c5ccc(cc5)OC,C38512113,inactive
626,CCOc1cc(ccc1O)[C@@H]2C(=C(C(=O)N2CCC[NH+](C)C)O)C(=O)c3ccc(cc3)OCc4ccccc4,C39827058,inactive
627,c1ccc(cc1)c2csc(n2)NC(=O)CSc3nnc(n3c4ccc(cc4)Cl)C[NH+]5CCOCC5,C59626907,inactive
628,C[C@@H]1C[C@H]2[C@@H]([C@@H](C(=O)O2)C[NH+]3C[C@H]4C[C@@H](C3)c5cccc(=O)n5C4)[C@@H]([C@]6([C@H]1[C@H](C[C@@H]6OC(=O)C)OC(=O)C)C)O,C70665982,inactive
629,C[C@H]1c2cc(c(cc2CC[NH+]1C[C@]3(C(=O)NC(=O)N(C3=O)c4ccccc4)Cc5ccc(cc5)OC)OC)OC,C70672057,inactive
630,C[C@]12CC[C@H]3[C@H]([C@]1(CC[C@@H]2C4=CC(=O)OC4)O)CC[C@]5([C@@]3(CC[C@@H](C5)O)/C=[NH+]/Cc6ccc(c(c6)OC)OC)O,C70692183,inactive
631,CC(C)(CC[C@](CC(=O)OC)(C(=O)O[C@H]1[C@@H](C[C@]23[C@@H]1c4cc5c(cc4CC[NH+]2CCC3)OCO5)OC)O)O,C71789472,inactive
632,C[N+](C)(C)CC(=O)N/N=C/c1c(c(c(o1)c2c3ccccc3ccc2O)c4c5ccccc5ccc4O)[N+](=O)[O-],C01630405,inactive
633,c1ccc(c(c1)[C@@H]2C(=C(C(=O)N2CC[NH+]3CCOCC3)O)C(=O)c4ccc(cc4)S(=O)(=O)N5CCOCC5)F,C33355377,inactive
634,C[C@@H]1CN(C[C@H](O1)C)S(=O)(=O)c2ccc(cc2)C(=O)Nc3c(c4c(s3)C[NH+](CC4)C(C)C)C(=O)NC,C38139096,inactive
635,c1ccc2c(c1)CC[NH+](C2)CCCNC(=O)CN3c4cc(ccc4SCC3=O)S(=O)(=O)N5CCOCC5,C17357218,inactive
636,COc1cc(cc(c1OC)OC)C(=O)N2CC[NH+](CC2)C[C@@H]3CN(CCO3)C[C@@H](COc4ccccc4)O,C96497199,inactive
637,Cc1ccc(cc1)C(=O)Nc2c([n+](c(s2)Nc3ccccc3)CCc4ccc(c(c4)OC)OC)c5cccs5,C53338696,inactive
638,CCOC(=O)c1ccc(cc1)NC(=O)C[C@@H]2C(=O)[N+](=C(S2)Nc3ccc(cc3)OC)Cc4ccc5c(c4)OCO5,C97960271,inactive
639,COc1ccc(cc1)NC2=[N+](C(=O)[C@@H](S2)CC(=O)Nc3cccc(c3)Cl)Cc4ccc(c(c4)OC)OC,C97960391,inactive
640,COc1ccc(cc1)NC2=[N+](C(=O)[C@H](S2)CC(=O)Nc3ccc(cc3)Cl)Cc4ccc(c(c4)OC)OC,C97960394,inactive
641,c1cc(sc1)[C@H]2C(=C(C(=O)N2CC[NH+]3CCOCC3)O)C(=O)c4ccc(cc4)S(=O)(=O)N5CCOCC5,C97969111,inactive
642,C[NH+](C)CCN1[C@@H](C(=C(C1=O)O)C(=O)c2ccc(cc2)OCC=C)c3cc(c(c(c3)Br)O)OC,C97987826,inactive
643,c1c2c(cc(c1F)F)n3c(=O)c4c(c(c(c(c4sc3n2)F)NCCC[NH+]5CCOCC5)F)NCCCN6CCOCC6,C98006394,inactive
644,CC[NH+]1CCN(CC1)C2=C(C(=O)N(C2=O)c3ccc(cc3)OC)c4c(nn(c4O)c5ccccc5)c6ccccc6,C98012485,inactive
645,Cc1ccc(cc1)C(=O)N2[C@@H](COC23CCN(CC3)C(=O)c4ccc(c(c4)OC)OC)C(=O)NCC[NH+](C)C,C98014905,inactive
646,COc1ccc(cc1)C(=O)N2CCC3(CC2)N([C@H](CO3)C(=O)NCc4cc[nH+]cc4)C(=O)c5ccc(cc5)OC,C98014680,inactive
647,COc1ccc(cc1)C(=O)N2[C@@H](COC23CCN(CC3)C(=O)c4cccc(c4)Cl)C(=O)NCc5cc[nH+]cc5,C98014729,inactive
648,COc1ccc(cc1OC)CC[n+]2cnc3c(c2N)[C@@H](c4ccc5ccccc5c4O3)c6ccc(c(c6)OC)OC,C98042676,inactive
649,COc1cc2c(ccnc2cc1OCCC[NH+]3CCOCC3)Oc4ccc(cc4F)N(c5ccc(cc5)F)C(=O)C6(CC6)C(=O)N,C98043797,inactive
650,COc1ccccc1CC[NH2+][C@H]2CC(=O)N(C2=O)c3ccc(cc3)N4C(=O)C[C@H](C4=O)NCCc5ccccc5OC,C98044507,inactive
651,CN1c2ccccc2[C@]3(C1=O)C(=C(C(=O)N3CC[NH+](C)C)O)C(=O)c4cccc(c4)S(=O)(=O)N5CCCCC5,C98046772,inactive
652,c1ccc(cc1)[C@H]2C(=C(C(=O)N2CCC[NH+]3CCOCC3)O)C(=O)c4ccc(cc4)S(=O)(=O)N5CCOCC5,C98050316,inactive
653,CC[C@@](C)(C(=O)Nc1ccc(cc1OC)OC)N(Cc2ccccc2)C(=O)CN3c4ccccc4C(=O)C3=O,C03766542,inactive
654,Cc1cccn2c1nc(c(c2=O)/C=C(\C#N)/C(=O)Nc3c(n(n(c3=O)c4ccccc4)C)C)Oc5ccc(cc5)F,C01246035,inactive
655,CCOc1ccc(cc1)NC(=O)/C(=C/c2c(nc3c(cccn3c2=O)C)N4CCC(CC4)C(=O)OCC)/C#N,C02205235,inactive
656,COc1cc(ccc1O)[C@H](c2nnnn2CCc3ccccc3)N4CCN(CC4)c5nc6ccccc6s5,C13496459,inactive
657,COc1ccc(cc1NC(=O)CN2CCN(CC2)Cc3ccc4c(c3)OCO4)S(=O)(=O)N5CCCCC5,C22920309,inactive
658,c1ccc2c(c1)CCC[C@@H]2NC(=O)C3CCN(CC3)c4ccc(cc4[N+](=O)[O-])S(=O)(=O)N5CCOCC5,C25397973,inactive
659,c1ccc2c(c1)[C@H](N(C2=O)C[C@H]3CCCO3)Nc4ccc(cc4)C(=O)N5CCN(CC5)c6cccc(c6)Cl,C35730606,inactive
660,CC[NH+]1CCN2c3cccc(c3C[C@@]4([C@@H]2C1)C(=NC(=O)N(C4=O)CCc5ccc(c(c5)OC)OC)[O-])Cl,C35877114,inactive
661,COc1cccc(c1)C(=O)N(CC=C)CC(=O)Nc2ccc(cc2)N3CCN(CC3)C(=O)c4ccccc4F,C36013369,inactive
662,CC(C)NC(=O)N(Cc1ccccc1)CC(=O)N2CCN(CC2)c3ccc(nn3)c4ccc(c(c4)OC)OC,C36073004,inactive
663,Cc1ccc(cc1)S(=O)(=O)CNC(=O)[C@@H](c2ccc(cc2C)C)N(c3cccc(c3)Cl)C(=O)COC,C36553528,inactive
664,CCn1c(c(c(c(c1=O)C#N)C)/C=C/2\C(=O)N(C(=S)S2)CCCCCC(=O)[O-])N3CC[NH+](CC3)CC,C33812510,inactive
665,CN(c1ccc(cc1)C(=O)Nc2ccccc2C(=O)N3CCOCC3)S(=O)(=O)c4ccc(c(c4)OC)OC,C38151020,inactive
666,Cc1cccc2c1nc(s2)N3CCN(CC3)CCNC(=O)c4ccc(cc4)S(=O)(=O)N5CCOCC5,C38799128,inactive
667,CCCOc1ccc(cc1)c2nc(c(o2)NCCN3CCOCC3)S(=O)(=O)c4ccc5c(c4)OCCO5,C40178040,inactive
668,C[C@H]1CCCCN1S(=O)(=O)c2ccc(cc2)C(=O)N3CCc4c3ccc(c4)S(=O)(=O)NC5CCCC5,C40838681,inactive
669,[H]/N=C\1/C(=C/c2cc(c(c(c2)Cl)OCCOc3ccc(c(c3)C)C)OC)/C(=O)N=C4N1N=C(S4)CCC,C09065049,inactive
670,c1ccc2c(c1)CCN(C2)C(=O)CCn3c(=O)c4ccccc4n(c3=O)CC(=O)NCc5ccccc5Cl,C59524846,inactive
671,c1ccc(cc1)COc2ccc(cc2OCc3ccccc3)/C=C/4\C(=O)N=C(S4)N5CCN(CC5)CCO,C20289562,inactive
672,Cc1ccc2c(c1)[nH]c(n2)/C(=C/c3ccc(c(c3)OC)OS(=O)(=O)c4ccc5c(c4)n(c(=O)n5C)C)/C#N,C59586685,inactive
673,CS(=O)(=O)c1cccc(c1)c2nnc(o2)NC(=O)c3ccc(cc3)S(=O)(=O)N4CCCc5c4cccc5,C60263569,inactive
674,[H]/N=C\1/C(=C/c2cc(c(c(c2)Cl)OCCOc3ccc(cc3)C)OC)/C(=O)N=C4N1N=C(S4)CCCC,C27549419,inactive
675,Cc1cc(c(c2c1C(=O)/C(=C/c3cc(c(cc3OC)OC)OC)/O2)CN4CCN(CC4)Cc5ccccc5)O,C41584848,inactive
676,[H]/N=C\1/C(=C/c2cc(c(c(c2)Cl)OCCOc3ccccc3)OCC)/C(=O)N=C4N1N=C(S4)CCCC,C27549414,inactive
677,C[C@@H]1C[C@H]2[C@@H]([C@@H](C(=O)O2)CN3C[C@H]4C[C@@H](C3)c5cccc(=O)n5C4)[C@@H]([C@]6([C@@H]1[C@H](C[C@@H]6OC(=O)C)OC(=O)C)C)O,C70665981,inactive
678,CN(CCc1cc2c(c(c1/C=C\3/C(=O)NC(=O)N(C3=O)Cc4ccccc4)OC)OCO2)C(=O)c5ccccc5,C70671973,inactive
679,Cn1c(cc(=O)c(c1CN2CCN(CC2)Cc3ccc4c(c3)OCO4)[O-])C[NH+]5C[C@H]6C[C@@H](C5)c7cccc(=O)n7C6,C85876580,inactive
680,CCc1ccc(cc1)N2C(=O)[C@@](C(=O)N=C2[O-])(Cc3ccc4c(c3)OCO4)C[NH+]5C[C@H]6C[C@@H](C5)c7cccc(=O)n7C6,C70669776,inactive
681,COc1ccc(cc1)N2C(=O)[C@](C(=O)N=C2[O-])(Cc3cccc4c3cccc4)C[NH+]5C[C@H]6C[C@@H](C5)c7cccc(=O)n7C6,C70669793,inactive
682,c1ccc2c(c1)OC[C@@H](O2)COC[C@H](CN3CCN(CC3)CCN4C(=O)c5cccc6c5c(ccc6)C4=O)O,C22914712,inactive
683,CC(C)(C)NC(=O)N(CCN1CCOCC1)CC(=O)N2[C@@H](CC(=N2)c3cccs3)c4ccccc4OC,C35949180,inactive
684,CC(=O)N[C@@H]1[C@@H]([C@@H]2[C@@H](CO[C@@H](O2)c3ccccc3)O[C@@H]1OCc4ccccc4)OC(=O)/C=C\c5ccccc5,C97527627,inactive
685,c1ccc(cc1)n2cc(c(n2)c3cccc(c3)S(=O)(=O)N4CCOCC4)/C=C(/C#N)\c5[nH]c6ccccc6n5,C97947342,inactive
686,COc1ccccc1[C@@H]2[C@@H](C(=NC(=C2C(=O)OC)[O-])SCC(=O)Nc3ccc(cc3)Br)C#N,C97950990,inactive
687,c1ccc(cc1)n2c(nnc2SCC(=O)NCCN3CCOCC3)CSc4nc5ccccc5s4,C97951036,inactive
688,[H]/N=c/1\c(cc2c(n1CCCN3CCOCC3)nc4c(cccn4c2=O)C)S(=O)(=O)c5ccc(cc5)Cl,C97951855,inactive
689,[H]/N=c/1\c(cc2c(n1CCc3ccc(c(c3)OC)OC)nc4ccccn4c2=O)S(=O)(=O)c5ccc(cc5)C,C97953214,inactive
690,[H]/N=c\1/c(cc2c(n1CCc3ccc(c(c3)OC)OC)nc4ccccn4c2=O)S(=O)(=O)c5ccc(cc5)C,C97953214,inactive
691,[H]/N=C\1/C(=C\c2cc(c(c(c2)I)OCc3ccccc3C#N)OC)/C(=O)N=C4N1N=C(S4)CC,C97957772,inactive
692,[H]\N=C\1/C(=C\c2ccc(c(c2)OC)OCCOc3ccc(cc3)OC)/C(=O)N=C4N1N=C(S4)c5ccccc5,C97959075,inactive
693,COc1cc(c(cc1OCC(=O)OC)Br)/C=C\2/C(=O)N(C(=S)S2)NC(=O)c3ccccc3,C97962111,inactive
694,CCOC(=O)N1CCN(CC1)S(=O)(=O)c2ccc(cc2)C(=O)Nc3cccc(c3)c4nc5ccccc5o4,C11852978,inactive
695,CC(=O)Nc1ccc(cc1)S(=O)(=O)Oc2ccc(cc2CN(C[C@@H]3CCCO3)C(=O)CC(C)(C)C)Cl,C98010821,inactive
696,Cc1cccc(c1)C(=O)N2[C@H](COC23CCN(CC3)C(=O)c4cccc(c4)OC)C(=O)N[C@H](C)c5ccccc5,C98014816,inactive
697,Cc1ccccc1C(=O)N2[C@@H](COC23CCN(CC3)C(=O)c4cccc(c4)OC)C(=O)N[C@H](C)c5ccccc5,C98014909,inactive
698,Cc1ccccc1C(=O)N2CCC3(CC2)N([C@H](CO3)C(=O)N[C@H](C)c4ccccc4)C(=O)c5cccc(c5)OC,C98014975,inactive
699,c1cc(sc1)CN(Cc2ccc3c(c2)OCO3)C(=O)CN(C[C@@H]4CCCO4)C(=O)Nc5ccc(cc5)C#N,C00696481,inactive
700,Cc1ccc(cc1)Nc2nc(cs2)C(=O)N3CCC(CC3)C(=O)N4CCN(CC4)Cc5ccc6c(c5)OCO6,C98048409,inactive
