ID,SMILES,SPLIT
AC12157,Cc1cc(=O)[nH]c2ccccc12,train
AC17979,Oc1ccc(-n2ccnc2)cc1,test
AC27191,Cc1cc(C)c2c(=O)[nH]cnc2n1,train
AC29806,Nc1nc(N)c2nc(CO)cnc2n1,train
AW00230,O=C(CSc1nccc(C(F)(F)F)n1)c1cccnc1,train
AW00749,Cc1nc(C(F)(F)F)ccc1C(=O)N1CCSCC1,train
AW01007,O=C(NC1CCN(c2nccc(C(F)(F)F)n2)CC1)c1cccs1,train
AW01204,O=C1c2ccccc2C(=O)N1CCCN1CCN(c2nccc(C(F)(F)F)n2)CC1,train
BR00127,CCCCCCCc1ccc(C(=O)N=C(Nc2cccc(C)n2)SC)cc1,train
BTB00115,Cc1cc(C(=O)NN)c2cc(Br)ccc2n1,train
BTB00421,Cc1cc2c(cc1C)CSC(c1ccco1)SC2,train
BTB00512,Cc1onc(-c2ccccc2Cl)c1C(=O)N1CCc2ccccc2C1,train
BTB00533,COc1ccc(NC(C)=O)c(NC(=O)c2c(-c3ccccc3Cl)noc2C)c1,train
BTB00660,Cc1onc(-c2ccccc2Cl)c1C(=O)N1c2ccccc2NC(=O)CC1C,train
BTB00794,COc1ccc2c(c1)CCCN2C(=O)c1c(-c2c(Cl)cccc2Cl)noc1C,test
BTB00796,Cc1onc(-c2c(Cl)cccc2Cl)c1C(=O)N1CCCc2ccccc21,test
BTB00797,Cc1ccc2c(c1)CCCN2C(=O)c1c(-c2c(Cl)cccc2Cl)noc1C,train
BTB00888,CCOC(=O)c1c(-c2c(Cl)cccc2Cl)noc1C,train
BTB01126,Cc1cc(=O)c2ccccc2[nH]1,test
BTB01134,CCN(Cc1ccc(CN(CC)C(=O)c2c(-c3ccccc3)noc2C)cc1)C(=O)c1c(-c2ccccc2)noc1C,test_scaffolds
BTB01148,Cc1cc(=O)c2cc(F)ccc2[nH]1,train
BTB01151,Cc1cc(=O)c2c(Cl)ccc(C)c2[nH]1,train
BTB01152,Cc1cc(=O)c2cc(Cl)ccc2[nH]1,train
BTB01411,CC(=O)Nc1ccc(NC(=O)c2c(-c3ccccc3Cl)noc2C)c(C)c1,train
BTB01412,CC(=O)Nc1ccc(NC(=O)c2c(-c3c(Cl)cccc3Cl)noc2C)c(C)c1,train
BTB01571,CC(=O)Nc1ccc(C)c(NC(=O)c2c(-c3ccccc3Cl)noc2C)c1,train
BTB01869,COc1ccc(CCNC(=O)c2ccccc2Cl)cc1OC,train
BTB01876,COc1ccc(CCNC(=O)c2c(Cl)cccc2Cl)cc1OC,train
BTB01952,Cc1onc(-c2ccccc2Cl)c1C(=O)Nc1ccc2c(c1)COCO2,test
BTB02004,CCOC(=O)c1c[nH]c2c(C)cc(Cl)cc2c1=O,train
BTB02093,Cc1nc2ccc(Br)cc2c(=O)o1,train
BTB02220,Cc1onc(-c2ccccc2Cl)c1C(=O)SCC(=O)Nc1cc(C(F)(F)F)cc(C(F)(F)F)c1,train
BTB02345,CC(=O)c1c(-c2ccccc2)c2cc(Cl)ccc2[nH]c1=O,test
BTB02532,Cc1nc2c(Br)cc(Br)cc2c(=O)o1,train
BTB02677,Cc1onc(-c2ccccc2Cl)c1C(=O)Nc1cccc2cccnc12,train
BTB02712,Cc1ccc2nc(-c3c(F)cccc3Cl)oc(=O)c2c1,train
BTB02756,Cc1onc(-c2c(Cl)cccc2Cl)c1C(=O)Nc1cccc(C#N)c1,train
BTB02780,CN(C)c1ccc(-c2n[nH]c(=O)c3ccccc23)cc1N,train
BTB03140,O=c1c2ccccc2oc2ncccc12,train
BTB03394,Cc1onc(-c2ccccc2Cl)c1NC(=O)N1c2ccc(F)cc2CCC1C,train
BTB03403,Cc1onc(-c2ccccc2Cl)c1NC(=O)NCc1cccs1,train
BTB03426,Cc1onc(-c2ccccc2Cl)c1NC(=O)NCCc1ccncc1,test_scaffolds
BTB03471,Cc1onc(-c2ccccc2Cl)c1C(=O)NCCc1ccncc1,train
BTB03496,Cc1onc(-c2c(Cl)cccc2Cl)c1C(=O)NCCS(=O)(=O)c1ccccc1,train
BTB03497,Cc1onc(-c2c(Cl)cccc2Cl)c1C(=O)NCCS(=O)(=O)c1ccc(Cl)cc1,train
BTB03498,Cc1ccc(S(=O)(=O)CCNC(=O)c2c(-c3c(Cl)cccc3Cl)noc2C)cc1,train
BTB03504,Cc1onc(-c2c(Cl)cccc2Cl)c1C(=O)NCC(=O)NN,train
BTB03622,CSC1=NCCN1C(=O)c1c(-c2c(F)cccc2Cl)noc1C,test
BTB03623,CSC1=NCCN1C(=O)c1c(-c2ccccc2)noc1C,train
BTB03624,CSC1=NCCN1C(=O)c1c(-c2ccccc2Cl)noc1C,train
BTB03626,CSC1=NCCCN1C(=O)c1c(-c2c(F)cccc2Cl)noc1C,train
BTB03627,CSC1=NCCCN1C(=O)c1c(-c2ccccc2)noc1C,train
BTB03628,CSC1=NCCCN1C(=O)c1c(-c2ccccc2Cl)noc1C,train
BTB03678,CC(=O)Nc1cc(Cl)c(F)cc1NC(=O)c1c(-c2c(Cl)cccc2Cl)noc1C,train
BTB03731,O=c1oc(C(c2ccccc2)C2CCCC2)nc2cccc(F)c12,train
BTB03733,Cc1onc(-c2c(Cl)cccc2Cl)c1-c1nc2cccc(F)c2c(=O)o1,train
BTB03734,O=c1oc(-c2cccc(C(F)(F)F)c2)nc2cccc(F)c12,train
BTB03742,Cc1onc(-c2c(Cl)cccc2Cl)c1C(=O)Nc1cccc(F)c1C(=O)Nc1ccc(F)cc1,test
BTB03780,CCOC(=O)c1cnc2c(F)cc(F)cc2c1N1CCOCC1,train
BTB03788,CCOC(=O)c1cnc2cc(Cl)c(F)cc2c1N1CC(C)OC(C)C1,train
BTB03789,CCOC(=O)c1cnc2cc(Cl)c(F)cc2c1N1CCOCC1,train
BTB03890,Cc1cc(Oc2ccc(NC(=O)c3c(-c4c(Cl)cccc4Cl)noc3C)cn2)cc(C)c1Cl,train
BTB03891,Cc1onc(-c2c(Cl)cccc2Cl)c1C(=O)Nc1ccc(Oc2ccc(C(C)(C)C)cc2)nc1,train
BTB04120,CC(C)(C)c1ccc(OC(=O)NC(=O)c2ccccc2Cl)c(C(C)(C)C)c1,train
BTB04121,CC(C)(C)c1ccc(OC(=O)NC(=O)c2c(F)cccc2Cl)c(C(C)(C)C)c1,train
BTB04143,Cc1onc(-c2c(F)cccc2Cl)c1C(=O)NCC(=O)c1ccc(Br)cc1,train
BTB04343,COc1cc2c(cc1OC)C(C)N(C(=O)c1ccc(Cl)cc1Cl)CC2,train
BTB04365,Cc1cccc(-c2nc3cccc(F)c3c(=O)o2)c1,train
BTB04366,O=c1oc(-c2ccc(Cl)cc2Cl)nc2cccc(F)c12,train
BTB04375,O=c1oc(-c2ccc(F)c(Cl)c2)nc2cccc(F)c12,train
BTB04377,O=c1oc(-c2c(F)cccc2Cl)nc2cccc(F)c12,train
BTB04580,Cc1cc(Br)c2nc(-c3cccc(C(F)(F)F)c3)oc(=O)c2c1,train
BTB04581,O=c1oc(-c2cccc(C(F)(F)F)c2)nc2cccc(Cl)c12,train
BTB04836,O=C(NC(=O)c1c(Cl)cccc1Cl)Oc1ccc(F)cc1F,train
BTB04838,O=C(NC(=O)c1c(Cl)cccc1Cl)Oc1cc(C(F)(F)F)cc(C(F)(F)F)c1,train
BTB04846,O=C(NC(=O)c1c(Cl)cccc1Cl)Oc1ccc(C(F)(F)F)cc1,train
BTB04847,O=C(NC(=O)c1c(Cl)cccc1Cl)Oc1ccc(F)cc1Cl,train
BTB04897,O=C(NCCc1ccc(Cl)cc1)c1cc2ccccc2oc1=O,test
BTB05025,Cc1onc(-c2c(Cl)cccc2Cl)c1C(=O)On1c(-c2ccccc2)nc2ccccc2c1=O,train
BTB05033,COC(=O)c1ccc(Cl)cc1NC(=O)c1c(-c2c(Cl)cccc2Cl)noc1C,train
BTB05039,COC(=O)c1ccc(Cl)cc1NC(=O)c1c(-c2c(F)cccc2Cl)noc1C,train
BTB05046,COC(=O)c1ccc(Cl)cc1NC(=O)c1c(-c2ccccc2)noc1C,train
BTB05066,CC(C)c1cccc(C(C)C)c1OC(=O)NC(=O)c1c(Cl)cccc1Cl,train
BTB05324,CS(=O)(=O)Nc1ccc2oc3ncccc3c(=O)c2c1,train
BTB05341,O=c1c2cc(-n3cccc3)ccc2oc2ncccc12,train
BTB05544,O=c1ncn(Cc2ccccn2)cc1-c1ccccc1,train
BTB06033,Cc1cc(=O)c2cc(F)cc(F)c2[nH]1,train
BTB06136,Cc1cc(C)c2[nH]c(C)cc(=O)c2c1,test
BTB06990,Cc1ccc(Cn2nc(C)ccc2=O)cc1,train
BTB07050,Cc1onc(-c2c(Cl)cccc2Cl)c1C(=O)Nc1ccc(F)cc1,train
BTB07051,Cc1onc(-c2c(Cl)cccc2Cl)c1C(=O)Nc1ccc(F)c(Cl)c1,train
BTB07052,Cc1onc(-c2c(Cl)cccc2Cl)c1C(=O)Nc1cccc(Cl)c1,train
BTB07057,O=C(NC(=O)c1ccc(Cl)cc1)Oc1ccccc1,train
BTB07058,O=C(NC(=O)c1ccccc1)Oc1ccc(Cl)cc1,train
BTB07062,O=C(NC(=O)c1c(Cl)cccc1Cl)Oc1c(F)cccc1F,train
BTB07089,N#CCc1ccc(OC(=O)NC(=O)c2c(F)cccc2Cl)cc1,train
BTB07222,CC(C)(C)c1ccc(C(=O)Nc2ccc(Oc3cccnc3)nc2)cc1,train
BTB07542,Cc1onc(-c2ccccc2Cl)c1C(=O)NN,train
BTB07633,COc1ccc(Cl)c(OC)c1C(N)=O,train
BTB07648,COc1ccc(Cl)c(OC)c1C(=O)NC(=O)Nc1nc(C)nc(C)n1,test
BTB07649,COc1nc(NC(=O)NC(=O)c2c(OC)ccc(Cl)c2OC)nc(OC)n1,train
BTB07674,COc1c(Cl)cc(Cl)c(OC)c1C(N)=O,train
BTB08280,Cc1cc(-c2nn(C)c(=O)c3ccccc23)cc(C)c1OC(=O)c1ccc(C(F)(F)F)cc1,train
BTB08281,Cc1ccc(C(=O)Oc2c(C)cc(-c3nn(C)c(=O)c4ccccc34)cc2C)cc1,train
BTB08290,COC(=O)COc1c(C)cc(-c2nn(C)c(=O)c3ccccc23)cc1C,train
BTB08294,Cc1cc(-c2nn(C)c(=O)c3ccccc23)cc(C)c1OC(=O)Nc1ccccc1,test
BTB08419,CSc1nc2nccc(NC(=O)c3cccc(C)c3)n2n1,test_scaffolds
BTB08632,CC(C)(C)c1cc(C(=O)Nc2cccnc2)cc(C(=O)Nc2cccnc2)c1,train
BTB08637,CC(C)(C)c1cc(C(=O)Oc2cccnc2)cc(C(=O)Oc2cccnc2)c1,train
BTB08755,Cc1cc(OCC(=O)c2cccc(C(F)(F)F)c2)n2cnnc2n1,train
BTB09048,Cc1nn(C)c(=O)c2noc(C=Cc3ccc(C(F)(F)F)cc3)c12,train
BTB09128,CC(=O)c1cc(C#N)c(=O)[nH]c1C,test
BTB09497,Cc1ccc(Oc2ncccc2NC(=O)c2ccc(Cl)cc2Cl)c2c1CCC2,train
BTB09549,N#Cc1cc2c([nH]c1=O)CCCC2=O,train
BTB09800,Cc1cc(C)n(C)c(=O)c1C#N,train
BTB10916,CSc1noc(-c2ccc(Cl)cc2)c1C#N,train
BTB11695,Cn1c(N2C(=O)c3cccc4cccc(c34)C2=O)nc2ccccc21,train
BTB11700,CN(C)c1ccc2c3c(cccc13)C(=O)N(c1nc3ccccc3n1C)C2=O,train
BTB12197,O=c1c2cc3c(=O)n(CCO)c(=O)c3cc2c(=O)n1CCO,train
BTB12660,CCOC(=O)c1cnn2c(C)cc(C)nc12,train
BTB12961,Cn1c(=O)c2cc3ccccc3nc2n(C)c1=O,train
BTB12965,O=C1c2cc3ccccc3nc2-c2cccc3cccc1c23,train
BTB13069,Cn1c(=O)c2cc3ccccc3nc2c2c(=O)n(-c3ccccc3)c(=O)n(-c3ccccc3)c21,train
BTB13070,Cn1c(=O)c2c3nc4ccccc4cc3c(=O)n(-c3ccccc3)c2n(C)c1=O,train
BTB13227,Cn1c(=O)c2c3nc4ccc(F)cc4cc3c(=O)n(-c3ccccc3)c2n(C)c1=O,train
BTB13418,COc1ccccc1C1CCN(C(=O)c2cccc3ccccc23)CC1,test
BTB13421,COc1ccccc1C1CCN(C(=O)c2ccc(Cl)cc2)CC1,train
BTB13720,Cc1onc(-c2c(F)cccc2Cl)c1C(=O)N1CCN(c2ncc(Br)cn2)CC1,train
BTB13727,N#Cc1c(-c2ccccc2)cc(-c2ccco2)c(C#N)c1N,train
BTB13757,Cc1onc(-c2c(F)cccc2Cl)c1C(=O)N1CC(Oc2ccc(Cl)cc2)C1,test_scaffolds
BTB13885,CN1C(=O)c2ccc(Oc3ccc(C(C)(C)c4ccc(Oc5ccc6c(c5)C(=O)N(C)C6=O)cc4)cc3)cc2C1=O,test_scaffolds
BTB14108,CC(C)(C)C(=O)OCC1OC(n2cnc3c(N)ncnc32)CC1OC(=O)C(C)(C)C,train
BTB14509,Cc1onc(-c2c(F)cccc2Cl)c1C(=O)N1CCN(c2ncccn2)CC1,train
BTB14663,Cn1c(=O)c2c(N3CCCCC3)cc(N3CCCCC3)nc2n(C)c1=O,train
BTB14665,Cn1c(=O)c2c3nc4cc(F)ccc4cc3c(=O)n(C)c2n(C)c1=O,train
BTB14675,Cc1cc(Cl)cc2c(O)c(-c3ccccc3)c(=O)[nH]c12,train
BTB14679,Cc1cc2cc3c(=O)n(C)c(=O)n(C)c3nc2cc1C,train
BTB14703,O=c1oc(-c2cccc(C(F)(F)F)c2)nc2c(Cl)cc(Cl)cc12,train
CC18409,OCc1ccc(-n2cccn2)cc1,train
CC18509,OCc1ccc(-n2ccnc2)cc1,train
CC20209,Cc1nc(-c2ccccc2)ncc1CO,train
CC24609,OCc1cccnc1N1CCOCC1,train
CC25509,OCc1ccc(-n2cccc2)cc1,test_scaffolds
CD00843,C#CC(CC)(CC)NC(=O)c1c(-c2ccccc2Cl)noc1C,train
CD01584,Cc1onc(-c2ccccc2Cl)c1C(=O)Nc1ccccc1N1CCCCC1,train
CD01650,Cc1onc(-c2ccccc2Cl)c1C(=O)Nc1cccnc1,train
CD01799,Cc1onc(-c2ccccc2Cl)c1C(N)=O,train
CD01867,Cc1onc(-c2c(Cl)cccc2Cl)c1C(=O)NN,train
CD02032,Cc1onc(-c2ccccc2)c1C(=O)N1CCCN2C(=O)c3ccccc3C21,test
CD02101,Cc1c(C)c(C)c(C(=O)c2ccccc2C(=O)NCc2cccnc2)c(C)c1C,train
CD02151,CC(=NOC(=O)c1c(-c2ccccc2Cl)noc1C)c1ccc(F)cc1,train
CD02234,Cc1onc(-c2ccccc2Cl)c1C(=O)N(CCC#N)CCC#N,train
CD02379,Cc1onc(-c2c(Cl)cccc2Cl)c1NC(=O)N1CCCN2C(=O)c3ccccc3C12,train
CD02380,CC(=NOC(=O)Nc1c(-c2c(Cl)cccc2Cl)noc1C)c1ccc(F)cc1,train
CD02492,Cc1onc(-c2c(Cl)cccc2Cl)c1C(=O)ONC(=O)c1ccccc1,train
CD02516,CC(=O)c1ccccc1OCc1c(C)c(C)c(C)c(C)c1C,train
CD03033,COc1cc(NC(=O)c2c(-c3ccccc3Cl)noc2C)cc(C(F)(F)F)c1,train
CD03092,Cc1onc(-c2ccccc2Cl)c1C(=O)ON=C1CCCCN1,train
CD03353,COc1ccc(CCNC(=O)c2nc3ccccc3c(=O)n2-n2cccc2)cc1OC,train
CD03857,Cc1onc(-c2ccccc2)c1C(=O)n1cccc1,train
CD04026,OCc1ccc(-c2cc(C(F)(F)F)cc(C(F)(F)F)c2)o1,train
CD04189,Cc1cc(C)c(CON=Cc2ccc(-c3cc(C(F)(F)F)cc(C(F)(F)F)c3)o2)c(C)c1,train
CD04430,Cc1onc(-c2ccccc2)c1C(=O)Nc1cc(C(F)(F)F)c(Cl)cc1Cl,train
CD04567,Cc1onc(-c2ccccc2Cl)c1NC(=O)OCC#Cc1cc(C(F)(F)F)cc(C(F)(F)F)c1,train
CD05279,Cc1onc(-c2c(Cl)cccc2Cl)c1C(N)=O,train
CD05280,CCNC(=O)c1c(-c2c(Cl)cccc2Cl)noc1C,train
CD05281,C=CCN(CC=C)C(=O)c1c(-c2c(Cl)cccc2Cl)noc1C,train
CD05282,Cc1onc(-c2c(Cl)cccc2Cl)c1C(=O)N1CC=CCC1,train
CD05283,Cc1onc(-c2c(Cl)cccc2Cl)c1C(=O)N(C)C,train
CD05284,COCCCNC(=O)c1c(-c2c(Cl)cccc2Cl)noc1C,train
CD05290,C#CCOC(=O)c1c(-c2c(Cl)cccc2Cl)noc1C,train
CD05331,CC(=O)NOC(=O)c1c(-c2c(Cl)cccc2Cl)noc1C,train
CD05372,Cc1onc(-c2c(Cl)cccc2Cl)c1C(=O)ONC(=O)c1ccc(F)cc1,train
CD05392,Cc1onc(-c2c(Cl)cccc2Cl)c1C(=O)ONC(=O)c1cc(C(F)(F)F)cc(C(F)(F)F)c1,train
CD05437,Cc1onc(-c2c(Cl)cccc2Cl)c1NC(=O)Nc1cc(C(F)(F)F)cc(C(F)(F)F)c1,train
CD05466,Cc1onc(-c2c(Cl)cccc2Cl)c1C(=O)NOC(=O)c1cccs1,train
CD05503,Cc1onc(-c2c(Cl)cccc2Cl)c1C(=O)NCc1c(F)cccc1Cl,train
CD05602,Cc1onc(-c2c(F)cccc2Cl)c1C(=O)ONC(=O)c1ccccc1,train
CD05603,Cc1onc(-c2c(F)cccc2Cl)c1C(=O)N1CCOCC1,train
CD05753,CCCCCCCCCCCC(=O)NOC(=O)c1c(-c2c(Cl)cccc2Cl)noc1C,train
CD05774,Cc1onc(-c2c(F)cccc2Cl)c1C(=O)ONC(=O)Cc1ccccc1,train
CD05806,Cc1onc(-c2c(Cl)cccc2Cl)c1C(=O)ON1C(=O)c2ccccc2C1=O,test
CD05847,Cc1onc(-c2c(Cl)cccc2Cl)c1C(=O)ONC(=O)C(C)(C)C,train
CD05929,Cc1onc(-c2c(Cl)cccc2Cl)c1C(=O)NC(=O)NCc1ccc(Cl)cc1,test_scaffolds
CD05935,C#CCOC(=O)NC(=O)c1c(-c2c(Cl)cccc2Cl)noc1C,train
CD05950,CCOC(=O)C(C#N)=NOC(=O)c1c(-c2c(Cl)cccc2Cl)noc1C,train
CD06041,Cc1onc(-c2c(Cl)cccc2Cl)c1NC(=O)OCc1c(C)c(C)c(C)c(C)c1C,train
CD06100,Cc1onc(-c2c(Cl)cccc2Cl)c1NC(=O)ON=Cc1c(C)c(C)c(C)c(C)c1C,train
CD06103,Cc1onc(-c2c(Cl)cccc2Cl)c1C(=O)ON=Cc1c(C)c(C)c(C)c(C)c1C,train
CD06242,CCOC(=O)CSC(=Nc1ccccc1)c1c(-c2c(Cl)cccc2Cl)noc1C,train
CD06374,Cc1onc(-c2c(Cl)cccc2Cl)c1CSC(=S)N(C)C,test
CD06441,CCOC(=S)SCc1c(-c2c(Cl)cccc2Cl)noc1C,train
CD06548,Cc1onc(-c2c(Cl)cccc2Cl)c1CC#N,train
CD06797,Cc1onc(-c2c(Cl)cccc2Cl)c1C(=O)NC(C)(C)C,train
CD06798,CCCCCCCNC(=O)c1c(-c2c(Cl)cccc2Cl)noc1C,train
CD06800,Cc1onc(-c2c(Cl)cccc2Cl)c1C(=O)NC(C)(C)CO,train
CD06802,CCN(CCC#N)C(=O)c1c(-c2c(Cl)cccc2Cl)noc1C,train
CD06813,COCCCN(CCC#N)C(=O)c1c(-c2c(Cl)cccc2Cl)noc1C,train
CD06844,CSCCNC(=O)Nc1c(-c2c(Cl)cccc2Cl)noc1C,train
CD06849,Cc1onc(-c2c(Cl)cccc2Cl)c1C(=O)ON1C(=O)CCC1=O,train
CD06854,CSCCNC(=O)c1c(-c2c(Cl)cccc2Cl)noc1C,train
CD06860,Cc1onc(-c2c(Cl)cccc2Cl)c1C(=O)NCC(C)(C)C,train
CD06897,Cc1onc(-c2c(Cl)cccc2Cl)c1C(=O)NCCc1ccccc1,train
CD06927,Cc1onc(-c2c(Cl)cccc2Cl)c1C(=O)NCCO,train
CD06972,Cc1onc(-c2c(Cl)cccc2Cl)c1NC(=O)N(C)N,train
CD07013,Cc1onc(-c2c(Cl)cccc2Cl)c1NC(=O)N(C)c1ccc(Cl)cc1,train
CD07086,CC(=O)NCc1c(-c2c(Cl)cccc2Cl)noc1C,train
CD07238,Cc1nn(C(=O)c2c(-c3c(Cl)cccc3Cl)noc2C)c(C)c1Br,train
CD07243,Cc1onc(-c2c(Cl)cccc2Cl)c1C(=O)Nc1ccccc1C(=O)NCc1c(F)cccc1Cl,train
CD07733,Cc1onc(-c2c(Cl)cccc2Cl)c1C(=O)N1CCSCC1,test
CD07738,Cc1onc(-c2c(Cl)cccc2Cl)c1CSC(=S)SC(C)(C)C,train
CD07842,Cc1onc(-c2c(Cl)cccc2Cl)c1C(=O)NCCSCc1c(F)cccc1Cl,test_scaffolds
CD07848,Cc1onc(-c2c(Cl)cccc2Cl)c1NC(=O)N1CCSCC1,test_scaffolds
CD07863,C#Cc1cccc(NC(=O)c2c(-c3c(Cl)cccc3Cl)noc2C)c1,train
CD07930,Cc1onc(-c2c(F)cccc2Cl)c1C(=O)N1CCSCC1,train
CD08206,O=c1cc(CSC(=S)N2CCSCC2)c2ccccc2[nH]1,train
CD08232,Cc1onc(-c2c(Cl)cccc2Cl)c1C(=O)NCCSC(C)(C)C,train
CD08255,Cc1onc(-c2c(Cl)cccc2Cl)c1C(=O)N1CCCC1c1ccc(F)cc1,train
CD08304,Cc1onc(-c2c(Cl)cccc2Cl)c1C(=O)ON=C(N)CN1CCSCC1,train
CD08647,Cc1onc(-c2c(Cl)cccc2Cl)c1C(=O)c1ccccc1,test_scaffolds
CD08659,Cc1onc(-c2c(F)cccc2Cl)c1C(=O)c1ccccc1,test_scaffolds
CD08660,Cc1onc(-c2ccccc2Cl)c1C(=O)c1ccccc1,test_scaffolds
CD08661,Cc1onc(-c2c(Cl)cccc2Cl)c1C(=O)c1c(C)c(C)c(C)c(C)c1C,test_scaffolds
CD08685,Cc1onc(-c2c(Cl)cccc2Cl)c1C(O)c1ccccc1,train
CD08686,Cc1onc(-c2c(F)cccc2Cl)c1C(=O)c1c(C)c(C)c(C)c(C)c1C,test_scaffolds
CD08697,Cc1onc(-c2c(Cl)cccc2Cl)c1C(=O)c1ccc(F)cc1,test_scaffolds
CD08705,Cc1onc(-c2c(F)cccc2Cl)c1C(=O)c1ccc(F)cc1,test_scaffolds
CD08716,Cc1onc(-c2ccccc2Cl)c1C(=O)c1ccc(F)cc1,test_scaffolds
CD08728,Cc1onc(-c2c(Cl)cccc2Cl)c1C(O)c1ccc(F)cc1,train
CD08736,Cc1onc(-c2c(F)cccc2Cl)c1C(O)c1ccc(F)cc1,train
CD08747,Cc1onc(-c2ccccc2Cl)c1C(O)c1ccc(F)cc1,train
CD08929,O=C(NC(=O)c1ccccc1Oc1ccc(Cl)cc1Cl)SCc1c(F)cccc1Cl,train
CD09479,Cc1onc(-c2c(Cl)cccc2Cl)c1NC(=O)NCc1c(N(C)C)cccc1N(C)C,train
CD09482,Cc1onc(-c2c(Cl)cccc2Cl)c1C(=O)NCc1c(N(C)C)cccc1N(C)C,train
CD09974,Cc1onc(-c2c(Cl)cccc2Cl)c1NC(=O)ON=C1CSC(C)SC1,train
CD10053,CC(=O)c1cnn(-c2ccccn2)c1C,train
CD10068,Cc1onc(-c2c(Cl)cccc2Cl)c1NC(=O)NC1CCSC1,train
CD10165,Cc1onc(-c2ccccc2Cl)c1NC(=O)NC1CCSC1,train
CD10179,Cc1onc(-c2c(Cl)cccc2Cl)c1C(=O)NC1CSC(C)SC1,train
CD10182,Cc1onc(-c2c(Cl)cccc2Cl)c1NC(=O)NC1CSC(C)SC1,train
CD10187,CC1=C(OC(=O)c2c(-c3c(Cl)cccc3Cl)noc2C)C(=O)CC1,train
CD10441,Cc1onc(-c2c(Cl)cccc2Cl)c1NC(=O)ON=C1CCSC1,train
CD10741,Cc1onc(-c2ccccc2)c1C(=O)NCc1ccc(C(F)(F)F)cc1,train
CD10795,Cc1onc(-c2ccccc2)c1C(=O)NCc1cc(Cl)cc(Cl)c1,train
CD11077,CN(C)C(=O)c1nn(-c2ccc(Cl)cc2)c(=O)c2ccccc12,train
CD11106,C#CCNC(=O)c1c(-c2c(Cl)cccc2Cl)noc1C,train
CD11217,O=C(Nc1ccc(Cl)cc1)Nc1nccc(-c2cc(OCC(F)(F)F)ccc2OCC(F)(F)F)n1,train
CD11220,O=C(Nc1cccc(Cl)c1)Nc1nccc(-c2cc(OCC(F)(F)F)ccc2OCC(F)(F)F)n1,train
CD11287,COc1ccc(OCC(F)(F)F)c(C(=O)Nc2cccnc2)c1,train
CD11382,O=C(NCc1c(Cl)cccc1Oc1ccccc1)c1ccc(Cl)cc1,train
CD11385,CC(=O)c1cnn(-c2cc(C(F)(F)F)cc(C)n2)c1C,train
CD11445,CN(C)C=CC(=O)c1ccc(Oc2cccc(Cl)c2C#N)cc1,train
CD11494,O=c1cc(-c2ccc(Cl)cc2)oc(=O)[nH]1,train
CD11571,Cc1onc(-c2c(Cl)cccc2Cl)c1C(=O)NC(C)C(C)(C)C,train
CD11662,COc1ccc(Oc2cccc(Cl)c2CNC(=O)c2ccccc2)cc1,train
CD11715,CC(=NOC(=O)c1ccc(Cl)cc1)c1cnn(-c2cc(C(F)(F)F)cc(C)n2)c1C,test_scaffolds
CD11716,CC(=NOC(=O)c1ccccc1)c1cnn(-c2cc(C(F)(F)F)cc(C)n2)c1C,test_scaffolds
CD11728,CCOC(=O)c1cc(C#N)c2ccccn2c1=O,train
DFP00164,Cc1onc(-c2c(Cl)cccc2Cl)c1NC(=O)N1CCc2sccc2C1C,train
DFP00243,CCOC(=O)c1c[nH]c2ccc(Cl)cc2c1=O,train
DFP00357,CCn1cc(C(=O)Nc2ccc(C(F)(F)F)cc2)c(=O)c2cc(Cl)ccc21,train
DP00594,Cc1ccc(-c2nn(-c3ccccc3)c(=O)c3ccccc23)cc1C,train
DP00595,Cc1ccc(-c2nn(CCO)c(=O)c3ccccc23)cc1C,train
DP00604,Cc1ccc(-c2n[nH]c(=O)c3ccccc23)cc1,train
DP00605,Cc1ccc(-c2n[nH]c(=O)c3ccccc23)cc1C,train
DP00905,CC(C)c1ccc(-n2nnc3ccccc3c2=O)cc1,train
DP01614,O=c1oc(COc2ccc(Cl)cc2Cl)nc2ccccc12,test
DSHS00151,Cc1onc(-c2ccccc2Cl)c1C(=O)N1CCC(CCCC2CCN(C(=O)c3c(-c4ccccc4Cl)noc3C)CC2)CC1,train
DSHS00154,Cc1onc(-c2ccccc2Cl)c1C(=O)Nc1c(C)c(C)c(NC(=O)c2c(-c3ccccc3Cl)noc2C)c(C)c1C,test
DSHS00160,Cc1onc(-c2ccccc2Cl)c1C(=O)N1CCOC(c2ccccc2)C1C,train
DSHS00193,Cc1onc(-c2ccccc2Cl)c1C(=O)Nc1ccc(S(=O)(=O)N=c2[nH]ccs2)cc1,train
DSHS00203,Cc1onc(-c2ccccc2Cl)c1C(=O)NC1CCCCC1NC(=O)c1c(-c2ccccc2Cl)noc1C,train
DSHS00240,Cc1onc(-c2ccccc2Cl)c1C(=O)N(CCC#N)Cc1ccccc1,train
DSHS00241,Cc1onc(-c2ccccc2Cl)c1C(=O)N(CCC#N)C1CCCCC1,train
DSHS00242,Cc1onc(-c2ccccc2Cl)c1C(=O)N(CCC#N)C(C)C,test
DSHS00243,Cc1ccc(C(C)NC(=O)c2c(-c3ccccc3Cl)noc2C)c(C)c1,train
DSHS00254,COC(=O)c1ccccc1NC(=O)c1c(-c2ccccc2Cl)noc1C,train
DSHS00284,Cc1onc(-c2ccccc2Cl)c1C(=O)N(C1CCCCC1)C1CCCCC1,train
DSHS00348,Cc1onc(-c2ccccc2Cl)c1C(=O)NC(C)(C)CCO,train
DSHS00452,C=C1SC(=Nc2ccccc2Cl)N(C(=O)c2c(-c3ccccc3Cl)noc2C)C1(C)C,train
DSHS00641,Cc1onc(-c2ccccc2Cl)c1C(=O)Nc1ccc(Cl)cc1C(=O)c1ccccc1,test_scaffolds
DSHS00694,COc1cc(NC(=O)c2c(-c3ccccc3Cl)noc2C)c(OC)cc1Cl,train
DSHS00703,CCOC(=O)C=C(C)NC(=O)c1c(-c2c(Cl)cccc2Cl)noc1C,train
DSHS00810,Cc1onc(-c2ccccc2Cl)c1C(=O)Nc1ccc(F)c(F)c1,train
DSHS00814,Cc1onc(-c2c(Cl)cccc2Cl)c1C(=O)Nc1ccc(F)c(F)c1,train
DSHS00819,Cc1onc(-c2ccccc2)c1C(=O)Nc1cc(Cl)c(Cl)cc1Cl,train
DSHS00837,C#CC(C)(C)NC(=O)c1c(-c2ccccc2)noc1C,train
DSHS00840,C#CC(C)(C)NC(=O)c1c(-c2c(Cl)cccc2Cl)noc1C,train
DSHS01069,CC(=NO)c1ccc(Cl)c(NC(=O)c2c(-c3ccccc3Cl)noc2C)c1,train
DSHS01238,Cc1onc(-c2ccccc2Cl)c1C(=O)N1CCOCC1,train
DSHS01239,Cc1onc(-c2ccccc2Cl)c1C(=O)N1CC(C)OC(C)C1,train
DSHS01240,Cc1onc(-c2ccccc2Cl)c1C(=O)N1CCCC1,train
DSHS01241,Cc1onc(-c2ccccc2Cl)c1C(=O)N1CCCCC1,train
DSHS01252,Cc1onc(-c2ccccc2Cl)c1C(=O)Nc1cccc(C(F)(F)F)c1,train
DSHS01255,Cc1ccc(NC(=O)c2c(-c3ccccc3Cl)noc2C)cc1F,train
DSHS01256,CSc1cccc(NC(=O)c2c(-c3ccccc3Cl)noc2C)c1,train
EN00223,CC(C=Cc1ccccc1)=NOC(=O)c1c(-c2c(Cl)cccc2Cl)noc1C,train
FM00002,O=C1C(=Cc2ccc(-c3cc(C(F)(F)F)cc(C(F)(F)F)c3)o2)Cc2ccccc21,train
FM00033,N#Cc1c(N)c(C#N)c2c(c1-c1ccco1)Cc1ccccc1-2,test
FM00038,COc1nc2c(c(-c3ccco3)c1C#N)Cc1cc(NC(C)=O)ccc1-2,train
FM00043,Cc1ccc(C(N)=S)c(=O)[nH]1,train
FM00194,N#Cc1c2c3cc(Cl)ccc3oc(N)c-2c(=O)[nH]c1=O,train
FM00211,Cc1onc(-c2c(F)cccc2Cl)c1C(=O)ON=C1C2CC3CC(C2)CC1C3,train
GK00173,CC(=O)CSC(=O)c1c(-c2c(Cl)cccc2Cl)noc1C,test
GK00188,CC(CSC(=O)c1c(-c2c(F)cccc2Cl)noc1C)=NO,train
GK00191,CC(=O)CSC(=O)c1c(-c2c(F)cccc2Cl)noc1C,train
GK00369,Cc1cc(=O)[nH]c2nn(C)cc12,train
GK00372,COCc1cc(=O)[nH]c2nn(C)cc12,train
GK00806,Cn1cc(C(=O)ON=C(N)c2ccc(C(C)(C)C)cc2)c(C(F)(F)F)n1,train
GK00844,CCCc1nn(C)cc1C(=O)ON=C(N)c1ccc(C(F)(F)F)cc1,train
GK01235,Cn1ccc(N2C(=O)c3ccccc3C2=O)n1,train
GK01524,O=C(Sc1ccccn1)c1cnn(-c2ccccc2)c1C(F)(F)F,train
GK01539,CCCc1c(C(=O)ON=C(N)c2ccc(C(C)(C)C)cc2)cnn1-c1ccccc1,train
GK01643,Cn1ncc2c(=O)[nH]cnc21,train
GK01781,CSc1ccccc1NC(=O)c1cnc(N)nc1C(F)(F)F,test_scaffolds
GK02183,CCCc1nn(C)cc1C(=O)NCC(=O)OCC,train
GK03123,Cn1nccc1N1C(=O)c2ccccc2C1=O,train
GK03335,Cn1nccc1NC(=O)c1ccccc1,train
GK03342,Cn1nccc1NC(=O)c1ccc(F)cc1,train
GK03555,CCOC(=O)c1cnn(-c2ncnc3c2cnn3C)c1C(F)(F)F,train
GK03594,Cc1onc(-c2c(Cl)cccc2Cl)c1C(=O)Nc1ccccc1,train
GK03734,CCCc1c(C(=O)OCC)cnn1-c1ncc(C(=O)OC)c(C(F)(F)F)n1,train
GK03738,CCOC(=O)c1cnn(-c2ncc(C(=O)OC)c(C(F)(F)F)n2)c1C(F)(F)F,train
GK03746,COC(=O)c1cnc(-n2ncc(C#N)c2N)nc1C(F)(F)F,train
HAN00327,Cc1noc(C)c1C(=O)ON=C(N)Cn1ccc(C(F)(F)F)n1,train
HAN00328,NC(Cn1ccc(C(F)(F)F)n1)=NOC(=O)c1cccc(C(F)(F)F)c1,train
HC00057,CCOC(=O)c1cc2c(=O)[nH]ccc2nc1C(F)(F)F,train
HTS00081,Cc1onc(-c2ccccc2Cl)c1C(=O)NCc1nc(-c2ccc(C(F)(F)F)cc2)no1,train
HTS00204,Cc1onc(-c2ccccc2)c1C(=O)N1CCC(O)(c2ccc(Cl)cc2)CC1,train
HTS00206,COc1ccc(C(=O)N2CCC(O)(c3ccc(Cl)cc3)CC2)cc1OC,train
HTS00388,O=C(c1ccc2c(c1)CCO2)N1CCN(C(=O)c2ccc3c(c2)CCO3)CC1,train
HTS00447,O=c1c2c([nH]c3ccccc13)CCCC2,train
HTS00514,Cc1onc(-c2c(Cl)cccc2Cl)c1C(=O)NCCc1csc2ccccc12,train
HTS00649,Cc1onc(-c2ccccc2Cl)c1C(=O)N1CCN(C(c2ccccc2)c2ccccc2)CC1,test_scaffolds
HTS00725,OC(CN1CCN(c2ccc(C(F)(F)F)cn2)CC1)c1ccccc1,train
HTS01199,O=C(CN1CCN(c2ccc(C(F)(F)F)cn2)CC1)c1cc2ccccc2o1,train
HTS01248,Cc1nc(C(F)(F)F)ccc1C(=O)Nc1oc(-c2ccccc2)cc1C#N,train
HTS01317,Cc1onc(-c2c(Cl)cccc2Cl)c1C(=O)Nc1ccncc1,train
HTS01367,CC(C)(C)c1cc(C(=O)N2CCN(c3ccc(C(F)(F)F)cn3)CC2)n(Cc2ccc(F)cc2)n1,test
HTS01385,CCCCCc1ccc(C(O)CN2CCN(c3ccc(C(F)(F)F)cn3)CC2)cc1,test
HTS01393,OC(CN1CCN(c2ccc(C(F)(F)F)cn2)CC1)c1ccc(F)cc1,train
HTS01525,NNC(=O)c1nn(-c2ccccc2)c(=O)c2c(N)scc12,train
HTS01627,Cn1nc(C(F)(F)F)c(-c2cccc(C(F)(F)F)c2)c1NC(=O)c1ccccc1,train
HTS01628,Cn1nc(C(F)(F)F)c(-c2ccc(F)cc2)c1NC(=O)c1ccccc1,train
HTS01643,Cn1nc(C(F)(F)F)c(-c2ccc(Br)cc2)c1NC(=O)c1cccnc1,train
HTS01645,Cn1nc(C(F)(F)F)c(-c2cccc(C(F)(F)F)c2)c1NC(=O)c1cccnc1,train
HTS01646,Cn1nc(C(F)(F)F)c(-c2ccc(F)cc2)c1NC(=O)c1cccnc1,train
HTS01706,CCNC(=O)c1c(-c2ccccc2)noc1C,train
HTS01795,O=C(Nc1cccnc1)c1cc(-c2ccccc2)oc1C(F)(F)F,train
HTS01796,O=C(Nc1ccncc1)c1cc(-c2ccccc2)oc1C(F)(F)F,train
HTS02023,Cc1onc(-c2ccccc2Cl)c1C(=O)NCC1CCN(C(=O)OC(C)(C)C)CC1,train
HTS02316,Cc1onc(-c2c(Cl)cccc2Cl)c1C(=O)NCc1cc(F)cc2c1OCOC2,train
HTS02317,O=C(NCc1cc(F)cc2c1OCOC2)c1cc(-c2ccc(Cl)cc2)oc1C(F)(F)F,train
HTS02319,Cc1onc(-c2c(Cl)cccc2Cl)c1C(=O)NCc1ccccn1,test_scaffolds
HTS02320,Cc1onc(-c2c(Cl)cccc2Cl)c1C(=O)NCc1cccnc1,train
HTS02321,Cc1onc(-c2c(Cl)cccc2Cl)c1C(=O)NCc1ccncc1,train
HTS02380,Cc1ccc(Oc2ncccc2NC(=O)CN2CCC(NC(=O)c3ccccc3)CC2)c2c1CCC2,train
HTS02384,Cc1onc(-c2c(Cl)cccc2Cl)c1C(=O)N1CCC(NC(=O)c2ccccc2)CC1,train
HTS02389,O=C(CCn1nc(-c2ccc(F)cc2)ccc1=O)NCc1ccccc1,test_scaffolds
HTS02394,O=C(NC1CCN(C(=O)c2cc(-c3ccc(Cl)cc3)oc2C(F)(F)F)CC1)c1ccccc1,train
HTS02483,Cc1onc(-c2c(F)cccc2Cl)c1C(=O)NCCN1CCNC1=O,train
HTS02628,Cc1c(C(=O)NC2Cc3ccccc3C2)cnn1-c1ccc(F)cc1,train
HTS02707,CC(=O)Nc1cccc(OCCCNC(=O)c2c(-c3c(F)cccc3Cl)noc2C)c1,train
HTS02737,Cc1onc(-c2ccccc2)c1C(=O)Nc1ccc(C(F)(F)F)cc1Cl,train
HTS03005,Cn1cc(Br)c(-c2cccc(N3C(=O)CC(C)(C)CC3=O)c2)n1,test_scaffolds
HTS03006,Cn1cc(Br)c(-c2cccc(N3C(=O)CCCC3=O)c2)n1,test_scaffolds
HTS03019,O=C(c1ccc2c(c1)CCO2)N1CCN(C(c2ccccc2)c2ccccc2)CC1,test_scaffolds
HTS03234,Cc1nnsc1C(=O)NCc1cc(F)cc2c1OCOC2,train
HTS03235,Cc1noc(C)c1C(=O)NCc1cc(F)cc2c1OCOC2,train
HTS03339,O=C(Nc1cccc2ccccc12)OCCn1ncc2ccccc2c1=O,train
HTS03351,Cc1nc(C(F)(F)F)ccc1C(=O)Nc1cccnc1N1CCOCC1,train
HTS03520,CCCc1c(C(=O)NC2Cc3ccccc3C2)cnn1-c1ccccc1,train
HTS03540,CCCc1c(C(=O)Nc2ccc(C(C)C)cc2)cnn1-c1ccccc1,train
HTS03608,COC(=O)c1cnc(N2CCCN(C(=O)c3cc(C(C)(C)C)nn3C)CC2)nc1C(F)(F)F,train
HTS03786,CCCc1c(C(=O)N2CCN(c3ccc(C(F)(F)F)cn3)CC2)cnn1-c1ccccc1,train
HTS03792,CCCc1c(C(=O)NCc2ccncc2)cnn1-c1ccccc1,train
HTS04108,Cn1nc(C(F)(F)F)c(-c2ccccc2)c1NC(=O)c1ccccc1,train
HTS04109,Cn1nc(C(F)(F)F)c(-c2ccccc2)c1NC(=O)c1ccc(F)cc1,train
HTS04225,Cc1onc(-c2ccccc2)c1C(=O)NCc1csc2ccc(Cl)cc12,train
HTS04292,Cc1ccsc1CNC(=O)c1c(-c2ccccc2)noc1C,train
HTS04332,Cc1cc(C(=O)N2CCN(c3ccc(C(F)(F)F)cn3)CC2)c(C)o1,train
HTS04381,Cc1nc(C(F)(F)F)ccc1C(=O)Nc1ccccc1-c1ccccc1,train
HTS04524,Cc1ccc(Cc2cc(-c3ccc(C)cc3)n[nH]c2=O)cc1,train
HTS04527,Cc1ccc(-c2cc(Cc3ccccc3)c(=O)[nH]n2)cc1,test
HTS04642,O=C(NCc1c(Cl)cccc1Oc1ccccc1)c1ccc(OC(F)(F)F)cc1,train
HTS04643,O=C(NCc1c(Cl)cccc1Oc1ccccc1)c1ccccc1,train
HTS04644,O=C(NCc1c(Cl)cccc1Oc1ccccc1)c1ccc2c(c1)OCC2,train
HTS04774,Cn1nc(C(F)(F)F)c(-c2ccccc2)c1NC(=O)c1cccnc1,train
HTS04877,Cc1oc(C(C)(C)C)cc1C(=O)N1CCC(O)(c2ccc(Cl)cc2)CC1,test_scaffolds
HTS05174,Cc1onc(-c2c(F)cccc2Cl)c1C(=O)N1CCN(CCN2CCOCC2)CC1,train
HTS05266,O=C(NCc1c(Cl)cccc1Sc1ccc(Cl)cc1)c1ccc2c(c1)CCO2,train
HTS05270,Cc1onc(-c2ccccc2)c1C(=O)NCc1c(Cl)cccc1Sc1ccc(Cl)cc1,train
HTS05484,Cc1nc(C(F)(F)F)ccc1C(=O)Nc1ccc2ccccc2n1,train
HTS05572,Cc1cccc2nc(-c3cccnc3Oc3ccccc3)oc(=O)c12,train
HTS05574,Cc1cccc2nc(-c3ccccc3)oc(=O)c12,train
HTS05575,Cc1cccc2nc(-c3ccco3)oc(=O)c12,train
HTS05609,O=C(NC1CCCc2ccccc21)C1=Cc2cc(Cl)ccc2OC1,train
HTS05760,Cc1c(C(=O)NCc2ccncc2)cnn1-c1ccc(F)cc1,train
HTS06065,Cc1onc(-c2ccccc2)c1C(=O)N1CCN(c2ccc(F)cc2)CC1,test_scaffolds
HTS06279,CCCc1c(C(=O)Nc2ccc3ccccc3n2)cnn1-c1ccccc1,train
HTS06387,Cc1cc(C(=O)N(CCC#N)Cc2cccs2)no1,train
HTS06669,CCOC(=O)C1CCN(C(=O)c2c(-c3ccccc3)noc2C)CC1,train
HTS06670,CCOC(=O)C1CCN(C(=O)c2c(-c3c(F)cccc3Cl)noc2C)CC1,train
HTS06683,CCOC(=O)C1CCN(C(=O)c2cncc(-c3cccs3)c2)CC1,train
HTS06803,Cc1cc(C)c2cc(C(=O)NCCNc3ccc(C(F)(F)F)cn3)[nH]c2c1,train
HTS06806,CCOC(=O)C1CCN(C(=O)c2cc3c(C)cc(C)cc3[nH]2)CC1,train
HTS06807,Cc1cc(C)c2cc(C(=O)N3CCN(c4ncccc4C(F)(F)F)CC3)[nH]c2c1,train
HTS06810,CCOc1ccccc1N1CCN(C(=O)c2cc3c(C)cc(C)cc3[nH]2)CC1,test
HTS06831,Cc1onc(-c2c(Cl)cccc2Cl)c1C(=O)N1CCN(CC(=O)N(C)c2ccccc2)CC1,train
HTS06835,CCCCN1Cc2c(n(CC(=O)OCC)c3cc(-c4ccccc4)nn3c2=O)C1=O,train
HTS06867,COc1ccc(C(=O)c2coc3c2cc(O)c2ccccc23)cc1,train
HTS06998,Cc1nc(C(F)(F)F)ccc1C(=O)N1CCC2(CC1)OCCO2,test
HTS07068,Cc1nc(C(F)(F)F)ccc1C(=O)Nc1ccccc1N1CCOCC1,train
HTS07070,Cc1onc(-c2c(F)cccc2Cl)c1C(=O)Nc1ccccc1N1CCOCC1,train
HTS07090,CCOC(=O)C1CCN(C(=O)c2cccnc2Oc2ccccc2)CC1,train
HTS07146,Cc1onc(-c2ccccc2)c1C(=O)N1CCN(c2ccccn2)CC1,test_scaffolds
HTS07197,Cc1onc(-c2c(F)cccc2Cl)c1C(=O)N(Cc1ccccc1)C(C)C,test
HTS07228,COC(=O)c1nccnc1C(=O)Nc1ccccc1N1CCOCC1,train
HTS07332,O=C(COc1ncnc2cc(Cl)ccc12)c1ccc(F)cc1,train
HTS07335,Cc1ccc(C(=O)COc2ncnc3cc(Cl)ccc23)cc1,train
HTS07336,O=C(COc1ncnc2cc(Cl)ccc12)c1ccccc1,train
HTS07339,N#Cc1ccc(C(=O)COc2ncnc3cc(Cl)ccc23)cc1,train
HTS07742,CCCCN1Cc2c(n(CC(=O)c3ccc(C#N)cc3)c3cc(-c4ccccc4)nn3c2=O)C1=O,train
HTS07801,Cc1cc(C)c2cc(C(=O)N3CCC(Cc4ccccc4)CC3)[nH]c2c1,train
HTS07807,Cc1cc(C)c2cc(C(=O)NCCSCc3ccco3)[nH]c2c1,train
HTS07810,Cc1cc(C)c2cc(C(=O)N(Cc3ccccc3)Cc3ccccn3)[nH]c2c1,test_scaffolds
HTS07815,O=C(c1ccc(-n2cccn2)cc1)N1CCN(c2ncccc2C(F)(F)F)CC1,test
HTS07816,O=C(NCc1ccncc1)c1ccc(-n2cccn2)cc1,train
HTS07916,Cc1onc(-c2c(F)cccc2Cl)c1C(=O)N(C)C1CCCCC1,train
HTS07941,Cc1onc(-c2ccccc2)c1C(=O)N1CCN(C2c3ccccc3-c3ccccc32)CC1,train
HTS07944,O=C(c1cc(F)cc2c1OCOC2)N1CCN(C2c3ccccc3-c3ccccc32)CC1,test_scaffolds
HTS07946,CN(CCc1ccccn1)C(=O)c1cccnc1Oc1ccccc1,test_scaffolds
HTS07948,CN(CCc1ccccn1)C(=O)c1cccnc1Oc1ccc(Cl)cc1,test_scaffolds
HTS08011,O=C(c1nnc(-c2ccccc2)o1)N1CCN(c2ccc(C(F)(F)F)cn2)CC1,test
HTS08215,Cc1onc(-c2ccccc2)c1C(=O)NCCNC(=O)c1c(-c2ccccc2)noc1C,train
HTS08254,Cc1cc(C(=O)N2CCN(C3c4ccccc4-c4ccccc43)CC2)no1,train
HTS08261,Cc1onc(-c2c(F)cccc2Cl)c1C(=O)N1CCN(C2c3ccccc3-c3ccccc32)CC1,train
HTS08380,Cc1onc(-c2ccccc2)c1C(=O)N1CCN(C)CC1,train
HTS08384,Cc1onc(-c2ccccc2)c1C(=O)N1CCCN(C(=O)c2c(-c3ccccc3)noc2C)CC1,train
HTS08399,O=C(Nc1ccc(Oc2cccc(C(F)(F)F)c2)nc1)c1ccc2c(c1)CCO2,train
HTS08462,O=c1[nH]ccc2c1c(=O)[nH]c1ccccc12,train
HTS08467,O=C(c1ccc(Cl)cc1)c1coc2c1cc(O)c1ccccc12,train
HTS08483,CCOC(=O)c1nn(-c2ccccc2)c(=O)c2c(N)c(C#N)ccc12,train
HTS08485,CCOC(=O)c1nn(-c2ccccc2)c(=O)c2c(N)c(C#N)c(-c3ccccc3)cc12,train
HTS08498,CC(C)(C)c1ccc(Oc2ccc(NC(=O)c3ccc(C(F)(F)F)cc3)cn2)cc1,train
HTS08499,CC(C)(C)c1ccc(Oc2ccc(NC(=O)c3ccccc3)cn2)cc1,train
HTS08500,Cc1ccccc1C(=O)Nc1ccc(Oc2ccc(C(C)(C)C)cc2)nc1,train
HTS08503,Cc1cc(C(=O)Nc2ccc(Oc3ccc(C(C)(C)C)cc3)nc2)c(C)o1,test
HTS08504,Cc1ccc(C(=O)Nc2ccc(Oc3ccc(C(C)(C)C)cc3)nc2)cc1,train
HTS08505,CC(C)(C)c1ccc(Oc2ccc(NC(=O)c3ccc4c(c3)CCO4)cn2)cc1,train
HTS08829,Cc1onc(-c2ccccc2)c1C(=O)N(Cc1ccccc1)C(C)C,train
HTS08904,Cc1noc(C)c1C(=O)N1CCCCC1c1ccccn1,train
HTS09043,Cc1cc(-c2ccccc2)[nH]c(=O)c1C#N,train
HTS09051,N#Cc1c(-c2cccs2)c2c([nH]c1=O)CCCC2,train
HTS09077,Cc1nn(-c2ccccc2)c2[nH]c(=O)c(C#N)c(-c3cccnc3)c12,train
HTS09189,Cc1onc(-c2ccccc2)c1C(=O)N(C)CCc1ccccn1,train
HTS09270,OCc1cncn1Cc1ccccc1,test
HTS09273,Cc1cnn2c3c(cnc12)C(=O)c1ccccc1-3,train
HTS09275,O=C1c2ccccc2-c2c1cnc1c(-c3ccccc3)cnn21,train
HTS09504,Cc1ccc(Oc2ncccc2NC(=O)c2ccco2)c2c1CCC2,test
HTS09505,Cc1ccc(Oc2ncccc2NC(=O)c2ccc(C(F)(F)F)nc2C)c2c1CCC2,train
HTS09531,Cc1onc(-c2c(Cl)cccc2Cl)c1C(=O)n1ccc(-c2cccs2)n1,train
HTS09533,Cc1cccc2c1N(C(=O)c1c(-c3ccccc3)noc1C)CCC2,train
HTS09572,O=C(NCCN1CCNC1=O)c1ccc2nccnc2c1,train
HTS09584,O=C(NCCc1ccccn1)c1ccc2nccnc2c1,train
HTS09674,Cc1oc(-c2ccccc2)cc1C(=O)NCc1ccncc1,train
HTS09750,Cn1nc(-c2ccccc2)cc1NC(=O)c1ccccc1,train
HTS09760,c1ccc2c(-c3nnc(-c4ccc5nccnc5c4)o3)cccc2c1,train
HTS09777,CCOC(=O)c1cnn(C(=O)c2cccc3ccccc23)c1N,test
HTS09826,Cc1cc(-c2ccccc2C(=O)NC2CCCCC2)on1,train
HTS09875,N#CC1=C(N)Oc2c(c(=O)oc3ccccc23)C1c1cccnc1,test
HTS09878,Cc1nc2c(c(=O)[nH]1)C(c1ccccc1Cl)c1c(c3ccccc3oc1=O)O2,train
HTS09883,CCOC(=O)Cn1cnc2c(cnn2-c2ccccc2)c1=O,test_scaffolds
HTS09915,Cc1nn(-c2ccccc2)c2nc(N)c(C(N)=O)cc12,train
HTS09917,CCOC(=O)Cn1cnc2c(oc3nc(-c4ccccc4)cc(-c4ccccc4)c32)c1=O,test
HTS09965,Cc1nc2c(c(=O)[nH]1)C(c1ccc(Cl)cc1)c1c(c3ccccc3oc1=O)O2,train
HTS10173,Cc1onc(-c2ccccc2)c1C(=O)N1CCCc2ccccc21,train
HTS10183,O=C(c1ccc2nccnc2c1)N1CCCc2ccccc21,train
HTS10198,Cc1onc(-c2c(F)cccc2Cl)c1C(=O)NC(CN1CCOCC1)c1ccccc1,test
HTS10306,N#Cc1c(-c2cccs2)cc(-c2ccccc2)[nH]c1=O,train
HTS10378,Cc1ccc(-c2ccc3c4ccccc4c(C(=O)C(F)(F)F)c-3o2)cc1,train
HTS10390,CCc1ccc(C(=O)c2cnc3ccccc3c2-c2ccccc2)cc1,train
HTS10584,Cc1ccc2cc(NC(=O)c3cc(-c4ccccc4)oc3C)ccc2n1,train
HTS10843,Cc1ccc(C(=O)N2CCCN(c3ccc(C(F)(F)F)cn3)CC2)cc1C,train
HTS10845,Cc1onc(-c2c(F)cccc2Cl)c1C(=O)N1CCCN(c2ccc(C(F)(F)F)cn2)CC1,train
HTS10909,Cc1ccc2cc(NC(=O)C3CC(=O)N(CCc4ccc(Cl)cc4)C3)ccc2n1,train
HTS11015,Cc1ccc2cc(NC(=O)C3CC(=O)N(Cc4ccco4)C3)ccc2n1,train
HTS11258,CCOC(=O)N1CCC(NC(=O)c2nccnc2C(=O)Nc2ccc(C)cc2)CC1,train
HTS11350,Cc1ccc2cc(NC(=O)c3ccc(C(F)(F)F)nc3C)ccc2n1,train
HTS11371,Cc1nnsc1C(=O)N1CCC(O)(c2ccc(Cl)cc2)CC1,train
HTS11374,O=C(c1cc(F)cc2c1OCOC2)N1CCC(O)(c2ccc(Cl)cc2)CC1,train
HTS11474,CCCCNC(=O)c1cc(OCc2ccccc2Cl)cc(OCc2ccccc2Cl)c1,train
HTS11499,COc1ccc(-c2cc(-c3cccnc3)c(C#N)c(=O)[nH]2)cc1,train
HTS11941,Cc1ccc(-c2nn(-c3ccccc3)cc2C(c2c(N)[nH]c(=S)[nH]c2=O)c2c(N)[nH]c(=S)[nH]c2=O)cc1,train
HTS12114,O=c1c2oc3nc(-c4ccccc4)cc(-c4ccco4)c3c2ncn1N=Cc1ccc2c(c1)OCO2,train
HTS12392,N#Cc1c(-c2cccs2)cc(-c2cccs2)[nH]c1=O,train
HTS12448,CC(=O)c1oc2nc3c(c(-c4ccco4)c2c1N)CCc1ccccc1-3,test_scaffolds
HTS12473,CCOC(=O)c1cnn2c(=O)c3c([nH]c12)CCCC3,train
HTS12477,O=C(Oc1c(-c2ccccc2)c(=O)n2c3c(cccc13)CC2)c1ccccc1,test_scaffolds
HTS12568,CC(=O)c1oc2nc3c(c(-c4ccc(Cl)cc4)c2c1N)CCc1ccccc1-3,train
HTS12569,N#Cc1c(-c2cccnc2)c2c([nH]c1=O)-c1ccccc1SC2,train
HTS12571,N#Cc1c(-c2ccc(F)cc2)c2c([nH]c1=O)-c1ccccc1OC2,train
HTS12573,N#Cc1c(-c2ccc(Cl)cc2)c2c([nH]c1=O)-c1ccccc1OC2,test
HTS12577,N#Cc1c(-c2ccco2)c2c([nH]c1=O)-c1ccccc1OC2,test_scaffolds
HTS12578,N#Cc1c(-c2cccnc2)c2c([nH]c1=O)-c1ccccc1OC2,train
HTS12580,N#Cc1c(-c2ccccc2Cl)c2c([nH]c1=O)-c1ccccc1OC2,test
HTS12585,CCOC(=O)c1cnn2c(=O)c3c([nH]c12)CCC3,train
HTS12590,O=C(Oc1c(-c2ccccc2)c(=O)n2c3c(cccc13)CC2)c1ccc(F)cc1,test_scaffolds
HTS12592,O=C(Oc1c(-c2ccccc2)c(=O)n2c3c(cccc13)CC2)c1ccc(Cl)cc1,test_scaffolds
HTS12593,CC(=O)Oc1c(-c2ccccc2)c(=O)n2c3c(cccc13)CC2,train
HTS12679,CCOC(=O)COc1nc2c(c(-c3ccco3)c1C#N)CCc1ccccc1-2,test_scaffolds
HTS12680,CC(=O)COc1nc2c(c(-c3ccco3)c1C#N)CCc1ccccc1-2,test_scaffolds
HTS12681,N#Cc1c(-c2ccc(F)cc2)c2c([nH]c1=O)-c1ccccc1CC2,train
HTS12682,N#Cc1c(-c2ccccc2Cl)c2c([nH]c1=O)-c1ccccc1CC2,train
HTS12683,N#Cc1c(-c2cccs2)c2c([nH]c1=O)-c1ccccc1CC2,test
HTS12684,N#Cc1c(-c2ccc(Cl)cc2)c2c([nH]c1=O)-c1ccccc1CC2,train
HTS12685,COc1ccc(-c2c3c([nH]c(=O)c2C#N)-c2ccccc2CC3)cc1,train
HTS12686,N#Cc1c(-c2cccnc2)c2c([nH]c1=O)-c1ccccc1CC2,train
HTS12687,N#Cc1c(-c2ccco2)c2c([nH]c1=O)-c1ccccc1CC2,train
HTS12688,N#Cc1c(-c2ccccc2)c2c([nH]c1=O)-c1ccccc1CC2,test
HTS12695,O=C(Oc1cc(=O)oc2c1c(=O)n1c3c(cccc23)CC1)c1ccco1,train
HTS12697,O=C(Oc1cc(=O)oc2c1c(=O)n1c3c(cccc23)CC1)c1ccc(Cl)cc1,train
HTS12855,CCOC(=O)c1cnn(-c2ncnc3c2cnn3-c2ccccc2)c1N,train
HTS13313,Cc1cc(C)c2c3c(oc2n1)C(=O)N(c1ccc(Cl)cc1)CC(=O)N3,train
HTS13314,Cc1cc(C)c2c3c(oc2n1)C(=O)N(c1cccc(Cl)c1)CC(=O)N3,train
HTS13328,N#Cc1c(-c2cccs2)cc(-c2ccc(F)cc2)[nH]c1=O,train
HTS13329,Cc1ccc(-c2cc(-c3cccs3)c(C#N)c(=O)[nH]2)cc1,train
HTS13393,Cc1cc(-c2ccccc2)nc2oc3c(c12)NC(=O)CN(c1ccc(Cl)cc1)C3=O,test
HTS13394,Cc1cc(-c2ccccc2)nc2oc3c(c12)NC(=O)CN(c1cccc(Cl)c1)C3=O,train
HTS13474,N#Cc1c(-c2cccnc2)cc2c(c1N)c(=O)oc1ccccc12,test
HTS13722,CCCc1ccc(C(=O)Nc2ccc3nsnc3c2)cc1,train
HTS13726,O=C(Nc1ccc2nsnc2c1)c1cccc2c1OCC2,test_scaffolds
HTS13819,Cc1ccc2cc(NC(=O)c3cccc4nsnc34)ccc2n1,train
HTS13831,O=C(NCc1ccc(-c2cccs2)cc1)c1cccc2nsnc12,train
HTS13840,O=C(NCc1ccc2sccc2c1)c1cccc2nsnc12,train
HTS13864,O=C(NCCc1cccc2c1OCC2)c1cccc2nsnc12,train
HTS13871,O=C(NCCc1ccc(Cl)cc1)c1cccc2nsnc12,train
HTS13873,O=C(NCc1ccccc1Cl)c1cccc2nsnc12,train
HTS13886,O=C(c1cccc2nsnc12)N1CCN(c2ccc(Cl)cc2)CC1,train
HTS13888,O=C(c1cccc2nsnc12)N1CCN(c2cccc(Cl)c2)CC1,train
HTS13895,Cc1onc(-c2ccccc2)c1CN(C)C(=O)c1cccc2nsnc12,train
HTS13900,CN(Cc1cc(-c2ccccc2)on1)C(=O)c1cccc2nsnc12,train
HTS13903,CN(Cc1ccnc(N2CCOCC2)c1)C(=O)c1cccc2nsnc12,train
HTS13904,CN(Cc1ccc(-c2cncnc2)cc1)C(=O)c1cccc2nsnc12,train
HTS13905,CN(Cc1ccc(-c2ccsc2)cc1)C(=O)c1cccc2nsnc12,train
HTS13908,O=C(c1cccc2nsnc12)N1CCN(c2ccccc2Cl)CC1,train
HTS13918,O=C(Nc1cccc(-c2cncnc2)c1)c1cccc2c1OCCO2,train
HTS13919,O=C(c1cccc2c1OCCO2)N1CCN(c2ncccn2)CC1,train
JFD00047,COc1ccc2c(c1C)OC(C)(C)CNC2=O,train
JFD00243,c1ccc2c(c1)N=c1c(c3c(c4ccccc14)=Nc1cc4c(cc1O3)Oc1c3c(c5ccccc5c1=N4)=Nc1ccccc1S3)S2,train
JFD00271,CN(C)C=C(C(=O)c1ccc(C(F)(F)F)cc1)c1nnnn1-c1ccccc1,test_scaffolds
JFD00498,N#CCCn1c2c(ccc1=O)CCCC2,train
JFD00601,Cc1ccc(-n2nnnc2-c2c[nH]c3ccccc3c2=O)cc1,train
JFD00602,O=c1c(-c2nnnn2-c2ccccc2)c[nH]c2ccccc12,train
JFD00603,Cc1ccc(C(=O)C(=CN(C)C)c2nnnn2-c2ccccc2)cc1,test_scaffolds
JFD00605,CN(C)C=C(C(=O)c1cccc(C(F)(F)F)c1)c1nnnn1-c1ccccc1,test_scaffolds
JFD00822,O=c1cc(-c2ccccc2)[nH]c2ccccc12,train
JFD00841,Cc1ccc2nc3c(cc2c1)c(=O)n(C)c(=O)n3C,train
JFD00844,Cn1c(=O)c2c3nc4ccccc4cc3c(=O)n(C)c2n(C)c1=O,train
JFD00850,Cc1ccc2cc3c(=O)n(C)c(=O)n(C)c3nc2c1,train
JFD01363,Clc1ccc2noc(-c3ccccc3)c2c1,train
JFD01617,Cn1c2c(c3ccccc31)C(=NOC(=O)c1ccc(C(C)(C)C)cc1)CCC2,train
JFD01625,Cn1c2c(c3ccccc31)C(=NOC(=O)c1cccc3ccccc13)CCC2,test_scaffolds
JFD01669,COc1ccc(CCNC(=O)c2c(-c3c(F)cccc3Cl)noc2C)cc1,train
JFD01864,COc1ccc(CCNC(=O)c2ccc(Cl)cc2Cl)cc1OC,train
JFD02226,CCOC(=O)C(NCc1ccccn1)(NC(=O)c1cccnc1)C(F)(F)F,train
JFD02475,O=c1c2c(N3CCCCC3)cc(N3CCCCC3)nc2n(-c2ccccc2)c(=O)n1-c1ccccc1,train
JFD02768,c1ccc(-c2oc(-c3ccccc3)c3ccccc23)cc1,test_scaffolds
JFD03288,CC1=C(C#N)C(c2ccc(-c3ccccc3C(F)(F)F)o2)C2=C(O)CC(C)(C)C=C2N1,train
JFD03329,Cc1onc(-c2ccccc2Cl)c1C(=O)Nc1ccc(Cl)cc1,train
JFD03661,O=C1c2cccc3c(N4CCOCC4)ccc(c23)C(=O)N1c1ccccc1,train
JFD03796,Cc1onc(N=Cc2ccc(Cl)cc2)c1-c1ccccc1,train
JFD03991,CCCCC1(Cc2ccccc2)C(=O)c2cccc3c4ccccc4n(c23)C1=O,test_scaffolds
JFD03993,N#Cc1c(-c2ccccc2)cc(-c2ccccc2)[nH]c1=O,test
JM00055,Cc1ccc(-c2cncnc2NC(=O)c2ccccc2)cc1,train
JM00146,Cc1ccc(Nc2cc(=O)[nH]n2C)cc1Cl,test
JM00482,Cc1c(Cl)c(=O)[nH]c2c(Cl)cccc12,train
JM00483,Cc1c(Cl)c(=O)[nH]c2ccccc12,train
KM00085,Cc1cc2[nH]c(C)cc(=O)n2n1,test
KM00095,Cc1cc2[nH]c(-c3ccccc3)cc(=O)n2n1,train
KM00253,Cc1nc2ccccc2c2c1C(=O)NC2=O,test
KM00293,Cc1cc(=O)[nH]c2c1c(C)nn2C,train
KM00300,Cc1cc(=O)[nH]c2c1c(C)nn2C(C)(C)C,test
KM00319,Cc1cc(=O)n2nc(C(C)(C)C)cc2[nH]1,train
KM00321,CC(C)(C)c1cc2[nH]c(-c3ccccc3)cc(=O)n2n1,train
KM00347,Cc1cc(=O)n2nc(-c3ccc(C(C)(C)C)cc3)cc2[nH]1,train
KM00474,CCOC(=O)c1cnc2c(c(C3CC3)nn2C)c1N1CCCCC1,train
KM00476,CCOC(=O)c1cnc2c(c(C3CC3)nn2C)c1N1CCOCC1,train
KM00727,COCc1cc(=O)n2nc(-c3ccccc3)cc2[nH]1,train
KM00736,COCc1cc(=O)n2nc(C(C)(C)C)cc2[nH]1,train
KM00739,COCc1cc(=O)n2nc(C)cc2[nH]1,train
KM00747,Cc1cc(=O)n2nc(C3CC3)cc2[nH]1,train
KM00753,Cc1cc(C)n2ncc(C(N)=NOC(=O)c3ccccc3Cl)c2n1,train
KM00793,Cc1cc(C)n2ncc(C(N)=NOC(=O)c3ccccc3F)c2n1,train
KM00834,COCc1cc(=O)[nH]c2c1c(C)nn2C,train
KM01147,Cc1cc(=O)[nH]c2c1c(-c1ccccc1)nn2C,train
KM01148,COCc1cc(=O)[nH]c2c1c(-c1ccccc1)nn2C,train
KM01484,CS(=O)(=O)c1noc(-c2ccc(Cl)cc2)c1C#N,train
KM01494,CCOC(=O)c1cnc2cc(C)nn2c1C,train
KM01656,CCOC(=O)CNC(=O)c1nnc2cc(C)nn2c1C,train
KM01667,CCOC(=O)c1cnc2cc(-c3ccccc3)nn2c1C,train
KM01788,CC(=O)c1cnc2cc(C3CC3)nn2c1C,train
KM01797,CC(=O)c1cnc2cc(C)nn2c1C,train
KM01798,CC(=O)c1cnc2cc(-c3ccccc3)nn2c1C,train
KM01818,Cc1cc2ncc(C(=O)C=CN(C)C)c(C)n2n1,train
KM01958,Cc1cc(C)c2ccc(NC(=O)c3ccc(C(F)(F)F)cc3)nc2n1,train
KM02044,Cn1cc(Br)c(-c2cccc(NC(=O)c3ccccc3Cl)c2)n1,train
KM02360,CCOC(=O)c1cnc2c(c(C)nn2C)c1Oc1ccc(OC)cc1,train
KM02366,CCOC(=O)c1cnc2c(c(C)nn2C)c1Oc1ccc(F)cc1,train
KM02520,CS(=O)c1noc(-c2ccc(Cl)cc2)c1C#N,train
KM02809,Cc1onc(-c2c(F)cccc2Cl)c1C(=O)N=S(C)(=O)c1ccc(Cl)cc1,train
KM02810,Cc1onc(-c2ccccc2Cl)c1C(=O)N=S(C)(=O)c1ccc(Cl)cc1,train
KM02827,Cc1onc(-c2c(Cl)cccc2Cl)c1C(=O)N=S(C)(=O)c1ccccc1,train
KM02864,COC(=O)c1cnc2c(c(C)nn2C)c1OC,test
KM02979,CCCS(=O)(=O)c1cscc1NC(=O)c1c(-c2ccccc2Cl)noc1C,train
KM02984,Cc1nn(C)c2ncc(C(=O)Nc3ccc(Cl)cc3)c(SC(C)C)c12,test_scaffolds
KM02986,Cc1nn(C)c2ncc(C(=O)Nc3ccc(F)c(Cl)c3)c(SC(C)C)c12,test_scaffolds
KM03041,Cc1onc(-c2c(Cl)cccc2Cl)c1NC(=O)N=S(C)(=O)c1ccccc1,train
KM03042,Cc1onc(-c2c(Cl)cccc2Cl)c1NC(=O)N=S(C)(=O)c1ccc(Cl)cc1,train
KM03247,Cc1onc(-c2c(Cl)cccc2Cl)c1C(=O)N=S(C)(C)=O,train
KM03261,Cc1onc(-c2ccccc2Cl)c1C(=O)N=S(C)(C)=O,train
KM03262,Cc1onc(-c2c(F)cccc2Cl)c1C(=O)N=S(C)(C)=O,train
KM03366,Cc1cc(=O)c2ccc(N)nc2[nH]1,train
KM03432,Cc1cc2nnc(C(=O)C=CN(C)C)c(C)n2n1,train
KM03961,Cc1onc(-c2c(F)cccc2Cl)c1C(=O)NC1CCSC1=O,train
KM04844,Cc1cc2ncc(-c3ccnc(SCC(=O)c4ccccc4)n3)c(C)n2n1,train
KM05103,CCOC(=O)c1cnc2c(c(C)nn2C)c1Oc1ccccc1F,train
KM05171,COC(=O)C1=C(Nc2cccc(-c3nn(C)cc3Br)c2)CSC1,train
KM05396,CSc1sc(C(=O)NC(=O)Nc2ccc(Cl)cc2)c2c1-c1oncc1CC2,test_scaffolds
KM05644,CC1(C)CCc2cc(-c3ccn(C(=O)c4ccc(Cl)cc4)n3)ccc2O1,train
KM05656,CNC(=O)c1cnn2c(C(F)(F)F)cc(C(F)(F)F)nc12,train
KM05734,CCOC(C)=NOC(=O)c1c(-c2c(F)cccc2Cl)noc1C,train
KM05735,CCOC(C)=NOC(=O)c1c(-c2c(Cl)cccc2Cl)noc1C,test
KM05855,CC1(C)CCc2cc(-c3ccnc(SCC(=O)c4ccccc4)n3)ccc2O1,train
KM05856,CC1(C)CCc2cc(-c3ccnc(SCC(=O)c4ccc(Cl)cc4)n3)ccc2O1,train
KM06139,COc1ccc(C(=O)N=S2CCN(C(=O)c3ccc(Cl)cc3)CC2)cc1,test
KM06152,CC(C)CNC(=O)c1cnn2c(C(F)(F)F)cc(C(F)(F)F)nc12,train
KM06224,CC(C)(C)c1cc2[nH]c(-c3cc(C(F)(F)F)cc(C(F)(F)F)c3)cc(=O)n2n1,train
KM06233,Cc1onc(-c2c(Cl)cccc2Cl)c1C(=O)N=S1CCC2(C1)OCCO2,train
KM06541,Cc1onc(-c2c(Cl)cccc2Cl)c1C(=O)Nc1cccc2nsnc12,test
KM06544,Cc1onc(-c2ccccc2Cl)c1C(=O)Nc1cccc2nsnc12,test
KM06767,Cc1nn(C)c2ncc(C(N)=O)c(Oc3cccc(C(F)(F)F)c3)c12,train
KM06777,Cc1nn(C)c2ncc(C(N)=O)c(Oc3cccnc3)c12,train
KM06926,CCOC(=O)Cc1nn(Cc2ccc(Br)cc2F)c(=O)c2ccccc12,train
KM07011,O=C(c1ccc2c(c1)CCO2)N1CCOCC1,train
KM07016,CNC(=O)c1ccc2c(c1)CCO2,train
KM07020,CC(C)(C)NC(=O)c1ccc2c(c1)CCO2,train
KM07074,CN(C(=O)c1ccc2c(c1)CCO2)C(C)(C)C,train
KM07112,Cc1[nH]c(=O)c(C)c(O)c1C,train
KM07115,O=C(NCC1COc2ccccc2O1)c1ccc(Cl)cc1,test
KM07366,Cn1c(S)nnc1Cc1nn(C)c(=O)c2ccccc12,train
KM08233,NC(=O)c1c2ccccc2nc2ccccc12,test_scaffolds
KM08316,COc1cc(C(F)(F)F)nc2ccc(C)c(NC(=O)c3ccc(Cl)cc3)c12,train
KM08361,CCOC(=O)c1cncc(C#CCOC(=O)c2c(-c3ccccc3)noc2C)c1,train
KM08418,Cc1onc(-c2c(Cl)cccc2Cl)c1C(=O)N=S(C)(=O)c1ccc(C(F)(F)F)cn1,train
KM08906,Cc1nn(C)c2ncc3c(=O)n(Cc4ccccc4Cl)n(C)c3c12,train
KM08912,Cc1nn(C)c2ncc3c(=O)n(Cc4ccc(Cl)cc4)n(C)c3c12,train
KM08913,Cc1ccc(C)c(Cn2c(=O)c3cnc4c(c(C)nn4C)c3n2C)c1,train
KM08914,Cc1nn(C)c2ncc3c(=O)n(Cc4ccccc4)n(C)c3c12,test
KM08963,CSc1nc2c(Cl)cccc2c2c1c(=O)n(Cc1ccccc1)n2C,train
KM08964,CSc1nc2c(Cl)cccc2c2c1c(=O)n(Cc1ccc(Cl)cc1)n2C,train
KM08965,CSc1nc2c(Cl)cccc2c2c1c(=O)n(Cc1ccccc1Cl)n2C,train
KM08998,CCOC(=O)Cn1c(=O)c2cnc3c(c(C)nn3C)c2n1C,test
KM09121,CC(C)c1ccc(NC(=O)c2c(-c3ccccc3)nnc3ccccc23)cc1,train
KM09132,CC(C)(C)c1cc2nc(C(F)(F)F)cc(N3CCN(C(=O)c4ccc(Cl)cc4)CC3)n2n1,train
KM09148,CC(C)(C)c1cc2nc(C(F)(F)F)cc(N3CCN(C(=O)c4ccccc4)CC3)n2n1,train
KM09149,CC(C)(C)c1cc2nc(C(F)(F)F)cc(N3CCN(C(=O)c4ccc(C(F)(F)F)cc4)CC3)n2n1,train
KM09393,FC(F)(F)c1cc(-c2ccncc2)nc2cc(-c3ccco3)nn12,train
KM09482,CCOC(=O)c1cnc2c(c(C)nn2C)c1N1CCC(n2cccc2)CC1,train
KM09487,CCOC(=O)Cc1cc(=O)n2nc(C)cc2[nH]1,train
KM09502,CCOC(=O)Cc1cc(=O)n2nc(C(C)(C)C)cc2[nH]1,train
KM09907,CCOC(=O)c1cnc2c(c(C)nn2C)c1N1CCC(C(=O)OCC)CC1,train
KM09966,Cc1cc(Nc2cc(C(F)(F)F)nc3c(Cl)cccc23)on1,train
KM10123,COc1ccc(NC(=O)c2ccc3ncccc3c2)cc1,train
KM10135,O=C(c1ccc2ncccc2c1)N1CCN(c2ccccc2)CC1,train
KM10150,O=C(c1ccc2ncccc2c1)N1CCOCC1,test
KM10348,FC(F)(F)c1cc(-c2ccc3c(c2)OCO3)nc2cc(-c3ccco3)nn12,train
KM10412,COc1ccc(-c2cc(C(F)(F)F)n3nc(-c4ccco4)cc3n2)cc1OC,train
KM10487,Cc1onc(-c2ccccc2Cl)c1C(=O)NC1Cc2ccccc2C1,test_scaffolds
KM10691,CCOC(=O)c1ccc2nc(C(F)(F)F)cc(N3CCOCC3)c2c1,train
KM11005,Cc1cc(C)c2cc(C(=O)Nc3cccc(C)n3)[nH]c2c1,train
KM11016,CCc1ccc2[nH]c(C(=O)NCCN3CCOCC3)cc2c1,train
KM11033,CCCCNC(=O)c1cc2c(C)cc(C)cc2[nH]1,train
KM11035,COCC(C)NC(=O)c1cc2c(C)cc(C)cc2[nH]1,train
KM11046,Cc1cc(C)c2cc(C(=O)Nc3ccc(Br)c(C)n3)[nH]c2c1,train
MB00248,COc1ccc(CCNC(=O)c2cccc(Cl)c2)cc1OC,train
MB00249,COc1ccc(CCNC(=O)c2ccc(Cl)cc2)cc1OC,train
MB00250,COc1ccc(CCNC(=O)c2ccc(Cl)c(Cl)c2)cc1OC,train
MBE00137,Cc1onc(-c2c(Cl)cccc2Cl)c1C(=O)NC(=O)c1ccc(-c2ccc(Cl)cc2)s1,train
MBE00211,Cc1onc(-c2c(Cl)cccc2Cl)c1C(=O)ON=C1SC(=S)N(C)NC1c1ccccc1,train
MWP01167,N#Cc1c(OCC(F)(F)F)ccc(C(N)=O)c1OCC(F)(F)F,train
NH00131,O=c1c2ccccc2c(-c2cc(C(F)(F)F)cc(C(F)(F)F)c2)nn1CCO,train
NH00132,Cn1nc(-c2cc(C(F)(F)F)cc(C(F)(F)F)c2)c2ccccc2c1=O,test
NRB00165,Cc1cccc(-c2nc3cc(Cl)ccc3c(=O)o2)c1,train
NRB00188,Cc1cc(C)c2nc(-c3ccc(C(F)(F)F)cc3)oc(=O)c2c1,test
NRB00192,Cc1cc(C)c2nc(-c3ccc(C(C)(C)C)cc3)oc(=O)c2c1,train
NRB00456,Cc1cc(C)c2c(n1)CC(C)(C)CC2=O,train
NRB00684,O=c1[nH]c2ccccc2c2ccccc12,train
NRB00906,Cc1cc(=O)c2cccc(C)c2[nH]1,train
NRB02376,O=c1c2ccccc2[nH]c2ccccc12,train
NRB03063,CCc1c(NCc2ccccc2)c2cccc3c2n(c1=O)CCC3,train
NRB03510,c1ccc(-c2ccc3c4ccccc4cc-3o2)cc1,train
NRB03911,Cc1cc(-c2ccccc2)oc2cc3ccccc3c1-2,train
NRB03943,Cc1ccc2nc3c(cc2c1)c(=O)oc1ccccc13,test_scaffolds
NRB03953,CCOC(=O)c1cc(=O)n(C)c2c1c(=O)oc1ccccc12,train
NRB04059,O=c1ccc2ccccc2n1Nc1ccc(Br)cc1,train
NRB04784,CCCCc1c(O)c2ccc(C)cc2n(CC)c1=O,train
NRB05103,CC(=O)c1c(O)c2cccc3c4ccccc4n(c1=O)c23,train
P00086,N#Cc1ccc(-c2c(C#N)c(N)n(N)c(=O)c2C#N)cc1,train
PD00061,COC(=O)c1cc(=O)n2c(c1C(=O)c1ccc(Cl)cc1)SCC2,train
PD00088,CC(=O)n1c(-c2ccc(C)cc2)cc(-c2ccc(C)cc2)c(C#N)c1=O,train
PD00091,COc1ccc(-c2cc(-c3ccc(C)cc3)[nH]c(=O)c2C#N)cc1,train
PD00570,CC(C)c1ccc(-n2ncc3ccccc3c2=O)cc1,train
PD00582,O=c1c2ccccc2cnn1-c1cc(Cl)ccc1Cl,test
PD00622,Cn1c(=O)c2c(-c3ccc(F)cc3)cc(-c3cccc(F)c3)nc2n(C)c1=O,train
PD00692,CCOC(=O)CN(C(=O)c1c(-c2ccccc2Cl)noc1C)c1ccc(F)cc1,train
PD00840,CCOC(=O)N1CCN(C(=O)c2c(-c3ccccc3Cl)noc2C)CC1,train
PHG00154,O=c1c2cccc3cccc(c32)c2nc3ccccc3n12,train
PHG00951,O=C1c2cccc3cccc(c23)C(=O)N1CCc1ccccn1,train
PHG01040,O=C1c2cccc3c(Sc4ccccc4)ccc(c23)C(=O)N1CCc1ccccn1,train
PHG01042,O=C1c2cccc3c(SCCO)ccc(c23)C(=O)N1CCc1ccccn1,train
PHG01044,CCCSc1ccc2c3c(cccc13)C(=O)N(CCc1ccccn1)C2=O,train
RB00242,O=c1c2ccccc2nnn1-c1ccc(Br)cc1,test
RDR01030,CCOC(=O)c1oc2cc(C)cc(C)c2c1C,train
RDR03399,Cc1ccc(C(=O)Nc2nc(-c3ccccc3)cc(-c3ccccc3)c2C#N)cc1,train
RDR03685,Cc1onc(-c2c(Cl)cccc2Cl)c1C1=NCCO1,train
RDR03686,Cc1onc(-c2ccccc2Cl)c1C1=NCCO1,train
RDR03687,Cc1onc(-c2c(F)cccc2Cl)c1C1=NCCO1,train
RF00040,Cc1onc(-c2c(Cl)cccc2Cl)c1C(=O)NC(C)(C)CC(C)(C)C,train
RF00371,Cc1onc(-c2c(Cl)cccc2Cl)c1C=NO,test
RF00556,Cc1onc(-c2c(Cl)cccc2Cl)c1C(=O)NN1CCCCC1,train
RF00557,Cc1onc(-c2c(Cl)cccc2Cl)c1C(=O)NN1CCCCCC1,test
RF00573,Cc1onc(-c2c(Cl)cccc2Cl)c1C=NOC(=O)c1ccccc1,train
RF00619,Cc1onc(-c2c(Cl)cccc2Cl)c1CO,train
RF00698,Cc1onc(-c2c(F)cccc2Cl)c1C(=O)N(C)C(=O)N(C)C(=O)c1c(-c2c(F)cccc2Cl)noc1C,train
RF00723,Cc1onc(-c2c(Cl)cccc2Cl)c1C#N,train
RF00732,Cc1onc(-c2c(F)cccc2Cl)c1C(N)=O,train
RF00744,Cc1onc(-c2c(F)cccc2Cl)c1C#N,train
RF00747,Cc1onc(-c2c(F)cccc2Cl)c1C(N)=S,train
RF00748,Cc1onc(-c2c(Cl)cccc2Cl)c1C(N)=S,train
RF00760,Cc1onc(-c2c(F)cccc2Cl)c1C(N)=NO,train
RF00797,Cc1onc(-c2c(F)cccc2Cl)c1C(N)=NOC(=O)c1ccc(C(C)(C)C)cc1,train
RF00799,Cc1onc(-c2c(F)cccc2Cl)c1C(N)=NOC(=O)c1c(-c2c(Cl)cccc2Cl)noc1C,train
RF00806,CCCNC(=O)ON=C(N)c1c(-c2c(Cl)cccc2Cl)noc1C,train
RF00807,Cc1onc(-c2c(Cl)cccc2Cl)c1C(N)=NOC(=O)N(C)C,train
RF00816,Cc1[nH]c(=O)c(C#N)c(C)c1Cl,train
RF00856,Cc1onc(-c2c(Cl)cccc2Cl)c1C(=O)ON=C(C#N)c1ccccc1,train
RF00885,Cc1onc(-c2ccccc2Cl)c1C(=O)ON=CC(=O)c1ccccc1,train
RF00930,Cc1onc(-c2c(Cl)cccc2Cl)c1NC(=O)NN1CCCCC1,train
RF01182,CC(=NOC(=O)Nc1c(-c2c(Cl)cccc2Cl)noc1C)C(C)(C)C,train
RF01314,Cc1onc(-c2c(Cl)cccc2Cl)c1NC(=O)ON=Cc1ccc(F)cc1,train
RF01315,Cc1onc(-c2c(Cl)cccc2Cl)c1NC(=O)ON=Cc1c(F)cccc1Cl,train
RF01316,Cc1onc(-c2c(Cl)cccc2Cl)c1NC(=O)ON=Cc1ccc(N(C)C)cc1,train
RF01317,Cc1onc(-c2c(Cl)cccc2Cl)c1NC(=O)ON=Cc1ccccc1,test
RF01320,Cc1onc(-c2c(Cl)cccc2Cl)c1NC(=O)ON=Cc1ccccn1,test_scaffolds
RF01324,Cc1onc(-c2c(Cl)cccc2Cl)c1NC(=O)ON=Cc1cccnc1,train
RF01327,CNC(=O)Oc1noc2ccc(Cl)cc12,test_scaffolds
RF01328,CCCNC(=O)Oc1noc2ccc(Cl)cc12,test_scaffolds
RF01334,CC(C)NC(=O)Oc1noc2cc(Cl)ccc12,test_scaffolds
RF01335,CC(C)NC(=O)Oc1noc2ccc(Cl)cc12,test_scaffolds
RF01339,CCN(CC)OC(=O)Nc1c(-c2c(Cl)cccc2Cl)noc1C,train
RF01340,CCN(CC)OC(=O)c1c(-c2c(Cl)cccc2Cl)noc1C,train
RF01342,Cc1ccc2onc(OC(=O)NC(C)C)c2c1,test_scaffolds
RF01377,Cc1onc(-c2c(Cl)cccc2Cl)c1C(N)=NOC(=O)C1CC1,train
RF01378,Cc1onc(-c2c(Cl)cccc2Cl)c1C(N)=NOC(=O)C(C)(C)C,train
RF01381,Cc1cc(C)c2c(=O)c(C#N)coc2c1,test_scaffolds
RF01511,Cc1onc(-c2c(Cl)cccc2Cl)c1N,train
RF01704,Nc1n[nH]c(=O)c2cc(-c3ccc(Cl)cc3)[nH]c(=O)c12,test_scaffolds
RF01757,Cc1[nH]ccc(=O)c1OCc1ccc(Cl)cc1Cl,train
RF01765,Cc1onc(-c2c(Cl)cccc2Cl)c1C(=O)ON=C(N)Cc1ccc(C(C)(C)C)cc1,train
RF01770,Cc1onc(-c2c(Cl)cccc2Cl)c1NC(=O)ON=C(N)Cc1ccc(C(C)(C)C)cc1,train
RF01787,Cc1[nH]ccc(=O)c1OCc1ccc(Cl)cc1,train
RF01801,OCc1cc(-c2ccc(Cl)c(Cl)c2)no1,train
RF01870,CC(=O)Nc1cccc(-c2cc(-c3c(Cl)cccc3Cl)no2)c1,train
RF01891,Cc1onc(-c2c(Cl)cccc2Cl)c1C=NOC(=O)Nc1cccc(Cl)c1,test_scaffolds
RF01981,CC(C)(C)C(=O)Nc1cccc(-c2cc(-c3c(Cl)cccc3Cl)no2)c1,train
RF01983,CNC(=O)Nc1cccc(-c2cc(-c3c(Cl)cccc3Cl)no2)c1,train
RF01994,CC(=O)Nc1cccc(-c2cc(-c3ccc(Cl)cc3Cl)no2)c1,train
RF02041,COC(=O)c1onc(-c2c(Cl)cccc2Cl)c1C(=O)OC,train
RF02254,COC(=O)c1c(-c2c(Cl)cccc2Cl)noc1NC(=O)NN1CCCCC1,test
RF02255,COC(=O)c1c(-c2c(Cl)cccc2Cl)noc1NC(=O)NN1CCOCC1,train
RF02258,COC(=O)c1c(-c2c(Cl)cccc2Cl)noc1NC(=O)NCc1ccccn1,test
RF02261,CCCCNC(=O)Nc1onc(-c2c(Cl)cccc2Cl)c1C(=O)OC,train
RF04382,COc1cc(C(F)(F)F)c(C(=O)Nc2c(C)cccc2C)cn1,train
RF04406,CCc1cccc(CC)c1N(C)C(=O)c1cnccc1C(F)(F)F,train
RF04407,CCc1cccc(CC)c1N(CC)C(=O)c1cnccc1C(F)(F)F,test
RF04409,Cc1cccc(N(C)C(=O)c2cnccc2C(F)(F)F)c1C,train
RF04410,CCN(C(=O)c1cnccc1C(F)(F)F)c1cccc(C)c1C,train
RF04439,Cc1cccc(C)c1NC(=O)c1cnc(NC2CCCCC2)cc1C(F)(F)F,train
RF04460,COc1ccc(CNC(=O)c2cnc(OC)cc2C(F)(F)F)c(OC)c1,train
RF04464,COc1ccc(OC)c(CNC(=O)c2cnc(OC)cc2C(F)(F)F)c1,train
RF04465,COc1cc(C(F)(F)F)c(C(=O)NCc2c(OC)cccc2OC)cn1,train
RF04478,COc1ccc(CN(C)C(=O)c2cnc(OC)cc2C(F)(F)F)c(OC)c1,train
RF04480,CCN(Cc1ccc(OC)cc1OC)C(=O)c1cnc(OC)cc1C(F)(F)F,train
RF04611,CCN(C(=O)c1c(C(F)(F)F)ccnc1OC)c1c(C)cccc1C,train
RF04613,CCOc1nccc(C(F)(F)F)c1C(=O)N(CC)c1c(C)cccc1C,train
RF04614,CCN(C(=O)c1c(C(F)(F)F)ccnc1NC)c1c(C)cccc1C,train
RF05408,CCOc1cc(C(F)(F)F)c(C(=O)N(C)Cc2c(OC)cccc2OC)cn1,train
RF05409,COc1cccc(OC)c1CN(C)C(=O)c1cnc(OC(C)C)cc1C(F)(F)F,train
RF05412,COc1cccc(OC)c1CN(C)C(=O)c1cnc(OCC(F)(F)F)cc1C(F)(F)F,train
RF05415,COc1cccc(OC)c1CN(C)C(=O)c1cnc(Oc2ccccc2)cc1C(F)(F)F,train
RF05416,COc1cccc(OC)c1CN(C)C(=O)c1cnc(OCc2ccccc2)cc1C(F)(F)F,train
RH00079,CCOC(=O)c1cnn2c1nc(N1CCOCC1)c1ccccc12,train
RH00080,CCOC(=O)c1cnn2c1nc(N1CC(C)CC(C)C1)c1ccccc12,train
RH00308,Cc1cc(C)n(NC(=S)NC2CCCCC2)c(=O)c1C#N,train
RH00314,Cc1cc(C)n(NC(=S)NC2CCCCCC2)c(=O)c1C#N,train
RH00317,Cc1cc(C)n(NC(=S)NC2CCCC2)c(=O)c1C#N,train
RH00318,Cc1cc(C)n(NC(=S)NC2CC3C=CC2C3)c(=O)c1C#N,train
RH00319,Cc1cc(C)n(NC(=S)NCc2cccs2)c(=O)c1C#N,train
RH00411,CCOC(=O)c1cc(=O)c2ccc(OC(=O)c3cccnc3Oc3ccccc3)cc2o1,train
RH00452,Cc1c(OCc2ccc(Cl)c(Cl)c2)ccc(C(=O)C=CN(C)C)c1O,test
RH00455,CC(=O)N1CCc2ccc(NC(=O)c3c(-c4c(Cl)cccc4Cl)noc3C)cc21,train
RH00526,CCCCc1ccc(NC(=O)c2c(-c3ccccc3)noc2C)c(C)c1,train
RH00528,CCCCc1ccc(NC(=O)c2c(-c3c(Cl)cccc3Cl)noc2C)c(C)c1,train
RH00694,Cc1cc2c3c(c1)c(OCc1c(Cl)cccc1Cl)c(-c1ccccc1)c(=O)n3CCC2,train
RH00696,Cc1ccc(C)c(COc2c(-c3ccccc3)c(=O)n3c4c(cc(C)cc24)CCC3)c1,test
RH00698,Cc1ccc(COc2c(-c3ccccc3)c(=O)n3c4c(cc(C)cc24)CCC3)cc1,train
RH00703,Cc1cc2c3c(c1)c(OC(=O)c1c(F)cccc1Cl)c(-c1ccccc1)c(=O)n3CCC2,train
RH00708,Cc1cc(C)c(C(=O)Oc2c(-c3ccccc3)c(=O)n3c4c(cc(C)cc24)CCC3)c(C)c1,train
RH00713,CCCCn1c(=O)c(C)c(C)c2ccccc21,train
RH00725,CCCCc1cc(C)c2[nH]c(=O)cc(C)c2c1,train
RH01103,CCOC(=O)c1c(C)n(C2CC2)c2ccc(OC)cc12,test
RH01134,O=c1[nH]c2ccc(Cl)cc2c(-c2ccccc2)c1N1CCOCC1,train
RH01150,COc1ccc2c(c1)c(C(=O)ON1C(=O)CCC1=O)c(C)n2C1CC1,train
RH01155,Cc1cc(=O)c2c(ccc3cn[nH]c32)[nH]1,test
RH01162,N#Cc1c(N)n(Cc2ccccc2)c(=O)c2cccnc12,train
RH01202,O=C1CCCc2c1c1ccccc1n2Cc1ccccc1,test
RH01453,C=CCNC(=O)COc1ccc2c(c1C)OC(C)(C)CC2=O,train
RH01500,COc1ccccc1C1CCN(C(=O)c2ccc(F)cc2)CC1,train
RH01501,COc1ccccc1C1CCN(C(=O)c2ccccc2Cl)CC1,train
RH01519,COc1ccccc1C1CCN(C(=O)c2c(-c3c(Cl)cccc3Cl)noc2C)CC1,train
RH01520,COc1ccccc1C1CCN(C(=O)c2ccccc2C(F)(F)F)CC1,train
RH01555,O=C1CCCc2nc3c(cc21)C(=O)CCC3,train
RH01625,COc1cccc(C2CCN(C(=O)c3cccc4ccccc34)CC2)c1,train
RH01740,CCOC(=O)c1c[nH]c2c(C)ccc(C)c2c1=O,train
RH01798,Cc1ccc(C)c2c(=O)cc[nH]c12,train
RH01908,COc1ccc(Oc2ncccc2NC(=O)c2cccc(C)c2C)cc1,train
RH01913,O=C1Oc2ccc(Br)cc2CC1C(=O)N1CCCCC1,train
RH02137,N#Cc1c(-c2ccccc2)cc(-c2ccccc2)n(N)c1=O,train
RH02164,C=CCc1c(C)[nH]c(=O)c(C#N)c1C,test
RH02186,N#Cc1c(C(F)(F)F)cc(-c2ccccc2)n(N)c1=O,train
RH02204,Cc1c(C(=O)c2ccccc2)oc2ccc3ccccc3c12,train
RH02208,N#Cc1c(C(F)(F)F)cc(-c2cccs2)n(N)c1=O,train
RH02210,COc1ccc(C(=O)c2oc3ccc4ccccc4c3c2C)cc1,train
RJC00125,COc1cccc(C=C2Cc3ccccc3C2=O)c1,train
RJC00144,O=C1C(=Cc2ccncc2)COc2ccccc21,train
RJC00535,Cc1cc(C)c2c(=O)[nH]n(C)c2n1,train
RJC00602,CC(=O)OCC1OC(n2cnc3c(N)ncnc32)C2OC(C)(C)OC12,train
RJC01043,Cc1ccc2oc3nc(N)c(C#N)cc3c(=O)c2c1,train
RJC01059,CC(C)c1ccc2oc3nc(N)c(C#N)cc3c(=O)c2c1,train
RJC01064,Cc1cc(C)c2oc3nc(N)c(C#N)cc3c(=O)c2c1,train
RJC01066,CCc1ccc2oc3nc(N)c(C#N)cc3c(=O)c2c1,train
RJC02066,Cc1ccc2cc3c(=O)n(C)c4c(c(=O)n(C)c(=O)n4C)c3nc2c1,test
RJC02069,Cc1ccc(C(=O)c2ccccc2)c(N=CCc2nnnn2-c2ccccc2)c1,train
RJC02094,Cn1c(=O)c2cc3cc(F)ccc3nc2c2c(=O)n(-c3ccccc3)c(=O)n(-c3ccccc3)c21,train
RJC02293,N#Cc1c(=O)c2ccccc2n2ccccc12,test_scaffolds
RJC02766,O=c1[nH]cnc2c1cnn2-c1ccccc1,test_scaffolds
RJC02767,CCc1nc2c(cnn2-c2ccccc2)c(=O)[nH]1,test_scaffolds
RJC02829,COn1c(C)c(C(C)=O)c2c3nonc3ccc21,train
RJC03104,CCc1ccc2cc3c(=O)n(C)c4c(c(=O)n(C)c(=O)n4C)c3nc2c1,train
RJC03115,Nc1c(Cc2ccccc2)c(=O)[nH]c2ccccc12,train
RJC03121,O=c1c(Cc2ccccc2)c(NCc2ccccc2)c2ccccc2n1-c1ccccc1,test
RJC03275,Cn1c(=O)c2cc3c(=O)n(C)c(=O)c3cc2c1=O,train
RJC03387,O=c1cc(NCc2ccccc2)[nH]nc1-c1ccccc1,train
RJC03390,Cc1c(O)c2cc(Cl)cc(Cl)c2[nH]c1=O,train
RJC03656,CCc1ccc2nc3c(cc2c1)c(=O)n(C)c(=O)n3C,train
RJC03665,C#Cc1ccc2cc3c(=O)n(C)c(=O)n(C)c3nc2c1,train
RJC03669,Cn1c(=O)c2cc3cc(-c4ccccc4)ccc3nc2n(C)c1=O,test
RJC03685,Cn1c(=O)c(-c2ccccc2)c(C#N)c2ccccc21,train
RJC03689,O=C1c2ccccc2-c2[nH]c3ccccc3c21,train
RJC03984,Cc1nn(-c2ccccc2)c2c1c(=O)n(C)c1ccccc21,test_scaffolds
RJF00057,Cc1onc(-c2c(Cl)cccc2Cl)c1C(=O)Nc1ccc2c(C(F)(F)F)cc(=O)oc2c1,test_scaffolds
RJF00110,Cc1nc(N2CCOCC2)[nH]c(=O)c1Cc1c(F)cccc1Cl,train
S02187,Cc1onc(-c2ccccc2Cl)c1-c1nc2ccccc2c(=O)o1,train
S03288,COc1ccc(CCn2c(=O)c3cc4c(=O)n(CCc5ccc(OC)c(OC)c5)c(=O)c4cc3c2=O)cc1OC,test_scaffolds
S03329,Cc1onc(-c2ccccc2Cl)c1C(=O)Nc1ccc(C(C)C)cc1,train
S03358,Cc1cc(F)ccc1NC(=O)c1c(-c2ccccc2Cl)noc1C,train
S04139,Cc1onc(-c2c(Cl)cccc2Cl)c1-c1nc2cc(Cl)ccc2c(=O)o1,train
S04145,Cc1onc(-c2ccccc2)c1-c1nc2ccccc2c(=O)o1,test
S04147,Cc1onc(-c2ccccc2)c1-c1nc2cc(Cl)ccc2c(=O)o1,train
S06275,Cc1onc(-c2ccccc2Cl)c1C(=O)N1C=Cc2ccccc2C1C#N,test
S06335,Cc1ccc(Sc2ccccc2NC(=O)c2c(-c3c(Cl)cccc3Cl)noc2C)cc1,test_scaffolds
S06421,Cc1ccc(C=C2N=C(c3c(-c4c(Cl)cccc4Cl)noc3C)OC2=O)cc1,train
S06609,N#Cc1c(-c2cccs2)cc(-c2ccc(Br)cc2)[nH]c1=O,train
S06614,N#Cc1c(-c2ccc(Cl)c(Cl)c2)cc(-c2ccccc2)[nH]c1=O,train
S06649,N#Cc1c(-c2ccc(Cl)c(Cl)c2)cc(-c2ccc(Cl)cc2)[nH]c1=O,train
S06666,N#Cc1c(-c2ccccc2)cc(-c2ccc(Br)cc2)[nH]c1=O,train
S06672,N#Cc1c(-c2ccccc2)cc(-c2ccc(F)cc2)[nH]c1=O,train
S06677,COc1ccc(-c2cc(-c3ccccc3)c(C#N)c(=O)[nH]2)cc1,train
S06683,N#Cc1c(-c2ccccc2)cc(-c2ccc(-c3ccccc3)cc2)[nH]c1=O,train
S06721,CC(C)(C)c1ccc(-c2nc3ccccc3c(=O)o2)cc1,train
S06917,Cc1onc(-c2ccccc2)c1C(=O)N1CCN(C(=O)c2c(-c3ccccc3)noc2C)CC1,train
S07032,Cc1onc(-c2ccccc2Cl)c1C(=O)NC(C)(C)CO,train
S07544,COc1ccc(-c2cc(-c3ccccc3)[nH]c(=O)c2C#N)cc1,train
S07944,Cc1onc(-c2c(Cl)cccc2Cl)c1C(=O)Nc1ccc(C(C)(C)C)cc1,train
S08245,Cc1ccc2nc(-c3ccccc3F)oc(=O)c2c1,test
S08678,Cc1ccc2nc(-c3cc4ccccc4o3)oc(=O)c2c1,test
S08685,Cc1ccc2nc(C=Cc3ccco3)oc(=O)c2c1,train
S09010,COc1ccc(-c2nc3ccccc3c(=O)o2)cc1,test
S10260,Cc1onc(-c2ccccc2)c1C(=O)NCCc1cccs1,train
S11577,Cc1onc(-c2c(Cl)cccc2Cl)c1C(=O)NCc1csc2ccccc12,train
S12307,Cc1oc2ccccc2c2nn(C)c(=O)c1-2,train
S12324,CCOC(=O)c1ccc(N2C(=O)c3ccncc3C2=O)cc1,train
S12618,COc1ccc(Cl)cc1N1C(=O)c2cccnc2C1=O,train
S12705,COc1cc(OC)cc(-c2cc(-c3ccc(Cl)cc3)[nH]c(=O)c2C#N)c1,train
S12845,Cn1cc(-c2ccccc2C(N)=O)c(=O)c2ccccc21,test
S12911,COc1cc(C=C2CCc3ccccc3C2=O)cc(OC)c1,train
S13244,COc1ccc2c(c1)CCC(=Cc1ccc(C(F)(F)F)cc1)C2=O,train
S13246,COc1ccc2c(c1)CCC(=Cc1ccc(C)o1)C2=O,test_scaffolds
S14048,COc1ccc2cc(C(C)C(=O)NCc3ccccc3)ccc2c1,train
S14418,COc1ccc(-c2cc(-c3ccccc3)c(-c3ccccc3)o2)cc1,train
S14468,CC(C)Cc1ccc(-c2cc(-c3ccc(C(F)(F)F)cc3)c(C#N)c(=O)[nH]2)cc1,train
S14471,CC(C)Cc1ccc(-c2cc(-c3ccc(Cl)cc3)c(C#N)c(=O)[nH]2)cc1,train
S15103,COc1cccc(-c2c3c([nH]c(=O)c2C#N)CCc2cc(OC)ccc2-3)c1,test_scaffolds
S15135,COc1ccc2c(c1)CCC(=Cc1ccc(C(C)(C)C)cc1)C2=O,train
S15136,C=CCOc1ccc(C=C2CCc3cc(OC)ccc3C2=O)cc1,train
S15329,COc1ccc2c(c1)CCC(=Cc1ccc(C)cc1)C2=O,train
SCR00021,Cc1onc(-c2ccccc2)c1CNC(=O)C1CCCCC1,test_scaffolds
SCR00022,Cc1onc(-c2ccccc2)c1CNC(=O)C1CC1,train
SCR00027,Cc1onc(-c2ccccc2)c1CNC(=O)c1c(-c2ccccc2)noc1C,train
SCR00036,Cc1cc(C(=O)NCc2c(-c3ccccc3)noc2C)no1,train
SCR00043,Cc1onc(-c2ccccc2)c1CNC(=O)C1CCC1,test
SCR00044,Cc1onc(-c2ccccc2)c1CNC(=O)c1ccccc1,train
SCR00082,Cc1onc(-c2ccccc2)c1CNC(=O)Nc1cccc(Cl)c1,train
SCR00093,CC(=O)N1CCC(C(=O)NCc2c(-c3ccccc3)noc2C)CC1,train
SCR00501,CC1(C)Cc2cccc(C(=O)Nc3ccncc3)c2O1,train
SCR00504,CC1(C)Cc2cccc(C(=O)NCc3cccnc3)c2O1,train
SCR00525,Cc1ccc2cc(NC(=O)c3cccc4c3OC(C)(C)C4)ccc2n1,train
SCR00526,CC1(C)Cc2cccc(C(=O)N3CCN(C(c4ccccc4)c4ccccc4)CC3)c2O1,train
SCR00527,CC1(C)Cc2cccc(C(=O)N3CCC(C(=O)c4ccc(Cl)cc4)CC3)c2O1,train
SCR00529,CC1(C)Cc2cccc(C(=O)Nc3cccnc3)c2O1,train
SCR00542,O=C(c1cc(F)cc2c1OCOC2)N1CCN(C(c2ccccc2)c2ccccc2)CC1,train
SCR00555,Cc1cc(CNC(=O)c2cc(F)cc3c2OCOC3)no1,train
SCR00627,Cc1onc(-c2ccccc2)c1C(=O)N(Cc1ccccn1)Cc1ccccn1,train
SCR00629,O=C(c1ccc2nsnc2c1)N(Cc1ccccn1)Cc1ccccn1,train
SCR00688,Cc1cc(C(=O)N2CCN(c3ncccn3)CC2)nn1C,train
SCR01059,O=C(c1sc2ccccc2c1Cl)N1CCN(Cc2cccnc2)CC1,train
SCR01082,O=c1cc(-c2ccc(Cl)cc2)cc(-c2ccccc2)[nH]1,train
SCR01348,O=C(c1ccc(N2CCOCC2)nc1)N1CCN(C(c2ccccc2)c2ccccc2)CC1,train
SCR01358,O=C(Nc1ccc(-n2cncn2)cc1)c1ccc(N2CCOCC2)nc1,test_scaffolds
SCR01367,O=C(NCc1ccsc1)c1ccc(N2CCOCC2)nc1,train
SCR01368,O=C(NCc1cc2ccccc2s1)c1ccc(N2CCOCC2)nc1,train
SCR01372,Cc1nn(C)c(C)c1CNC(=O)c1ccc(N2CCOCC2)nc1,train
SCR01373,O=C(NCc1cc(F)cc2c1OCOC2)c1ccc(N2CCOCC2)nc1,train
SCR01376,O=C(NCc1ccc(-c2cccs2)s1)c1ccc(N2CCOCC2)nc1,train
SCR01377,CCOC(=O)c1c(CNC(=O)c2ccc(N3CCOCC3)nc2)c(C)n(C2CC2)c1C,test_scaffolds
SCR01382,CC(C)(Oc1ccc(Cl)cc1)C(=O)N1CCC2(CC1)NC(=O)c1ccccc1O2,train
SCR01384,O=C(NCc1ccc2c(c1)CCO2)C1=Cc2ccccc2OC1,train
SCR01387,O=C(NCc1ccc2c(c1)CCO2)C1CCC1,train
SCR01388,Cc1ccc(C(=O)NCc2ccc3c(c2)CCO3)cc1C,test
SCR01390,COc1ccc(C(=O)NCc2ccc3c(c2)CCO3)cc1,train
SCR01391,COc1ccccc1CC(=O)NCc1ccc2c(c1)CCO2,test_scaffolds
SEW00838,Cc1onc(-c2c(Cl)cccc2Cl)c1NC(=O)Nc1ccc(-c2csnn2)cc1,train
SEW01260,Cc1onc(-c2c(Cl)cccc2Cl)c1C(=O)Nc1cccc(-c2ncon2)c1,train
SEW01817,CN(C)C=C1COc2ccc(Cl)cc2C1=O,train
SEW01853,O=C1CCCc2[nH]c(=O)cc(C(F)(F)F)c21,train
SEW01869,Cc1nn(C(=O)c2ccccc2)cc1-c1nsc(Nc2ccccc2)n1,test
SEW01877,O=S1(=O)Cc2cnoc2-c2cc(Cl)ccc21,train
SEW01903,CCOC(=O)Cn1c2c(c(C(F)(F)F)cc1=O)C(=O)CCC2,train
SEW03283,Cc1onc(-c2c(Cl)cccc2Cl)c1C(=O)ON=C(c1ccc(F)cc1)C1CC1,train
SEW03497,CCOC(=O)c1cc2c(C)nccn2c1,train
SEW04317,Cc1noc(C)c1C(=O)N1CCC(C(=O)c2ccccc2)CC1,test_scaffolds
SEW04323,Cc1onc(-c2c(Cl)cccc2Cl)c1C(=O)N1CCC(C(=O)c2ccccc2)CC1,train
SEW04327,Cc1onc(-c2c(Cl)cccc2Cl)c1C1CC(=O)Nc2ccccc2S1,train
SEW04421,CCOC(=O)c1cc(C)n(N(C)c2cc(C(F)(F)F)ccn2)c1C,test_scaffolds
SEW04469,Cc1onc(-c2c(Cl)cccc2Cl)c1NC(=O)NCC(c1ccc[nH]1)C(F)(F)F,test
SEW04608,N#Cc1c(Cl)cccc1Oc1ccc(-c2nnco2)cc1,train
SEW04661,COC(=O)c1cccn1-c1ccc(F)cc1,test_scaffolds
SEW04685,Cc1onc(-c2c(Cl)cccc2Cl)c1C=C1C(=O)Nc2ccccc21,train
SEW04865,NC(=NOC(=O)c1cccc(C(F)(F)F)c1)c1cc2nccc(-c3cccc(C(F)(F)F)c3)n2n1,train
SEW05332,COc1ccc2cc(C(=O)C=CN(C)C)ccc2c1,train
SEW05477,COc1cc(C(F)(F)F)cc(C(F)(F)F)c1C(=O)N1CCC(C(=O)c2ccc(Cl)cc2)CC1,train
SEW05599,Cc1ccc(C(=O)Nc2ccc(N3CCOCC3)nc2N2CCOCC2)cc1,train
SEW05601,O=C(Nc1ccc(N2CCOCC2)nc1N1CCOCC1)c1cccc(C(F)(F)F)c1,train
SEW05607,COc1ccccc1N1CCN(C(=O)c2c(-c3c(Cl)cccc3Cl)noc2C)CC1,test_scaffolds
SEW05729,CCOC(=O)c1ccc(-n2cccc2)cc1,test_scaffolds
SEW05730,O=c1c(Cl)c(N2CCOCC2)cnn1-c1cnc2ccccc2n1,train
SEW05738,Cc1noc(C)c1C(=O)N1CCC(C(=O)c2ccc(F)cc2F)CC1,test_scaffolds
SEW05782,Clc1ccc(-c2ccno2)c(Cl)c1,train
SEW05827,Cc1noc(C)c1C(=O)Nc1ccc(Cl)cc1,train
SEW05853,Cc1noc(C)c1C(=O)NCc1ccc(Cl)cc1,test
SEW05854,Cc1noc(C)c1C(=O)NCc1c(F)cccc1Cl,train
SEW05911,CC(C)(C)c1ccc(C(=O)N2CCN(c3ncccc3C(F)(F)F)CC2)cc1,test
SEW05929,Cc1onc(-c2c(F)cccc2Cl)c1C(=O)Nc1ccc(Sc2ccccc2)nc1Sc1ccccc1,train
SEW05932,Cc1noc(C)c1C(=O)NCc1cccs1,train
SEW05933,Cc1noc(C)c1C(=O)ON=C(N)c1ccc(Cl)cc1,train
SEW05936,Cc1onc(-c2c(F)cccc2Cl)c1C(=O)N1CCN(c2ncccc2C(F)(F)F)CC1,test_scaffolds
SEW05964,Cc1onc(-c2c(Cl)cccc2Cl)c1C(=O)N1CCN(c2ncccc2C(F)(F)F)CC1,test_scaffolds
SEW05969,Cc1onc(-c2ccccc2Cl)c1C(=O)N1CCN(c2ncccc2C(F)(F)F)CC1,test_scaffolds
SEW05976,Cc1onc(-c2ccccc2)c1C(=O)N1CCN(c2ncccc2C(F)(F)F)CC1,test_scaffolds
SEW05978,Cc1onc(-c2ccccc2)c1C(=O)N1CCN(c2ncc(C(F)(F)F)cc2Cl)CC1,test_scaffolds
SEW06054,COc1ccccc1N1CCN(C(=O)c2c(-c3ccccc3Cl)noc2C)CC1,test_scaffolds
SEW06094,Cc1cccc(C(=O)Nc2ccc(N3CCN(c4ccc(C(F)(F)F)cn4)CC3)nc2)c1,train
SEW06095,COc1ccc(C(=O)Nc2ccc(N3CCN(c4ccc(C(F)(F)F)cn4)CC3)nc2)cc1,test
SEW06153,COc1ccccc1N1CCN(C(=O)Nc2c(-c3c(Cl)cccc3Cl)noc2C)CC1,train
SEW06369,COc1ccc(C(=O)Nc2ccc(N3CCN(c4ncccc4C(F)(F)F)CC3)nc2)cc1,train
SEW06416,Cc1ccc(-n2cccc2)c(NC(=O)c2c(-c3c(Cl)cccc3Cl)noc2C)c1,train
SEW06468,CC(=O)c1ccc(OCc2cccc(C(=O)N3CCN(c4ncccc4C(F)(F)F)CC3)c2)cc1,train
SEW06475,O=C(NCc1c(Cl)cccc1Oc1ccccc1)c1c(F)cccc1F,train
SEW06476,COc1ccc(C(=O)NCc2c(Cl)cccc2Oc2ccccc2)cc1,train
SEW06477,O=C(NCc1c(Cl)cccc1Oc1ccccc1)c1cccc(C(F)(F)F)c1,train
SEW06482,O=C(c1cccc(COc2ccc(Cl)cc2)c1)N1CCN(c2ncccc2C(F)(F)F)CC1,train
SEW06513,Cc1onc(-c2c(Cl)cccc2Cl)c1C(=O)N1CCC(c2nc(-c3ccc(Cl)cc3)no2)CC1,train
SP00197,O=C(NCc1ccc2c(c1)CCO2)c1ccccc1,train
SP00200,O=C(NCc1ccc2c(c1)CCO2)c1ccc(OC(F)(F)F)cc1,train
SP00202,Cc1ccccc1C(=O)NCc1ccc2c(c1)CCO2,test
SP00318,CCOC(=O)c1cc(C(C)(C)C)n(CCCN2CCOCC2)c1C,train
SP00336,CCOC(=O)c1cc(-c2ccccc2)n(CCCN2CCOCC2)c1C,train
SP00375,CCOC(=O)c1cc(-c2ccccc2)n(CCNC(=O)OC(C)(C)C)c1C,test_scaffolds
SP00485,Cc1ccc(NC(=O)c2cc(-c3ccccc3)n(CCCN3CCOCC3)c2C)cc1,train
SP00510,CSCCn1c(-c2ccccc2)cc(C(=O)Nc2ccccc2)c1C,train
SP00550,CSCCn1c(-c2ccccc2)cc(C(=O)NCc2ccco2)c1C,train
SP00576,CSCCn1c(-c2ccccc2)cc(C(=O)N2CCOCC2)c1C,train
SP00688,CSCCn1c(-c2ccccc2)cc(C(=O)Nc2ccc(OC(F)(F)F)cc2)c1C,train
SP00692,Cc1c(C(=O)Nc2cccc(C(F)(F)F)c2)cc(-c2ccccc2)n1CCCN1CCOCC1,train
SP00700,Cc1ccccc1NC(=O)c1cc(-c2ccccc2)n(CCCN2CCOCC2)c1C,train
SP00774,Cc1c(C(=O)NCc2ccco2)cc(-c2ccccc2)n1CCCN1CCOCC1,train
SP00867,Cc1c(C(=O)Nc2ccncc2)cc(-c2ccccc2)n1CCCN1CCOCC1,test
SP00873,CSCCn1c(-c2ccccc2)cc(C(=O)N2CCCCC2)c1C,train
SP00874,CSCCn1c(-c2ccccc2)cc(C(=O)N2CCCC2)c1C,train
SP00907,CSCCn1c(-c2ccccc2)cc(C(=O)Nc2ccc(-c3ccccc3)cc2)c1C,train
SP00908,CSCCn1c(-c2ccccc2)cc(C(=O)Nc2ccc3c(c2)OCCO3)c1C,train
SP00909,CSCCn1c(-c2ccccc2)cc(C(=O)Nc2ccc(C)cc2)c1C,train
SP00912,CSCCn1c(-c2ccccc2)cc(C(=O)Nc2ccccc2C)c1C,train
SP00913,CSCCn1c(-c2ccccc2)cc(C(=O)Nc2cccc(C(F)(F)F)c2)c1C,train
SP00926,Cc1c(C(=O)Nc2ccc(Cl)cc2)cc(-c2ccccc2)n1CCSCc1c(F)cccc1Cl,test
SP00928,CSCCn1c(-c2ccccc2)cc(C(=O)Nc2ccc(Cl)cc2)c1C,train
SP00929,Cc1c(C(=O)Nc2ccccc2)cc(-c2ccccc2)n1CCSCc1c(F)cccc1Cl,train
SP00932,Cc1c(C(=O)N2CCCC2)cc(-c2ccccc2)n1CCSCc1c(F)cccc1Cl,train
SP00935,Cc1c(C(=O)Nc2cccc(C(F)(F)F)c2)cc(-c2ccccc2)n1CCSCc1c(F)cccc1Cl,train
SP00936,Cc1c(C(=O)Nc2ccc(-c3ccccc3)cc2)cc(-c2ccccc2)n1CCSCc1c(F)cccc1Cl,train
SP00937,Cc1ccc(NC(=O)c2cc(-c3ccccc3)n(CCSCc3c(F)cccc3Cl)c2C)cc1,train
SP00938,Cc1ccccc1NC(=O)c1cc(-c2ccccc2)n(CCSCc2c(F)cccc2Cl)c1C,train
SP00940,Cc1c(C(=O)Nc2ccccc2Cl)cc(-c2ccccc2)n1CCSCc1c(F)cccc1Cl,train
SP00944,Cc1c(C(=O)Nc2ccccc2)cc(-c2ccccc2)n1CCCN1CCOCC1,train
SP01050,Cc1oc(-c2ccc(Cl)cc2)cc1C(=O)N1CCC(O)(c2ccc(Cl)cc2)CC1,train
SP01056,O=S(=O)(c1ccc(-c2cc(C(F)(F)F)on2)s1)N1CCC(O)(c2ccc(Cl)cc2)CC1,test_scaffolds
SP01098,Cc1c2c(=O)[nH]ncc2c(-c2ccccc2)n1CCSCc1c(F)cccc1Cl,test_scaffolds
SP01103,Cc1c2c(=O)n(C)ncc2c(-c2ccccc2)n1CCSCc1c(Cl)cccc1Cl,test_scaffolds
SP01178,Cc1oc(-c2ccccc2)cc1C(=O)N1CCN(c2ncccc2C(F)(F)F)CC1,test
SP01179,Cc1oc(-c2ccccc2)cc1C(=O)N1CCN(c2ccc(C(F)(F)F)cn2)CC1,train
SP01211,Cc1oc(C(C)(C)C)cc1C(=O)N1CCN(c2ncccc2C(F)(F)F)CC1,train
SP01212,Cc1oc(C(C)(C)C)cc1C(=O)N1CCN(c2ccc(C(F)(F)F)cn2)CC1,train
SP01293,Cc1onc(-c2c(Cl)cccc2Cl)c1C(=O)Nc1ccc2[nH]cc(C#N)c2c1,train
SP01303,O=C(NCc1ccc2c(c1)CCO2)c1ccc(Cl)c(Cl)c1,test
SP01304,Cc1onc(-c2c(Cl)cccc2Cl)c1C(=O)NCc1ccc2c(c1)CCO2,train
SPB00047,Cc1onc(-c2c(Cl)cccc2Cl)c1N(C)C(=O)N1CCOCC1,train
SPB00060,Cc1onc(-c2c(Cl)cccc2Cl)c1NC(=O)N(C)C,train
SPB00061,CCN(CC)C(=O)Nc1c(-c2c(Cl)cccc2Cl)noc1C,train
SPB00062,Cc1onc(-c2c(Cl)cccc2Cl)c1NC(=O)NC(C)C,test
SPB00063,Cc1onc(-c2c(Cl)cccc2Cl)c1NC(=O)N1CCCCC1,train
SPB00064,Cc1onc(-c2c(Cl)cccc2Cl)c1NC(=O)N1CCOCC1,train
SPB00065,CCN(C(=O)Nc1c(-c2c(Cl)cccc2Cl)noc1C)c1ccccc1,train
SPB00066,Cc1onc(-c2c(Cl)cccc2Cl)c1NC(=O)N(C)C1CCCCC1,train
SPB00068,Cc1onc(-c2c(Cl)cccc2Cl)c1NC(=O)NC(C)(C)C,test
SPB00070,Cc1onc(-c2c(Cl)cccc2Cl)c1N(C)C(=O)N1CCCCC1,train
SPB00072,Cc1onc(-c2c(Cl)cccc2Cl)c1C(=O)N(C(C)C)C(C)C,train
SPB00097,Cc1onc(-c2c(Cl)cccc2Cl)c1COC(=O)Nc1ccc(Cl)cc1,train
SPB01100,CSc1cc(-c2cccs2)[nH]c(=O)c1C#N,train
SPB01136,CSc1cc(-c2ccc(Cl)cc2)[nH]c(=O)c1C#N,test
SPB01137,CSc1cc(-c2ccco2)[nH]c(=O)c1C#N,train
SPB01582,COCc1cc(=O)[nH]c(COc2ccc(Cl)cc2)n1,train
SPB02201,COC(=O)c1c(C)noc1-c1ccc(Cl)cc1,train
SPB02206,Cc1noc(-c2ccc(Cl)cc2)c1C(=O)NN,train
SPB02211,Cc1noc(-c2ccc(C(F)(F)F)cc2)c1C(=O)NN,train
SPB02276,Cc1noc(-c2ccc(C(F)(F)F)cc2)c1NC(=O)Nc1ccc(Cl)cc1,train
SPB02277,Cc1noc(-c2ccc(C(F)(F)F)cc2)c1NC(=O)Nc1cc(Cl)cc(Cl)c1,train
SPB02280,Cc1noc(-c2ccc(Cl)cc2)c1NC(=O)NN1CCCCC1,train
SPB02289,Cc1noc(-c2ccc(Cl)cc2)c1C(=O)Nc1ccccc1Cl,train
SPB02291,Cc1ccc(NC(=O)c2c(C)noc2-c2ccc(Cl)cc2)cc1,train
SPB02327,Cc1noc(-c2ccc(Cl)cc2)c1C(=O)ON=Cc1ccc(Cl)cc1,train
SPB02359,COC(=O)c1c(C)noc1-c1cc(Cl)cc(Cl)c1,train
SPB02369,Cc1noc(-c2ccc(Cl)cc2)c1C(=O)ON=C(N)c1ccc(Cl)cc1,train
SPB02370,Cc1noc(-c2ccc(Cl)cc2)c1C(=O)ON=C(N)c1ccc(C(F)(F)F)cc1,train
SPB02371,Cc1noc(-c2ccc(Cl)cc2)c1C(=O)ON=C(N)c1ccc(C(C)(C)C)cc1,test
SPB02372,Cc1noc(-c2ccc(Cl)cc2)c1C(=O)Sc1cccc(Cl)c1Cl,train
SPB02670,S=c1[nH]cc(-c2ccc(Cl)cc2)o1,train
SPB02820,O=c1ccn(-c2ccc(F)cc2)nc1-c1cc[nH]n1,test_scaffolds
SPB02821,CCCCNC(=O)n1ccc(-c2nn(-c3ccc(F)cc3)ccc2=O)n1,test_scaffolds
SPB02884,FC(F)(F)c1cccc(CSc2nnc(SCc3cc(-c4c(Cl)cccc4Cl)no3)s2)c1,train
SPB02985,Cc1c(C(=O)Oc2ccc(Cl)cc2)n(C)oc1=O,train
SPB02986,Cc1c(C(=O)Oc2cc(Cl)cc(Cl)c2)n(C)oc1=O,train
SPB03211,Cc1cc(-c2onc(C)c2C(=O)Nc2ccc(Cl)cc2)no1,train
SPB03213,Cc1cc(-c2onc(C)c2C(=O)Nc2cccc(Cl)c2)no1,train
SPB03214,Cc1ccc(NC(=O)c2c(C)noc2-c2cc(C)on2)cc1,train
SPB03215,Cc1cc(-c2onc(C)c2C(=O)Nc2ccc(C(F)(F)F)cc2)no1,train
SPB03254,Cc1cc(-c2onc(C)c2C(=O)Sc2c(Cl)cccc2Cl)no1,train
SPB03255,Cc1ccc(SC(=O)c2c(C)noc2-c2cc(C)on2)cc1,train
SPB03399,Cc1nnsc1-c1onc(C)c1C(=O)ON=Cc1ccc(Cl)cc1,train
SPB03404,Cc1nnsc1-c1onc(C)c1C(=O)ON=Cc1cccc(Cl)c1,train
SPB03478,FC(F)(F)Oc1ccc(-c2nnc(-c3cnccc3C(F)(F)F)o2)cc1,train
SPB03502,FC(F)(F)Oc1ccc(-c2nnc(-c3cccnc3)o2)cc1,test
SPB03503,FC(F)(F)Oc1ccc(-c2nnc(-c3ccncc3)o2)cc1,train
SPB03505,FC(F)(F)Oc1ccccc1-c1nnc(-c2cccnc2)o1,train
SPB03905,Cc1onc(-c2c(Cl)cccc2Cl)c1C(=O)Sc1ncccc1C(F)(F)F,train
SPB03906,Cc1onc(-c2c(Cl)cccc2Cl)c1C(=O)Sc1ccc(C(F)(F)F)cn1,train
SPB04025,Cc1nccc(-c2nn(-c3ccc(F)cc3)ccc2=O)n1,train
SPB04026,CC(C)(C)c1nccc(-c2nn(-c3ccc(F)cc3)ccc2=O)n1,train
SPB04127,Cc1cc(C(N)=NOC(=O)c2ccc(Cl)cc2)no1,test
SPB04134,Cc1cc(C(N)=NOC(=O)c2ccccc2Cl)no1,train
SPB04135,Cc1cc(C(N)=NOC(=O)c2cccc(Cl)c2)no1,train
SPB04174,Cc1onc(-c2c(Cl)cccc2Cl)c1C(=O)N1CC2(C)CC1CC(C)(C)C2,train
SPB04302,O=C(Nc1ccc(Cl)cc1)c1cc(-c2cccs2)on1,test
SPB04366,Cc1ccc(C(=O)n2nc(C)c(Sc3ncccn3)c2C)cc1,train
SPB04590,COC(=O)c1c(-c2c(Cl)cccc2Cl)noc1C=CN(C)C,train
SPB04818,CC(=NOC(=O)Nc1ccc(Cl)cc1)c1cc(-c2ccccc2)no1,train
SPB04829,CC(=NOC(=O)c1ccc(Cl)cc1)c1cc(-c2ccccc2)no1,train
SPB04833,CC(=NOC(=O)c1ccc(C(F)(F)F)cc1)c1cc(-c2ccccc2)no1,test
SPB04834,CC(=NOC(=O)c1cc(Cl)cc(Cl)c1)c1cc(-c2ccccc2)no1,train
SPB04879,CC(O)c1cc(-c2ccc(Cl)cc2Cl)no1,test
SPB04949,Cc1ccc(-c2cc(C(C)O)on2)cc1C,train
SPB04950,CC(O)c1cc(-c2ccc(Cl)c(Cl)c2)no1,train
SPB04952,CC(=O)c1cc(-c2ccc(Cl)c(Cl)c2)no1,train
SPB04957,CC(=O)c1c(-c2ccc(Cl)cc2)noc1C,train
SPB05001,CC(=O)c1c(-c2ccc(Cl)cc2Cl)noc1C,test
SPB05038,CN(C)C=CC(=O)c1cc(-c2ccc(Cl)cc2Cl)no1,train
SPB05039,CN(C)C=CC(=O)c1cc(-c2ccc(Cl)cc2)no1,train
SPB05060,CN(C)C=CC(=O)c1cc(-c2ccccc2Cl)no1,train
SPB05134,Cc1onc(-c2ccc(Cl)cc2)c1-c1cc[nH]c(=S)n1,train
SPB05183,Cc1onc(-c2ccc(Cl)cc2Cl)c1C(=O)C=CN(C)C,train
SPB05194,CSc1nccc(-c2c(-c3ccc(Cl)cc3)noc2C)n1,train
SPB05209,Cc1cc(-c2c(C(=O)N3CCOCC3)c(C)nn2-c2cccc(C(F)(F)F)c2)no1,train
SPB05214,Cc1cc(-c2c(C(=O)N3CCOCC3)c(C)nn2-c2ccccc2)no1,train
SPB05216,Cc1cc(-c2c(C(=O)NN3CCOCC3)c(C)nn2-c2ccccc2)no1,train
SPB05221,CNC(=O)c1c(C)nn(-c2ccc(F)c(Cl)c2)c1-c1cc(C)on1,train
SPB05243,CC(=O)c1cc(-c2cccc(C(F)(F)F)c2)no1,train
SPB05244,CN(C)C=CC(=O)c1cc(-c2cccc(C(F)(F)F)c2)no1,train
SPB05643,CC(=O)c1c(-c2cccc(Cl)c2Cl)noc1C,train
SPB05654,CC(=O)c1cc(-c2ccc(Cl)cc2)no1,train
SPB05951,Cc1onc(-c2c(Cl)cccc2Cl)c1C(=O)N1CCC(C(F)(F)F)CC1,train
SPB06061,Cc1cc(-c2onc(C)c2C(=O)Sc2ccccc2)no1,train
SPB06110,O=C(CCn1cccc(C(F)(F)F)c1=O)Sc1ccccc1,train
SPB06111,Cc1ccc(SC(=O)CCn2cccc(C(F)(F)F)c2=O)cc1,train
SPB06193,COC(=O)c1c(-c2c(Cl)cccc2Cl)noc1C,train
SPB06409,Cc1ccc(SC(=O)CCn2cc(C(F)(F)F)ccc2=O)cc1,train
SPB06492,O=C(Oc1cc(Cl)cc(Cl)c1)c1cccc(C(F)(F)F)n1,test_scaffolds
SPB06577,Cc1ccc(Cn2c(C)cc(C)c(C#N)c2=O)cc1,train
SPB06578,Cc1cc(C)n(Cc2ccccc2)c(=O)c1C#N,train
SPB06579,Cc1cc(C)n(Cc2ccc(Cl)cc2)c(=O)c1C#N,train
SPB06580,Cc1cc(C)n(Cc2ccccc2F)c(=O)c1C#N,train
SPB06671,Cc1onc(-c2c(Cl)cccc2Cl)c1C(=O)N=C(N)c1ccccc1,train
SPB06672,Cc1onc(-c2c(Cl)cccc2Cl)c1C(=O)N=C(N)c1ccc(Cl)cc1,train
SPB06673,Cc1onc(-c2ccccc2)c1C(=O)N=C(N)c1ccc(Cl)cc1,test
SPB06685,Cc1cc(C(=O)ON=C(N)c2c(-c3c(Cl)cccc3Cl)noc2C)no1,train
SPB06693,Cc1ccccc1NC(=O)c1cccc(Cn2cc(C(F)(F)F)ccc2=O)c1,train
SPB06695,O=C(Sc1ccccc1)c1cccc(Cn2cc(C(F)(F)F)ccc2=O)c1,train
SPB06698,O=C(Sc1cccc(C(F)(F)F)c1)c1cccc(Cn2cc(C(F)(F)F)ccc2=O)c1,train
SPB06704,Cc1ccc(C(N)=NOC(=O)c2cccc(Cn3cc(C(F)(F)F)ccc3=O)c2)cc1,train
SPB06766,NC(COc1cccc(Cl)c1)=NOC(=O)CCn1cc(C(F)(F)F)ccc1=O,train
SPB07214,CCOC(=O)c1[nH]c(COc2ccccc2Cl)nc(=O)c1C,train
SPB07603,CCOC(=O)c1cc(C)n(Cc2cccc(C(F)(F)F)c2)n1,train
SPB07716,Cc1c(C#N)c(=O)[nH]c2ccccc12,train
SPB07780,Cc1ccc(Cn2nc(C(=O)ON=C(N)c3cccc(C(F)(F)F)c3)cc2C)cc1,test_scaffolds
SPB07834,N#Cc1ccc(-c2cccnc2)[nH]c1=O,test_scaffolds
SPB07835,N#Cc1ccc(-c2ccncc2)[nH]c1=O,train
SPB07843,N#Cc1ccc(-c2ccco2)[nH]c1=O,train
SPB07983,CC(=O)c1c(-c2c(Cl)cccc2Cl)noc1C,train
SPB07990,CC(=O)c1cc(-c2c(Cl)cccc2Cl)no1,train
SPB08109,CCOC(=O)c1cc(C(C)(C)C)nn1Cc1c(C)cc(C)cc1C,train
SPB08188,COc1ccc(OCCNC(=O)c2c(F)cccc2Cl)cc1,train
SPB08260,Cc1cc(C)c(Cn2nc(C(C)(C)C)cc2C(=O)Nc2cccc(C(F)(F)F)c2)c(C)c1,train
SPB08263,Cc1cc(C)c(Cn2nc(C(C)(C)C)cc2C(=O)NN2CCOCC2)c(C)c1,test_scaffolds
SPB08277,Cc1onc(-c2c(Cl)cccc2Cl)c1-c1csc(-c2ccccn2)n1,train
SPB08283,Cc1onc(-c2c(Cl)cccc2Cl)c1-c1csc(-c2cnccc2C(F)(F)F)n1,train
SPB08321,Cc1onc(-c2c(Cl)cccc2Cl)c1C(=O)N1CCN(c2ccc(C#N)cc2)CC1,test_scaffolds
SPB08331,Cc1cc(C)c(Cn2nc(C(C)(C)C)cc2C(=O)Oc2ccc(Cl)c(C)c2)c(C)c1,train
SPB08387,COc1ccc(NC(=O)c2c(-c3c(Cl)cccc3Cl)noc2C)cn1,test
XBX00250,COC(=O)c1cc(=O)c2c(C(C)=O)c(OCc3ccccc3)ccc2[nH]1,train
XBX00298,O=c1cc(-c2ccccc2)c2ccccc2[nH]1,train
